id,ExtraCol2,ExtraCol3,ExtraCol4,ExtraCol5,ExtraCol6,ExtraCol7,ExtraCol8,ExtraCol9,ExtraCol10,ExtraCol11,ExtraCol12,ExtraCol13,ExtraCol14,ExtraCol15,ExtraCol16,ExtraCol17
1,,,27,,high,57,C,low,90,Z,high,303,X,high,475,Y
2,,,,,low,62,D,,97,X,high,388,Z,high,412,
3,,medium,26,D,unknown,65,D,high,51,Z,low,262,X,high,49,X
4,D,high,,C,high,19,,,59,Y,low,72,Z,medium,343,Y
5,D,low,17,A,,57,C,low,19,X,medium,,Y,high,332,
6,C,,18,C,medium,26,C,,41,X,low,,Z,high,442,Z
7,B,,92,D,medium,27,,,62,X,high,58,X,low,482,X
8,,medium,55,A,low,94,D,low,42,,low,63,Y,high,372,X
9,A,,4,B,,,A,,,,medium,173,X,low,,Z
10,B,unknown,,D,,,C,,13,Y,low,227,Z,high,176,Z
11,,high,,B,unknown,,B,,15,Y,high,,Y,low,449,X
12,C,high,,D,,24,A,high,33,X,low,79,X,high,471,
13,B,low,54,C,high,78,,,,Z,medium,466,Z,high,495,X
14,,,64,C,medium,,A,,81,Y,high,75,Z,high,477,Y
15,C,,,C,medium,71,,,86,Z,medium,100,Z,high,320,Y
16,,unknown,81,C,,,,unknown,,X,low,483,Z,medium,478,Y
17,D,high,,,medium,,,,,Z,low,188,X,high,391,X
18,C,unknown,96,D,unknown,72,A,,,Z,medium,286,Y,low,120,X
19,C,,,B,low,33,D,unknown,53,Y,low,217,Z,,15,Y
20,D,low,32,,low,96,A,medium,70,Z,medium,129,Y,low,490,Y
21,,low,72,C,unknown,86,B,,72,Y,medium,253,Y,low,213,X
22,D,high,89,C,unknown,59,B,,96,Z,medium,388,Z,,436,Y
23,B,,,B,unknown,,C,,57,Z,high,5,Y,medium,144,Y
24,A,medium,98,B,medium,59,B,high,34,X,high,437,X,low,180,Y
25,,,19,C,medium,69,,,,Z,low,92,X,,412,Z
26,A,high,41,,low,,D,low,,Z,high,458,Z,high,262,Z
27,A,medium,31,B,medium,14,D,low,80,X,high,481,X,medium,338,X
28,,low,42,D,high,56,A,high,,Z,low,466,Y,low,160,Z
29,,high,,B,medium,80,D,,,Y,medium,325,Y,high,307,X
30,A,high,73,C,medium,31,A,unknown,31,Z,,452,,high,243,Y
31,D,,,A,,45,,unknown,5,,medium,429,X,low,465,Z
32,,,25,,,,D,high,,,medium,319,X,low,246,Z
33,B,medium,,D,high,70,A,,12,Y,high,445,Z,high,44,X
34,C,high,,,high,86,A,high,8,Y,medium,171,X,high,368,X
35,B,,65,D,high,,,medium,70,Y,high,417,X,high,476,X
36,C,,69,,unknown,,,high,43,X,medium,462,Z,,,X
37,D,medium,66,B,low,4,D,low,,Z,medium,,X,low,50,X
38,A,,60,D,medium,,C,unknown,,,low,61,Y,,499,
39,A,,,B,high,94,C,unknown,,X,low,107,X,medium,173,X
40,D,unknown,,,,8,D,medium,61,Y,medium,,Z,high,416,Y
41,C,low,90,A,unknown,,,medium,53,X,low,266,X,high,315,Z
42,C,unknown,38,B,,83,,medium,58,Y,high,216,Y,low,,Y
43,B,medium,51,B,low,,D,,70,Y,low,413,Y,low,170,X
44,,,18,,medium,17,,,38,X,low,141,Z,low,303,Y
45,C,low,35,A,medium,2,A,medium,,Z,high,82,X,low,341,Y
46,C,low,,D,unknown,,A,high,,Z,low,307,Y,,77,Z
47,A,unknown,64,A,medium,59,B,,14,Z,low,69,,low,387,
48,C,,21,,,84,A,medium,21,Y,low,452,X,high,71,X
49,C,,54,C,,88,,low,8,Y,high,40,X,medium,414,Z
50,A,,,A,medium,45,,high,,Z,high,245,Z,low,63,
51,B,unknown,12,,high,42,B,,43,Z,low,474,Y,,89,X
52,,medium,6,D,high,93,B,unknown,,Z,medium,276,Y,medium,,Y
53,,unknown,,D,,,,low,92,X,medium,404,,low,91,X
54,,unknown,65,A,medium,20,,,,Z,high,211,,low,38,Y
55,,unknown,31,C,low,,,medium,55,Y,medium,377,Z,medium,26,X
56,C,high,82,,low,71,B,high,,Z,medium,353,Z,low,143,X
57,B,,84,,,23,D,low,,Z,medium,256,Y,medium,245,Y
58,D,high,53,C,high,97,A,low,76,X,low,50,X,medium,22,X
59,,low,,C,,29,B,,90,X,medium,485,Y,low,68,X
60,D,,,C,unknown,,,,96,X,medium,,X,low,305,Y
61,,high,82,,,49,C,,38,Y,high,178,Z,,159,Y
62,B,unknown,89,,low,69,,,48,Z,medium,320,X,medium,,Z
63,,,,,high,90,D,unknown,,X,high,384,Z,low,420,X
64,C,high,51,C,,39,,,5,X,medium,267,Y,low,15,Y
65,A,,,A,high,,D,medium,11,Y,high,200,Y,low,474,X
66,B,,,A,medium,75,,,4,Y,high,203,,high,341,X
67,B,,13,C,unknown,,A,,73,X,low,487,X,high,411,X
68,A,unknown,67,,high,,,,22,Y,medium,166,,medium,239,Z
69,,medium,92,A,,75,A,low,,Z,high,427,Z,medium,0,Z
70,C,,75,,medium,70,,high,37,X,medium,25,X,low,442,Y
71,D,,48,D,unknown,,C,low,79,,high,329,X,low,284,Y
72,A,,52,C,high,,B,,11,X,medium,340,X,high,18,Z
73,B,,25,D,high,1,,medium,32,X,,337,Z,low,,Y
74,A,high,,D,medium,,,unknown,,Y,medium,210,Y,high,103,Y
75,,unknown,24,D,,,C,low,,X,medium,345,X,low,187,Y
76,,unknown,34,A,unknown,,A,,56,Y,low,222,,low,221,Y
77,,low,26,,medium,,A,,16,X,low,296,X,high,213,Y
78,,low,33,,low,30,,,66,Z,low,446,Z,high,434,Y
79,A,,36,A,medium,89,C,high,96,Y,high,336,Z,,471,X
80,C,,8,,,70,,low,4,X,medium,368,Y,low,339,Z
81,C,unknown,,,,56,,medium,8,X,medium,484,Z,medium,316,Z
82,D,low,44,,low,88,B,high,95,Y,medium,109,X,low,,Y
83,D,low,94,,low,9,C,unknown,,Y,medium,293,Y,low,133,Z
84,D,unknown,,A,medium,64,,unknown,91,,high,328,,medium,279,X
85,C,unknown,66,B,medium,15,D,,70,X,medium,,Z,low,321,Y
86,,low,,,low,23,A,medium,,Y,medium,66,Y,low,,Z
87,B,medium,,B,medium,18,D,,,Y,medium,380,Z,medium,,Z
88,A,,49,,,54,,,51,X,medium,97,Y,high,,Z
89,B,,44,A,low,62,C,,36,Y,medium,204,,low,29,Z
90,B,,65,,medium,75,A,medium,83,X,low,357,Z,medium,161,Y
91,A,,,B,,,C,unknown,4,Z,high,131,Z,high,407,
92,A,low,31,B,,93,,medium,,Z,medium,62,,high,,Y
93,C,medium,,D,,37,C,,55,X,medium,337,Y,medium,108,
94,B,high,18,,,,B,high,97,X,medium,140,Y,low,436,Z
95,,high,,,high,3,C,,99,X,medium,413,X,high,76,Y
96,B,,,,,12,C,medium,59,Z,high,449,Y,low,79,X
97,D,unknown,95,A,unknown,,B,high,42,Z,low,174,Z,,449,Z
98,C,unknown,,,,41,D,unknown,27,X,low,369,Z,medium,,X
99,A,,39,C,,,C,unknown,99,Y,high,,Y,low,0,Y
100,A,,,B,unknown,12,,unknown,,X,high,464,Y,low,216,X
101,C,high,80,B,,26,,high,12,Z,medium,122,Z,low,370,X
102,C,,48,B,low,98,D,,50,X,medium,440,X,high,378,X
103,B,medium,96,,unknown,2,B,high,39,X,medium,393,X,high,43,X
104,C,low,,B,,42,C,,49,Z,high,156,,high,140,X
105,,medium,70,,,19,A,unknown,,,medium,412,X,low,308,X
106,,,75,C,high,53,B,unknown,26,Y,high,316,Z,high,330,Z
107,A,unknown,,A,unknown,97,C,unknown,,Z,medium,334,X,medium,310,Z
108,B,unknown,,,low,22,D,high,,X,medium,189,X,high,168,X
109,,,58,C,low,37,C,,32,X,high,117,Y,medium,431,Y
110,D,low,,,unknown,44,,medium,0,Y,,348,Y,low,39,
111,D,low,11,,high,79,B,,67,Y,low,26,Z,low,411,Z
112,,medium,13,A,low,,C,unknown,85,,low,174,Z,low,469,Z
113,A,,,C,unknown,,,unknown,,Z,high,70,Y,high,342,Y
114,,unknown,65,B,,48,A,medium,16,Z,medium,0,X,medium,214,X
115,A,,28,C,medium,,A,,76,X,low,3,X,high,190,
116,,,73,A,medium,0,C,,14,Z,high,46,Z,,,Z
117,,,69,,high,80,D,low,62,X,high,469,Y,low,,X
118,,medium,,,low,24,,,70,Y,medium,385,Z,low,111,Y
119,A,,91,B,medium,,D,,15,Y,medium,494,Y,,317,Y
120,,high,88,,,97,,medium,11,Y,high,42,Z,low,,Z
121,C,low,,C,low,63,C,unknown,7,X,low,498,Y,high,248,Z
122,,medium,76,,unknown,,D,,70,Y,low,299,Z,medium,237,Y
123,D,high,,,low,60,,high,61,X,medium,397,Y,medium,38,Y
124,D,medium,40,A,unknown,21,,low,11,Z,medium,428,X,low,,Y
125,C,,,D,low,69,C,unknown,50,X,low,131,X,medium,477,Z
126,,,60,A,medium,61,C,,79,Y,low,370,X,medium,122,X
127,B,unknown,41,C,low,,,,23,X,high,323,Y,low,157,Z
128,D,low,99,,,7,B,,60,X,medium,206,Z,low,315,Z
129,,low,17,D,high,64,D,high,29,Y,high,245,Y,medium,1,X
130,,high,9,,low,,,unknown,,Z,medium,104,Z,,51,X
131,A,medium,2,A,high,77,A,,,Y,medium,92,X,high,450,Y
132,A,high,81,D,,12,B,,35,Z,medium,461,Y,medium,86,Z
133,,low,40,C,medium,53,,high,49,Z,medium,365,,low,288,Y
134,,,43,,low,81,B,unknown,20,Y,high,283,X,high,441,X
135,B,unknown,64,C,high,89,,medium,39,Z,high,347,Y,medium,366,Y
136,D,,,A,,93,,,62,Y,high,202,Y,high,135,Y
137,A,medium,57,C,low,,,,38,Y,high,124,Y,low,76,Z
138,C,,5,,,,B,low,,Z,low,471,Y,low,358,
139,B,high,,B,medium,57,C,,,Y,medium,494,X,low,202,X
140,A,low,,,low,46,D,,13,Z,high,107,Z,high,483,
141,D,,45,B,unknown,23,,medium,,X,medium,400,X,low,322,X
142,A,,16,,high,,C,low,46,Y,medium,221,Z,high,5,X
143,,unknown,,,unknown,14,A,,60,Y,low,353,Z,high,125,
144,,,33,D,medium,,A,unknown,73,X,low,54,X,medium,372,X
145,D,medium,27,,,,,low,,Z,high,239,X,high,350,X
146,A,unknown,29,A,,,A,,97,X,low,62,Y,high,370,Z
147,,,72,A,low,10,,low,42,X,medium,407,Z,high,116,Y
148,C,,10,B,medium,26,B,,88,X,medium,199,Y,high,124,Z
149,D,unknown,30,D,unknown,,D,high,41,Z,high,131,Y,medium,104,Y
150,A,low,46,B,medium,,,low,40,X,high,349,Z,low,347,X
151,D,,54,,unknown,44,B,high,60,X,medium,477,Y,low,5,Z
152,C,medium,88,B,medium,4,C,,19,Z,low,169,Z,medium,407,Y
153,D,unknown,,,medium,1,A,high,60,X,,358,Z,medium,140,Z
154,,low,,,,,D,unknown,,X,high,344,X,medium,244,X
155,D,unknown,53,,,44,C,,,X,medium,244,Y,low,123,Z
156,C,low,2,A,,7,C,unknown,7,Y,medium,402,X,medium,212,Z
157,,low,61,D,low,83,,low,69,X,high,63,,medium,382,
158,,high,15,D,medium,,D,low,3,Z,medium,438,X,high,99,Z
159,,high,7,A,high,34,D,medium,10,X,,202,X,high,284,Z
160,B,unknown,67,C,,45,A,medium,28,Y,medium,22,X,medium,28,Z
161,C,,,D,unknown,,C,low,,X,high,,Z,high,88,X
162,,low,,,,93,,medium,0,X,medium,386,Y,low,342,Z
163,C,,10,B,high,78,B,unknown,,X,,408,Y,high,284,Z
164,D,,74,D,,19,,high,78,Z,medium,73,,high,305,Y
165,,,76,C,medium,73,,high,45,Z,high,375,Z,low,112,Y
166,A,,,,,17,B,low,19,X,high,349,Y,,103,X
167,,unknown,83,A,high,45,C,low,42,X,high,451,Y,medium,,Y
168,B,unknown,43,C,low,,,medium,69,Z,high,185,Y,low,64,Z
169,C,high,18,,unknown,3,A,,73,Y,high,463,Y,medium,,Z
170,,,,,,,A,unknown,,X,medium,353,,high,133,X
171,B,high,21,A,medium,22,,,16,X,medium,,X,high,359,X
172,B,high,20,B,medium,,A,,95,Y,medium,106,X,,78,X
173,B,high,32,D,unknown,49,D,medium,,Y,high,451,X,medium,325,Y
174,D,high,,,medium,2,C,high,98,Y,medium,322,Y,medium,101,X
175,B,medium,,B,medium,,,low,,X,low,59,Z,high,140,Z
176,,high,,,low,,B,,11,Y,low,62,Y,medium,206,Z
177,B,unknown,62,B,medium,95,B,,,X,,413,X,medium,,X
178,A,unknown,33,C,low,,,,32,Y,medium,84,Y,high,62,Z
179,B,high,,B,,19,,unknown,,X,high,109,Z,medium,376,Z
180,A,low,51,,unknown,60,,,71,X,high,307,Y,low,172,Z
181,A,,,C,,36,,high,,Z,high,431,X,low,283,Z
182,,medium,43,D,unknown,60,A,,58,Y,high,168,X,,323,Y
183,A,low,29,B,unknown,,C,unknown,,Y,low,332,Y,medium,311,Z
184,,,,,,29,C,low,61,X,high,351,Z,medium,313,X
185,D,high,,A,high,65,C,unknown,39,X,high,300,X,low,487,Z
186,C,unknown,,D,high,26,B,unknown,,Z,high,342,Z,high,315,Y
187,B,,,,medium,90,A,,71,Z,,,Z,low,174,Z
188,A,,47,A,,94,B,unknown,29,Y,low,310,X,low,,Z
189,D,,,A,medium,,B,high,19,X,high,1,,high,400,Y
190,D,high,,A,low,72,,,70,Y,low,365,X,low,210,X
191,C,,90,B,high,,D,low,,X,high,396,Y,high,,X
192,A,unknown,67,D,low,,B,low,44,X,high,396,X,high,407,Z
193,,unknown,,A,,73,,low,,X,high,14,Z,high,117,Z
194,,unknown,96,D,,93,C,low,18,Y,medium,455,X,high,111,Y
195,A,medium,71,,high,22,D,unknown,81,Y,high,217,Y,medium,26,Z
196,D,,5,C,medium,,B,low,98,Y,high,40,Z,medium,,Z
197,A,,72,B,medium,,,,,Z,high,267,X,medium,308,Y
198,,unknown,,D,low,33,A,,14,X,medium,285,X,medium,251,Z
199,D,,,,medium,23,C,,,X,medium,201,Z,high,148,Z
200,D,,48,B,high,,A,unknown,86,Z,high,374,X,medium,105,Y
201,A,low,51,A,,33,A,unknown,8,X,low,271,,medium,347,X
202,,,31,D,medium,72,,,,X,low,108,X,high,42,Z
203,C,low,,B,,37,,unknown,,Z,medium,310,X,low,350,Y
204,C,unknown,61,B,high,37,A,,3,,medium,131,Y,medium,452,Y
205,,high,,C,high,94,,low,,,high,59,Y,high,227,Z
206,D,medium,89,C,low,,D,,7,Z,high,133,Y,high,247,Z
207,D,high,77,C,high,92,C,medium,17,Y,low,452,Z,low,,X
208,,high,60,B,low,71,,high,48,X,,286,X,low,47,Z
209,,high,,A,medium,,D,unknown,,Z,high,158,Y,low,313,X
210,C,high,33,,high,,B,,,X,medium,183,,high,182,Y
211,A,,76,A,,93,D,low,,Z,low,429,Z,low,234,Z
212,,medium,31,,high,94,,medium,20,Y,medium,333,Y,low,11,X
213,A,,26,,unknown,4,,,87,Z,high,386,Z,medium,438,X
214,D,,86,C,,35,A,unknown,,Z,medium,305,X,high,166,Z
215,,,,D,unknown,41,,,,Z,medium,496,Y,low,37,Y
216,A,low,,A,,,A,,72,X,medium,328,X,low,,Z
217,A,unknown,86,D,medium,77,A,low,48,Z,high,200,X,low,489,Y
218,A,low,,D,unknown,69,,,41,X,medium,126,Z,low,259,
219,C,low,,C,medium,21,D,unknown,75,X,high,23,Z,low,16,Y
220,B,,52,C,low,,,low,,Y,high,383,X,low,495,Z
221,D,low,,,,,,,82,X,medium,466,Y,medium,104,Y
222,B,medium,,A,,44,D,,68,Y,medium,332,Z,low,,
223,,medium,,,,,A,low,76,X,high,243,X,medium,354,Y
224,C,,,,,,,low,42,Y,low,65,Z,medium,165,Y
225,C,,79,,high,92,,medium,38,Y,low,321,X,medium,42,Y
226,,high,59,A,low,90,D,high,57,Y,low,,Y,medium,341,Y
227,,low,,A,high,1,,high,64,,,311,Z,medium,131,Z
228,C,high,40,A,high,,C,high,92,Z,high,150,Z,high,430,X
229,,high,38,C,unknown,,A,,85,X,high,432,X,low,76,Y
230,,high,42,C,,82,C,medium,5,Z,low,468,X,medium,453,
231,,high,99,,,80,C,medium,15,Y,low,117,X,medium,361,Z
232,C,,,A,low,,D,medium,94,Y,low,163,Y,medium,119,Y
233,D,,15,A,high,6,,,,Y,low,,X,low,289,Y
234,C,,4,A,unknown,,A,low,,X,,9,Z,low,469,X
235,,high,51,,low,,A,,5,Z,medium,258,X,high,32,Y
236,,unknown,80,,medium,,D,unknown,,X,high,70,Y,high,409,X
237,B,high,,B,,8,A,,40,Z,low,216,Z,medium,230,X
238,A,low,56,,,,D,,,X,high,16,Y,low,474,Z
239,A,medium,79,B,,43,B,medium,77,Z,high,70,Y,medium,104,Y
240,,high,51,D,medium,76,,high,89,Y,low,201,X,low,359,Z
241,,low,90,,medium,31,D,high,,Y,low,,Z,low,483,X
242,,unknown,63,,unknown,,C,,,Z,medium,398,,low,171,Z
243,B,unknown,73,B,,,C,low,54,X,high,289,Z,low,53,Y
244,C,unknown,78,A,low,,D,,54,Y,high,225,X,low,196,X
245,D,low,62,D,unknown,29,D,high,3,Z,high,236,Y,low,299,Y
246,D,high,5,,medium,25,C,low,,X,low,419,Z,medium,315,Z
247,B,high,42,,unknown,,B,high,,X,high,422,Z,high,240,Z
248,B,high,14,A,,28,D,,,Y,high,23,,low,466,
249,,unknown,51,B,,68,C,,,X,,342,Z,low,289,Z
250,A,,,,low,,,high,44,Z,low,234,X,low,320,X
251,C,high,,C,unknown,,,,,Z,low,391,Z,medium,478,X
252,B,high,,A,high,,C,,,X,low,393,Y,high,469,Z
253,,,2,C,medium,,B,low,70,X,high,354,,low,170,Y
254,C,unknown,,D,unknown,58,D,medium,63,Z,low,337,Y,low,143,Y
255,B,,50,D,unknown,,,high,10,Y,high,105,Y,low,374,Z
256,,unknown,7,,,25,,medium,29,Z,low,426,Z,medium,262,Z
257,C,low,,,,98,C,unknown,84,Z,high,350,Z,medium,223,Z
258,A,,75,C,high,20,C,unknown,,Y,high,136,Z,medium,349,
259,,high,70,A,medium,13,C,unknown,,X,medium,116,X,low,330,Z
260,A,low,17,A,,82,D,low,52,Y,medium,250,Y,high,456,X
261,B,medium,,D,,89,B,,11,Y,low,171,Z,medium,182,
262,D,,63,,,9,D,low,12,Y,low,338,,high,,Y
263,A,high,39,,,59,,high,98,X,high,203,Y,high,113,Y
264,,low,0,,,,A,medium,3,X,high,84,Z,low,468,X
265,C,medium,,,,22,C,,2,,high,197,Y,low,41,Z
266,D,,79,C,medium,,A,,1,Y,medium,407,X,high,375,X
267,,high,3,C,low,68,D,low,62,Y,low,415,Z,high,50,Y
268,C,medium,,D,unknown,57,,high,,X,low,155,Y,medium,440,X
269,D,high,38,D,high,51,,high,,Z,high,397,Y,low,479,Z
270,,high,,A,high,88,C,high,79,Z,low,46,X,low,408,X
271,A,,47,,low,,B,medium,71,Z,low,492,X,high,394,Z
272,D,,42,A,low,62,B,,,Z,low,382,Y,high,239,Z
273,A,unknown,,B,low,31,D,,7,Y,medium,20,Z,,122,Y
274,C,low,5,B,,97,,,48,X,high,352,X,,492,X
275,B,,3,D,unknown,25,D,unknown,8,Y,medium,247,Z,low,264,X
276,C,low,9,,medium,,B,medium,11,Y,high,441,Z,low,408,Y
277,,low,69,,high,63,,low,46,Z,medium,119,,medium,357,Y
278,,,78,,,,C,unknown,,X,high,446,Z,medium,350,Y
279,C,,,B,unknown,75,A,medium,99,X,,435,Z,,176,X
280,,high,7,,medium,24,A,low,,X,medium,139,Z,low,213,
281,B,medium,41,,medium,26,,low,27,X,low,216,,high,,X
282,,,98,,,34,,medium,32,Y,high,320,Z,medium,,Y
283,D,medium,,D,low,68,A,low,,X,medium,120,Z,,359,X
284,A,low,,A,unknown,39,C,,,X,low,499,X,high,99,Y
285,B,medium,53,C,,56,A,high,51,Y,low,,Y,medium,113,Y
286,C,high,,B,medium,55,D,,76,Z,medium,121,,medium,24,Z
287,,high,,,high,19,D,,84,Y,medium,250,Y,low,,Y
288,D,medium,47,C,high,23,,low,5,X,low,236,X,high,334,X
289,B,,,,,30,A,unknown,28,X,medium,25,Z,high,105,X
290,D,high,,,high,,B,,25,Z,,455,,low,355,Z
291,,,,D,unknown,,,,55,Y,high,120,Z,high,1,Z
292,C,medium,5,,,,,high,,Y,low,51,X,high,433,X
293,C,,0,,,,C,,,Z,,259,X,medium,345,Z
294,A,unknown,41,A,,67,C,,91,Y,high,464,Y,high,341,Y
295,A,,,D,,,C,unknown,33,Y,low,1,X,medium,353,
296,,,,,unknown,68,,high,,Z,low,244,Y,,179,Y
297,C,,7,B,medium,,A,medium,43,X,,455,Y,low,497,Z
298,,high,67,D,,,,unknown,,Y,high,446,X,low,,X
299,A,high,45,,high,89,,medium,88,Y,high,85,Z,medium,90,Z
300,,,23,,,20,D,,,X,medium,,X,low,461,X
301,D,unknown,20,D,medium,16,C,low,33,,high,417,Z,high,369,Z
302,,unknown,66,D,unknown,39,B,low,,Z,medium,335,X,low,155,X
303,B,unknown,52,B,unknown,83,C,unknown,38,X,high,328,Y,high,473,X
304,,unknown,,B,medium,96,C,,,Y,high,386,Z,medium,124,X
305,D,unknown,28,,medium,,,,30,Y,high,226,X,high,322,Z
306,B,,52,A,,,B,,10,X,medium,33,Z,high,335,Y
307,B,low,86,C,,23,C,,,X,medium,319,X,high,481,Z
308,C,,31,,medium,59,A,,65,,low,313,Z,medium,285,X
309,A,low,39,D,,18,A,high,93,Z,high,425,Z,high,497,Z
310,D,low,16,,low,53,A,,0,Y,low,461,X,low,142,Z
311,D,unknown,,C,,,,medium,63,Y,medium,168,Y,medium,400,Y
312,,unknown,3,C,medium,7,A,low,56,Y,medium,478,Z,low,122,Z
313,C,high,24,C,unknown,96,B,unknown,62,Z,,4,X,low,499,X
314,C,high,,A,unknown,89,,unknown,98,Z,high,484,X,medium,381,X
315,,,1,B,unknown,,B,medium,39,X,high,,X,low,312,X
316,D,,98,,,62,A,,,Y,high,322,,medium,33,X
317,,unknown,40,B,,,D,low,1,Y,,341,Z,medium,,Z
318,,medium,,D,high,57,B,,,X,medium,316,Y,,72,Y
319,C,high,53,,unknown,,A,,17,,medium,495,Y,medium,458,Y
320,,,,B,low,53,,,,X,high,276,Z,high,189,Z
321,D,low,,,high,,,low,,Z,medium,65,X,medium,415,Z
322,D,,88,A,low,39,,,27,X,medium,303,Z,low,453,Y
323,C,,,B,,84,,low,11,Y,low,145,X,medium,55,Y
324,B,,,B,medium,25,,high,,Z,medium,306,X,medium,379,X
325,B,medium,70,D,high,96,B,high,65,Y,medium,190,,high,151,Z
326,B,high,30,,unknown,75,,,28,X,low,21,Y,medium,54,Z
327,C,unknown,99,A,low,89,B,low,13,X,high,318,Y,low,130,Y
328,,high,25,,high,50,,medium,57,Y,high,44,X,low,274,Y
329,C,medium,29,,low,22,A,low,,Z,high,163,Y,low,,Z
330,D,medium,71,A,low,3,D,high,,Y,low,309,Z,medium,345,Y
331,,high,78,C,,53,,low,38,X,low,440,X,,116,Y
332,C,medium,12,C,high,39,D,high,,Z,low,157,X,high,147,Z
333,,high,55,,low,11,C,unknown,24,Y,high,149,X,low,152,
334,C,,,B,medium,,D,high,28,X,high,150,Y,medium,368,Z
335,,,61,,,97,,,14,Y,medium,287,Z,low,259,X
336,,unknown,55,,medium,,D,,,X,low,96,X,high,11,
337,,medium,,B,unknown,,C,,14,Z,medium,,Z,medium,38,Y
338,,medium,,,,,D,,68,Z,high,400,Z,medium,37,X
339,,high,65,,,,,,,X,medium,,Y,medium,480,Z
340,,,67,D,,62,,unknown,,Y,low,482,Z,low,252,Y
341,,unknown,,C,high,41,C,unknown,,X,,265,,low,245,Z
342,,low,,,medium,,A,medium,63,Y,high,313,Z,high,380,
343,B,unknown,72,B,,18,,medium,75,X,high,308,Y,low,95,Y
344,C,,77,,medium,66,A,low,56,Z,medium,472,X,high,15,Y
345,A,,12,B,low,98,A,,,X,high,332,Z,low,,Y
346,C,high,88,,low,85,,high,25,Z,low,441,Y,low,,
347,,unknown,,,medium,4,,,,X,high,142,X,high,399,X
348,,low,,C,unknown,11,A,medium,,X,low,108,Z,high,409,Y
349,,high,48,,low,62,B,low,,Z,medium,321,Y,high,317,
350,B,low,48,,,92,B,low,49,Z,medium,76,Z,high,454,
351,A,low,91,,medium,84,C,,90,X,high,55,Z,medium,232,Y
352,B,unknown,96,A,high,90,,low,27,X,low,105,X,low,120,Z
353,C,high,80,A,low,14,C,,51,Z,low,135,Z,medium,165,X
354,A,medium,65,B,low,51,B,,,Z,high,48,,medium,70,Z
355,C,high,10,B,low,72,D,,63,Y,medium,364,Z,high,450,Y
356,A,medium,91,C,medium,62,B,,,X,high,291,X,,302,
357,D,medium,13,A,,77,B,high,41,X,medium,100,Z,low,386,Z
358,C,medium,16,B,unknown,21,A,medium,0,X,medium,141,Z,medium,140,X
359,B,medium,6,D,,45,D,,,Z,high,464,Z,high,359,X
360,C,unknown,94,D,,44,,low,,X,high,,Y,high,165,Y
361,A,medium,,D,,93,B,high,,Y,,61,Z,medium,223,Z
362,A,medium,,,,20,B,unknown,,Z,high,306,,medium,325,X
363,D,high,8,A,medium,32,D,high,14,X,low,161,X,medium,490,Y
364,D,unknown,41,,medium,,,medium,,,low,179,Z,medium,279,X
365,,medium,72,A,high,15,A,high,79,Z,high,299,Y,medium,355,X
366,B,unknown,99,,,,A,unknown,45,X,medium,492,X,low,297,Z
367,A,medium,,,medium,84,C,low,5,X,low,291,Y,medium,211,X
368,,high,60,D,medium,,A,high,6,X,low,476,X,medium,466,Y
369,B,unknown,83,C,high,70,,low,67,X,medium,410,Y,,,
370,,,90,B,high,59,A,,,X,medium,389,Y,high,155,X
371,C,low,27,B,low,,D,unknown,,Z,high,395,Z,high,447,Z
372,A,high,,D,,30,D,medium,40,X,high,395,Z,low,225,Y
373,D,,51,D,high,99,,,49,X,high,127,Y,medium,369,
374,C,medium,93,C,high,,,medium,16,Z,medium,488,Z,medium,258,Z
375,,unknown,11,D,,71,B,low,,X,high,459,X,,383,Y
376,,,9,B,high,,,,76,X,high,300,Z,medium,435,Z
377,C,high,,B,high,,C,,42,X,high,355,X,,211,X
378,,high,67,D,medium,,,low,49,Z,medium,440,Z,high,350,X
379,A,low,17,B,high,84,C,low,,Z,low,76,Z,,253,X
380,,medium,89,D,medium,63,A,unknown,,,low,32,X,high,399,Y
381,B,high,10,B,medium,28,B,,98,Z,high,497,X,high,95,Z
382,D,low,,B,low,96,,unknown,81,X,high,277,Z,high,364,Z
383,B,medium,,A,medium,70,,high,,Y,high,361,Z,high,297,Y
384,,,,C,low,42,,,,Y,,251,Z,medium,225,X
385,A,unknown,,B,,13,,medium,72,X,medium,258,X,medium,,Y
386,B,low,84,B,medium,97,B,,33,Z,low,18,Y,medium,350,Y
387,B,unknown,10,C,high,,C,unknown,51,Y,low,144,Y,high,173,Y
388,A,medium,,A,unknown,,,low,14,Z,high,43,Z,medium,16,Z
389,B,high,61,,low,83,,,,X,low,216,Z,high,474,Y
390,,high,2,D,unknown,60,D,high,,Z,medium,10,Z,high,223,Z
391,A,,74,C,medium,,,unknown,72,X,high,401,Y,,82,Y
392,,unknown,,C,,23,A,unknown,60,X,medium,147,X,medium,112,X
393,C,low,75,,,7,A,low,,Y,high,370,Z,medium,414,X
394,D,low,,C,unknown,,,,50,X,medium,26,X,high,165,Z
395,C,unknown,19,B,low,,C,,,X,high,16,X,low,140,Y
396,A,high,,,,,,low,,Z,low,,X,low,243,X
397,,unknown,6,A,,16,A,,1,Y,medium,394,Y,low,14,X
398,B,medium,53,C,,57,C,,,Y,low,406,X,,280,X
399,B,,,C,high,12,A,low,,X,,272,,high,20,Z
400,A,low,,,medium,,A,,36,Z,high,306,X,high,417,X
401,D,medium,20,,medium,79,A,high,87,Z,medium,344,Z,medium,214,X
402,,low,76,D,,,C,unknown,64,Z,medium,336,Y,low,109,Y
403,C,unknown,69,,,94,B,low,60,Y,medium,370,X,medium,227,Y
404,,,,C,,31,B,,,Y,low,15,Z,high,87,X
405,D,unknown,,D,unknown,94,C,low,50,X,low,214,Y,low,160,X
406,A,low,6,,,78,A,high,70,X,,419,X,medium,65,
407,,low,44,A,unknown,33,,unknown,,X,low,219,Y,medium,334,X
408,B,,,B,unknown,,,unknown,60,Y,medium,73,,,488,Z
409,,,11,D,medium,10,C,medium,17,Z,low,332,Z,medium,242,Y
410,B,medium,55,B,high,,,medium,67,Z,high,151,Y,medium,49,X
411,A,medium,,D,,20,C,,7,X,low,255,,high,37,
412,,,,,,26,,unknown,31,X,medium,258,X,high,416,Z
413,B,,,,high,41,A,,91,X,high,348,Z,medium,174,Y
414,A,low,8,B,medium,,C,low,,X,medium,464,Z,high,148,Z
415,,,67,C,high,80,A,unknown,90,Y,medium,346,Y,high,50,Z
416,A,low,33,,medium,69,B,,35,Z,,499,Y,medium,331,X
417,,low,,,high,15,,unknown,68,X,medium,9,Y,high,31,X
418,B,,19,C,medium,16,,low,70,Z,low,,X,medium,452,Z
419,,medium,97,,medium,,C,,,Y,medium,208,Z,medium,104,X
420,C,,25,D,,94,D,medium,,Y,medium,364,Z,low,34,Z
421,A,medium,68,D,,,C,high,96,Z,high,42,Z,high,,X
422,,medium,,B,,,B,medium,11,Z,medium,263,X,low,177,Z
423,D,medium,18,,low,14,A,medium,,,high,14,Z,high,348,Z
424,A,high,30,,low,23,C,medium,44,Y,low,332,,high,19,
425,B,,1,B,,,D,unknown,67,X,medium,108,Z,high,430,Z
426,A,low,,C,,20,B,,55,Z,medium,72,Z,low,154,
427,,medium,33,,low,61,,,,Z,high,39,Z,medium,378,Z
428,,low,49,A,unknown,92,,low,9,Z,medium,134,Z,high,467,Z
429,A,medium,15,B,,,C,high,51,Y,high,,X,medium,267,Y
430,A,,82,,high,60,C,high,83,X,low,492,X,medium,167,
431,B,medium,21,B,low,,A,high,,,high,40,X,medium,156,
432,C,low,,,unknown,,A,low,27,Y,high,489,Y,low,343,X
433,B,high,87,C,high,0,,unknown,86,Y,medium,293,Z,medium,2,Y
434,,low,71,,,11,B,unknown,35,X,low,161,,high,73,Y
435,,low,60,B,,,,unknown,56,Z,medium,471,Y,low,323,Y
436,D,,,A,medium,,B,unknown,,Y,high,120,Z,low,12,Y
437,A,unknown,,D,,32,,medium,52,X,medium,90,X,,144,Y
438,C,unknown,96,D,unknown,52,C,,,Y,low,114,,medium,,X
439,D,high,,D,,57,A,medium,,Z,medium,72,Y,low,125,Z
440,A,high,40,A,high,66,,,47,Y,high,242,X,medium,465,X
441,D,high,25,C,high,,,medium,,,low,70,Y,high,487,Y
442,,high,,,unknown,37,,high,65,Z,medium,111,Z,low,16,Z
443,B,high,97,D,medium,88,A,unknown,41,Y,medium,185,Z,low,87,Y
444,,unknown,69,,low,5,A,high,52,Y,high,,,low,453,Z
445,C,,3,C,,,C,unknown,,X,medium,429,Z,,16,Y
446,,low,46,A,high,95,,unknown,86,Z,medium,37,Y,high,243,X
447,,medium,,C,,17,A,low,12,Z,medium,315,X,,474,Z
448,C,unknown,,D,medium,99,,unknown,87,Y,medium,51,Z,low,294,X
449,D,medium,77,A,high,28,A,unknown,,X,medium,495,Y,low,153,Z
450,B,low,70,,,36,A,,,Y,low,138,Y,high,3,X
451,,unknown,6,,,,C,,2,Z,low,428,X,low,196,Z
452,B,high,55,A,unknown,94,A,,,X,high,388,,medium,270,X
453,D,,,,,,A,unknown,5,Y,medium,162,Z,medium,40,
454,D,medium,48,,high,16,D,,,Y,medium,161,Z,low,264,Y
455,,low,,B,,48,A,low,,Y,,158,X,medium,202,X
456,C,medium,,D,medium,15,C,low,76,Y,high,235,Z,low,162,X
457,D,medium,86,D,high,78,D,low,70,Z,high,221,Y,medium,486,
458,B,unknown,46,B,low,,D,,84,X,medium,328,X,low,446,Z
459,,,53,A,,49,D,unknown,0,Y,low,232,Y,high,347,Y
460,,low,62,,high,39,B,high,78,Z,high,,Y,high,295,X
461,A,,65,A,high,3,D,low,31,Z,low,233,Y,low,236,X
462,,unknown,63,D,medium,5,,,,Y,low,153,X,medium,35,X
463,A,medium,78,C,high,51,,medium,76,Z,,163,Y,medium,153,X
464,,medium,98,C,low,39,A,,68,X,medium,365,Z,low,5,Z
465,,high,82,A,high,12,C,,41,Y,medium,70,Z,high,183,Y
466,B,high,13,,unknown,13,D,medium,61,Z,low,143,Z,medium,236,Y
467,B,medium,,C,unknown,,,,46,Y,low,155,Y,low,305,X
468,B,unknown,,,unknown,,D,,62,Y,low,322,Z,medium,177,Y
469,B,high,50,B,,60,,medium,45,Y,medium,64,X,high,127,Y
470,B,low,52,,low,83,D,high,39,Y,low,,Z,medium,,X
471,C,,71,,high,6,C,,20,Z,medium,337,Y,high,75,Y
472,D,unknown,,B,low,,B,,38,Y,medium,463,Y,low,62,Y
473,C,medium,26,C,medium,,A,,,X,high,218,Y,high,348,Z
474,C,high,45,B,high,20,,unknown,87,X,high,491,,low,292,Y
475,D,,,,high,53,,,,Z,medium,303,X,medium,434,X
476,D,,31,C,high,,B,medium,18,Y,medium,387,Y,medium,369,
477,,unknown,2,,unknown,,C,low,50,X,low,121,Z,low,450,Y
478,C,low,97,,low,,,,,X,medium,457,Y,high,332,
479,A,high,,B,unknown,66,B,high,,X,medium,129,X,medium,420,Z
480,A,high,60,,,75,A,,32,X,low,68,Y,medium,84,Z
481,D,low,,A,medium,0,B,,4,Z,high,39,Z,medium,265,X
482,,,27,,medium,,A,,5,Y,low,327,Z,low,472,Y
483,D,,34,,high,50,A,low,,Y,low,314,X,medium,394,X
484,,medium,28,B,high,36,,high,72,X,high,99,Y,low,201,Z
485,D,,,,medium,,,unknown,86,Z,high,439,Z,high,463,X
486,C,low,15,B,low,,C,medium,49,Z,medium,138,X,high,156,Z
487,D,,,D,low,75,C,unknown,,Z,medium,304,X,high,11,X
488,A,,45,,medium,82,C,low,92,Y,high,261,X,low,398,Y
489,D,,53,B,,41,,,27,Y,low,296,Y,medium,206,X
490,A,,1,,high,93,A,unknown,15,X,medium,370,Y,medium,17,Z
491,B,,84,C,unknown,92,C,high,13,Z,,463,X,high,102,Y
492,A,low,67,,low,66,D,high,35,Z,medium,360,X,medium,35,Y
493,B,medium,7,B,medium,58,A,unknown,73,X,high,453,Y,high,,Y
494,,high,84,C,low,,,medium,,Y,medium,434,Z,low,423,X
495,B,unknown,3,C,,60,C,,,X,high,179,X,high,464,Y
496,,unknown,,A,,,D,,34,Y,medium,279,Y,medium,,Z
497,C,high,46,D,low,97,B,low,,X,high,99,Z,high,401,Y
498,C,low,,C,,19,D,high,68,Z,low,,,low,281,X
499,D,,95,A,high,66,A,medium,66,Z,low,483,Y,low,147,Z
500,,low,,C,unknown,73,,unknown,43,Z,low,443,X,medium,334,Y
501,B,low,,C,,,D,unknown,,X,high,371,Z,medium,476,X
502,D,high,57,D,medium,34,B,medium,,X,medium,424,Z,low,230,X
503,,,,,high,86,C,high,65,Z,low,397,Z,medium,14,X
504,,low,72,B,high,48,A,,81,X,low,114,Z,medium,421,X
505,B,low,88,A,high,38,C,medium,,Y,medium,131,Y,low,94,
506,A,high,,C,low,15,C,unknown,85,Z,low,265,Y,medium,91,X
507,,medium,,,,32,,medium,,Y,,,Z,high,308,X
508,,high,51,B,,97,A,,,X,high,368,,low,399,X
509,A,medium,,,unknown,,,high,95,Z,high,368,X,high,396,X
510,C,high,,C,unknown,,,unknown,56,Z,low,488,X,medium,433,X
511,A,,,B,high,,D,high,27,X,medium,394,Y,low,441,Y
512,C,,70,,high,,A,unknown,60,Y,medium,,X,high,64,X
513,,medium,51,B,,66,C,medium,62,Y,medium,170,Y,high,150,Z
514,,high,,,unknown,37,D,medium,,Y,medium,163,Y,high,360,Y
515,B,high,42,B,medium,84,C,medium,20,Z,low,316,,high,,X
516,,high,49,D,medium,42,B,low,,Z,low,171,Y,low,357,Y
517,,,,C,high,85,A,,54,X,medium,489,X,low,227,X
518,A,low,55,C,,74,B,medium,14,Z,low,144,Z,,225,Z
519,C,,79,,,77,A,unknown,77,Z,low,,Y,high,13,Y
520,C,high,2,C,high,92,A,unknown,,X,medium,408,X,low,304,Z
521,A,high,75,A,high,79,B,,93,X,high,183,Y,low,431,Y
522,C,,50,,medium,,,medium,67,Y,medium,22,X,high,,X
523,A,,,B,high,52,A,high,33,Z,low,166,Y,,168,X
524,A,high,47,C,,,,unknown,37,Z,high,179,Z,medium,338,Y
525,D,,47,C,medium,6,,low,69,Y,high,306,X,low,99,Z
526,D,,12,B,,59,,unknown,8,X,,355,Z,low,316,Y
527,B,high,,B,,,,unknown,71,X,low,274,Y,medium,204,Z
528,D,medium,70,C,unknown,,D,unknown,55,Z,high,203,Z,high,463,Y
529,D,high,,,high,10,C,low,22,Y,medium,251,Z,low,355,X
530,,,9,A,unknown,50,A,unknown,89,Y,low,72,Z,low,36,Y
531,A,unknown,21,B,,57,A,high,62,Z,low,90,X,medium,435,X
532,,,87,,unknown,10,C,high,16,X,low,305,Z,,362,Z
533,C,,,D,high,63,,low,65,X,medium,432,Y,,107,X
534,,low,50,,unknown,16,,medium,41,Z,medium,261,Z,medium,141,Y
535,,,,D,unknown,14,D,medium,76,X,,30,Z,high,86,Y
536,B,unknown,,C,unknown,40,D,unknown,49,Z,low,490,Y,medium,155,Y
537,A,,85,B,,,C,,99,Z,medium,162,,high,471,Y
538,D,,89,,high,91,C,,92,X,medium,374,,high,451,Z
539,,low,28,D,unknown,,D,,4,Y,high,,X,medium,275,Z
540,,unknown,58,A,medium,,A,low,,Z,high,493,Z,low,181,X
541,D,,,A,low,73,C,unknown,,Y,low,58,Y,medium,,Z
542,,,,B,unknown,,,unknown,,X,,93,X,medium,478,Z
543,,high,0,A,high,98,A,medium,14,X,medium,322,X,,99,
544,A,medium,97,D,,74,A,high,53,X,medium,380,Z,medium,378,
545,,high,35,D,high,,B,unknown,15,X,,,Z,medium,497,Z
546,,,,C,low,94,B,high,,X,medium,275,Z,low,427,X
547,B,low,61,,medium,10,D,high,45,X,low,79,,medium,359,Z
548,C,,78,A,medium,45,B,low,99,Z,medium,356,X,,449,Z
549,B,,,C,,,C,,87,Y,high,334,Y,high,108,X
550,D,unknown,,B,unknown,0,,,,X,low,233,X,high,,Z
551,D,low,89,B,high,45,D,high,,X,high,318,X,high,,Z
552,,unknown,93,B,low,68,C,unknown,,X,low,106,X,,6,
553,D,high,15,,medium,79,D,,66,X,high,405,Y,low,99,Z
554,C,,90,C,low,41,C,high,13,Z,medium,22,X,high,,X
555,B,unknown,90,A,unknown,86,A,,,X,medium,419,X,low,123,Z
556,C,low,,C,medium,67,C,,99,Y,low,419,X,low,316,Z
557,D,low,21,D,,4,B,low,,Y,high,343,Z,low,55,X
558,,unknown,,A,medium,27,B,high,1,X,medium,407,Y,medium,348,Y
559,,low,99,D,low,93,C,medium,,X,medium,456,Y,low,114,Y
560,,,,C,unknown,0,B,unknown,,X,medium,81,Y,medium,261,X
561,A,,,B,high,10,A,unknown,,X,medium,272,Y,low,58,Z
562,,unknown,19,C,medium,34,,unknown,63,Z,medium,322,Y,low,485,Y
563,C,,8,,,99,C,unknown,35,Z,,471,Z,medium,188,X
564,,high,25,D,high,,,medium,35,Y,low,368,Z,medium,302,Y
565,D,low,6,A,low,,,,,Z,low,297,X,medium,243,X
566,D,,19,A,,39,C,high,85,Z,high,278,,medium,297,X
567,,,7,C,,93,C,,49,Z,high,71,X,medium,227,
568,,low,76,B,low,21,D,medium,31,X,medium,158,X,low,36,Z
569,,high,58,A,high,57,B,high,,Z,medium,216,Y,medium,414,X
570,D,low,51,B,unknown,46,,,1,,low,440,Y,high,321,X
571,,medium,80,C,,,,unknown,48,Y,low,430,Z,low,126,Z
572,C,,41,,high,75,,low,55,Z,high,321,Z,low,42,Y
573,D,high,40,D,,83,,medium,67,Y,medium,52,,high,443,X
574,D,,20,B,unknown,11,D,,80,X,low,,Y,medium,166,Z
575,A,low,,A,high,,D,,36,X,high,229,Z,low,454,X
576,A,unknown,,,high,,D,high,,X,medium,326,Z,high,382,X
577,B,high,58,D,unknown,,,low,,X,,216,Y,low,479,Y
578,,,,A,unknown,66,D,medium,76,Y,high,360,Y,medium,329,
579,C,,53,B,,63,,unknown,,,high,108,,medium,90,Y
580,,,29,,high,37,D,medium,3,Y,low,72,X,low,17,Y
581,B,high,,C,low,,B,medium,,Y,medium,109,Y,high,122,X
582,A,high,82,B,unknown,,,low,,X,low,461,Z,medium,219,
583,A,,,,unknown,82,B,,,Y,high,,X,low,311,Z
584,A,medium,25,,medium,89,A,low,50,Z,high,142,Z,high,447,Y
585,,unknown,71,,high,29,C,medium,46,X,medium,171,X,medium,70,X
586,C,,,A,,,A,high,37,,low,418,X,high,317,Z
587,B,,,,,32,A,,41,Z,high,179,Z,high,42,X
588,B,medium,31,C,,3,,,1,Y,medium,446,Y,low,240,Z
589,B,unknown,35,A,unknown,16,,medium,10,,low,494,Y,high,36,Z
590,C,medium,,B,unknown,30,A,low,75,X,medium,325,,low,186,
591,D,low,1,A,low,98,D,medium,36,Z,medium,171,Y,,303,X
592,,high,,D,unknown,20,D,,,Y,low,299,Y,medium,369,Y
593,C,unknown,12,,,50,D,medium,39,,high,334,Z,medium,402,Z
594,,low,,D,low,,B,medium,99,Y,high,54,Y,low,,Y
595,C,medium,55,,,35,A,medium,,Z,low,416,X,low,129,X
596,A,medium,,,high,91,,,18,,high,218,X,high,456,Z
597,,low,34,B,unknown,9,C,high,58,,medium,422,Y,high,466,X
598,A,high,77,,low,87,A,high,,Y,,305,Y,high,483,Z
599,B,medium,,,,74,D,unknown,14,Z,high,430,,medium,395,Z
600,,low,1,A,,,B,high,,Z,medium,40,X,high,388,Y
601,,medium,,D,medium,76,,high,,Y,high,21,X,low,38,X
602,,unknown,2,,,42,A,high,73,X,high,55,X,high,,Z
603,,unknown,52,D,unknown,97,B,high,56,Z,high,437,Z,low,203,Z
604,A,high,87,A,unknown,3,,low,65,Y,medium,496,Y,medium,129,Y
605,A,medium,,D,medium,2,,medium,26,Y,,499,Z,medium,34,X
606,,unknown,,,,,C,,28,Z,high,166,Y,high,106,X
607,C,low,,B,high,93,D,low,63,Y,high,132,X,low,457,X
608,,high,78,A,low,6,C,unknown,35,Y,low,174,Y,medium,454,Y
609,D,,,,high,77,,,,X,medium,408,Z,low,371,Y
610,D,high,28,,unknown,93,C,,15,Z,medium,125,Y,low,50,Y
611,A,low,0,,,,,low,30,Y,medium,273,X,medium,343,Y
612,,high,44,B,low,86,,unknown,10,Z,medium,323,X,high,63,Y
613,B,high,61,,low,75,D,low,8,X,high,180,Z,low,341,X
614,A,unknown,,C,high,,C,,,Z,medium,236,X,,16,Y
615,,low,93,A,low,85,B,low,48,Y,high,332,Z,medium,142,Z
616,,,,,unknown,69,B,unknown,14,X,high,395,Z,high,61,Z
617,,unknown,78,B,low,1,,low,9,X,low,94,X,low,466,Z
618,B,,2,,low,,,unknown,87,X,medium,256,Y,low,284,Z
619,B,high,85,,medium,,A,high,51,X,medium,77,Y,high,461,X
620,A,low,75,A,unknown,,,low,71,Y,high,7,Z,low,10,X
621,B,high,,C,,,,,72,Z,medium,322,Z,,369,Y
622,A,,58,D,medium,,B,unknown,10,Z,medium,241,X,high,239,Y
623,D,,,D,high,29,,low,,Z,high,129,X,high,234,Z
624,,low,90,,,19,D,unknown,,Y,low,27,Z,low,436,Z
625,D,high,55,A,unknown,8,D,,44,Y,medium,472,Y,high,23,Z
626,,,,,low,63,,,86,X,,413,X,,472,X
627,D,medium,61,D,unknown,95,D,medium,,X,high,,Y,low,14,Z
628,C,,68,C,unknown,,D,,,Y,low,56,X,medium,181,Z
629,B,unknown,,C,,,D,medium,10,Z,high,7,X,low,69,Z
630,C,high,81,B,,,,unknown,61,X,low,108,Z,low,261,Y
631,B,,20,C,medium,17,B,,88,X,low,50,X,low,297,X
632,A,,89,A,unknown,21,,,57,X,high,229,Z,low,321,X
633,B,low,55,,unknown,28,D,unknown,80,X,medium,322,X,medium,399,Z
634,,high,32,,high,68,,medium,53,X,medium,97,X,high,375,Z
635,,high,,,,29,D,low,41,X,medium,198,Z,medium,474,
636,A,unknown,1,A,,82,,unknown,,X,high,269,X,low,224,Y
637,,unknown,74,A,high,36,C,,15,Y,low,158,Y,medium,87,Y
638,C,,37,,,10,A,,,Z,low,230,Y,high,77,X
639,,,84,D,unknown,9,B,,,X,medium,295,,high,137,Y
640,,medium,23,C,high,40,C,unknown,,X,high,476,Y,high,301,X
641,A,,92,,high,40,A,unknown,,Z,medium,155,,medium,27,Z
642,,high,94,B,low,,A,high,99,X,high,44,X,medium,477,Z
643,D,unknown,10,C,,47,C,,23,Z,high,434,X,low,494,X
644,C,,64,D,,16,A,medium,72,Y,high,288,X,medium,82,Z
645,,,93,B,,21,,high,87,Z,medium,236,Y,medium,390,Z
646,B,,32,C,high,56,B,unknown,83,X,medium,360,Y,low,,Y
647,A,unknown,,C,medium,33,,low,,,low,490,X,low,240,Y
648,A,high,,D,unknown,67,,,17,Y,low,63,X,high,367,X
649,A,low,47,D,,92,,high,46,X,,430,Z,low,287,Z
650,D,low,2,C,low,35,C,high,77,X,high,318,X,,161,X
651,C,unknown,84,C,,55,C,unknown,61,Z,high,292,Y,medium,281,Z
652,B,unknown,,D,medium,,B,,,X,medium,432,Z,low,67,Y
653,D,unknown,,,low,21,,low,21,Y,medium,152,Z,high,127,Z
654,A,low,25,,,51,D,low,65,Z,high,393,Z,high,486,Y
655,A,high,1,C,high,30,D,unknown,42,X,low,285,Y,high,92,Z
656,B,unknown,,C,,62,D,,,X,low,467,Y,low,299,Y
657,D,high,2,A,low,74,,high,93,Y,high,233,Z,,,Y
658,C,high,79,C,unknown,14,C,medium,0,X,medium,360,Z,low,232,Y
659,D,,51,,unknown,18,A,medium,23,Z,low,248,X,low,123,
660,,low,,,high,2,D,unknown,91,X,low,196,Z,,284,Y
661,,medium,81,C,low,1,A,,,X,,187,Z,high,278,
662,A,,89,,,,,,30,X,low,460,Z,low,308,Y
663,A,low,12,D,high,70,D,unknown,,X,medium,418,X,high,154,Y
664,C,low,,C,high,,,unknown,,X,high,112,Y,low,289,Y
665,,,12,B,,40,D,high,,Y,high,432,X,high,364,Y
666,D,unknown,68,D,unknown,,B,low,30,Y,high,291,X,medium,359,X
667,D,high,56,B,unknown,72,,high,53,Y,high,,Y,low,283,Z
668,C,high,8,B,high,80,A,high,,X,low,382,X,high,149,Y
669,B,,23,,,73,,high,,X,low,81,X,high,266,Z
670,A,low,53,D,high,,,low,79,X,low,436,X,high,268,Y
671,C,medium,,C,low,52,B,,62,X,high,227,,medium,475,Y
672,C,,34,,,52,A,unknown,,Z,medium,458,X,high,188,Y
673,D,unknown,,D,,64,A,medium,98,X,high,241,Z,high,,Z
674,C,,99,A,low,79,B,medium,,X,,42,Z,high,,X
675,A,,76,,high,,,low,89,Y,high,383,Z,medium,317,
676,,medium,,C,high,67,C,unknown,,X,medium,363,Z,low,213,X
677,,medium,,D,,83,A,low,92,Y,high,151,Y,medium,0,Z
678,A,unknown,,B,high,,,medium,78,Y,low,102,Y,medium,352,Y
679,D,medium,51,D,unknown,41,C,medium,21,,high,431,,low,368,Z
680,A,unknown,44,A,unknown,,B,,20,X,medium,389,Y,low,465,
681,,,83,D,medium,2,,,54,,low,148,Y,,251,X
682,D,,,A,,,D,unknown,50,Z,low,350,Y,,257,Y
683,,,,,,80,B,unknown,23,Y,,120,X,,104,X
684,A,medium,,,high,17,,high,26,X,low,90,Z,high,229,Y
685,D,,6,D,low,,B,low,89,Y,high,,,high,0,X
686,A,,69,D,,90,,unknown,,Y,low,416,Z,low,250,X
687,C,,65,,high,49,,medium,,Z,medium,459,X,low,,X
688,D,unknown,58,D,medium,48,B,,,Z,medium,230,Z,high,392,Y
689,C,low,5,B,high,42,A,medium,15,Y,medium,71,X,high,331,Z
690,A,low,49,C,low,37,,,,X,medium,271,X,medium,402,Y
691,D,high,89,A,medium,38,A,,,,high,340,,high,332,X
692,A,medium,23,A,high,55,C,,64,X,high,485,X,low,389,X
693,C,,69,A,high,,A,,,Z,high,56,X,medium,218,Z
694,,low,85,C,unknown,,A,,23,Y,,328,Z,medium,301,
695,,,,,unknown,86,D,medium,18,Y,high,256,X,low,319,Y
696,,medium,51,D,,11,A,unknown,,,,294,Z,high,286,Y
697,A,medium,,,low,30,B,,7,Y,high,46,X,medium,285,Y
698,D,high,69,C,,75,C,unknown,,Y,low,8,Y,low,390,Z
699,A,,,,low,54,B,medium,86,X,low,303,Y,low,119,Z
700,,medium,,B,,33,B,medium,30,Y,high,99,Z,,158,
701,,low,,A,low,31,,low,,X,high,306,Z,,259,Y
702,C,high,71,,,11,,,,X,low,13,Z,high,322,Z
703,C,low,24,C,low,,D,low,25,X,high,400,Z,low,257,Y
704,C,medium,75,,high,,C,medium,6,Y,low,166,X,medium,99,
705,C,,54,C,,41,D,unknown,,Z,low,,X,medium,411,Z
706,D,low,93,D,high,,C,high,2,X,high,172,Y,medium,272,X
707,,medium,65,C,high,27,,high,42,X,low,209,X,,216,Y
708,D,,,A,low,,,unknown,3,Y,low,265,Y,high,439,Y
709,D,unknown,97,B,,,C,unknown,,X,high,322,Y,high,218,
710,D,unknown,99,D,unknown,40,C,unknown,,X,medium,344,X,medium,80,Y
711,,low,74,A,high,25,D,,32,Y,medium,495,X,high,492,X
712,D,high,59,A,medium,63,,,,Y,high,89,Z,low,191,Y
713,A,high,11,D,unknown,54,B,,,X,low,435,Y,low,447,Y
714,D,medium,,,,57,A,,,X,high,300,Z,low,258,Y
715,C,medium,47,D,,,,high,,X,low,154,,low,121,Y
716,,,78,,low,72,,medium,36,Z,medium,458,Y,high,188,Z
717,C,medium,58,C,,,D,,,Y,low,353,Z,low,455,Z
718,B,low,43,C,,83,C,low,25,,low,92,X,,472,Z
719,,,,A,low,42,A,,,X,low,87,X,medium,68,X
720,D,medium,,,,40,C,medium,73,Z,medium,329,Z,high,493,Z
721,A,,,,,38,B,low,75,,high,364,Z,low,426,Z
722,B,low,,D,medium,42,,unknown,51,Z,low,22,X,high,323,Z
723,,low,,,low,66,B,medium,75,Z,medium,314,Y,medium,91,Z
724,,unknown,87,D,low,49,C,medium,59,Y,high,265,Y,low,293,Z
725,D,low,11,D,unknown,12,A,medium,,Z,high,,Z,low,212,Z
726,A,high,40,A,unknown,56,C,medium,35,Z,high,370,Y,high,62,Z
727,C,high,51,,,,D,unknown,51,Z,low,454,X,high,491,Y
728,D,high,,C,low,10,,high,,X,medium,17,Z,high,301,Y
729,D,unknown,16,C,,,A,low,76,X,medium,382,Z,medium,48,Y
730,A,,,D,,31,A,low,,Z,medium,166,Y,high,170,Z
731,,,59,,medium,,,,5,Z,low,276,Z,low,419,Y
732,,low,,,medium,17,D,,49,Y,low,438,X,low,221,
733,,,16,B,high,,D,,7,X,high,434,X,high,247,Z
734,B,high,42,D,,,,unknown,19,Y,low,112,Z,low,71,X
735,,unknown,72,D,,13,B,medium,37,Y,high,120,Y,medium,,Z
736,,medium,73,,unknown,,A,,0,Y,low,361,X,medium,488,Y
737,B,,19,C,unknown,31,B,low,22,Y,medium,,Z,low,476,Z
738,,unknown,,,medium,58,B,medium,54,,medium,306,X,high,47,X
739,,high,89,,,56,C,medium,37,Y,high,27,X,low,274,X
740,A,unknown,22,A,,,D,,89,Z,high,81,Y,high,340,Z
741,A,,2,C,medium,58,D,,9,X,low,374,Y,low,440,Z
742,C,medium,95,,unknown,56,,low,,Z,high,370,Z,,279,Y
743,B,,52,A,,8,A,high,59,Z,low,448,Y,low,434,Y
744,,high,77,,,,,medium,64,Y,high,266,X,medium,,Y
745,D,low,32,,,11,B,medium,67,Y,high,213,Z,low,7,Y
746,A,unknown,,A,,43,B,low,5,Y,low,56,Y,low,232,
747,B,low,,D,medium,36,C,low,79,Y,medium,390,,medium,132,Y
748,C,medium,,A,,,C,medium,33,Z,high,474,,high,377,Y
749,D,,47,C,unknown,,D,medium,65,,high,22,Y,high,168,X
750,C,high,,,unknown,,C,,,Y,medium,245,Y,high,203,Y
751,B,high,,B,low,41,,unknown,39,,low,177,X,high,267,Z
752,,unknown,,A,unknown,6,A,,70,Y,medium,372,Y,high,480,Z
753,D,,91,,,0,,medium,93,Y,high,381,Y,high,35,Y
754,B,,,A,,54,D,,87,Y,medium,108,Z,medium,276,Y
755,D,,,,medium,,D,high,,Y,low,476,Z,high,194,X
756,D,unknown,51,D,medium,54,B,medium,53,Y,low,68,Z,high,18,Y
757,,medium,,D,,72,,,52,Z,low,390,Y,medium,407,Y
758,A,,82,,unknown,75,A,,96,Z,medium,,Y,low,456,X
759,D,unknown,72,D,,87,A,medium,20,Z,,81,Y,low,86,X
760,A,,14,,,,C,,95,Y,medium,336,X,medium,379,Y
761,B,low,58,D,medium,88,C,low,64,Z,high,135,X,medium,350,Z
762,,unknown,53,,low,79,C,unknown,,Z,medium,137,Z,medium,352,Y
763,C,high,,,low,43,,,,X,medium,43,X,high,230,Z
764,B,high,,B,medium,50,B,medium,81,Z,medium,373,Z,,160,
765,C,unknown,,B,,61,A,high,,Z,medium,403,Z,medium,35,Z
766,,medium,,,,,,,,Y,high,252,Z,high,17,Z
767,D,,51,B,unknown,67,C,,,Z,low,387,X,high,88,Y
768,,high,,,unknown,58,B,medium,72,X,medium,174,Y,medium,263,Z
769,A,low,,A,high,52,C,unknown,91,Z,low,282,Z,medium,70,X
770,B,low,4,B,,,B,low,,Y,low,393,Y,low,343,X
771,A,,35,,unknown,68,C,unknown,,Z,low,215,Y,medium,309,Y
772,D,,,D,medium,93,B,high,4,Y,medium,308,Z,low,172,X
773,,high,,A,medium,97,B,low,63,Y,high,72,Z,medium,43,Z
774,B,medium,,C,low,82,A,low,,Y,high,253,X,medium,258,Z
775,,low,,D,high,29,C,high,96,Y,low,425,,low,411,X
776,,high,44,D,low,,D,,,Z,high,386,Y,high,196,Z
777,B,unknown,75,D,high,29,C,low,91,Z,low,150,Y,low,,X
778,,medium,33,A,,,,high,,X,low,272,Z,medium,143,X
779,A,low,15,B,low,,,unknown,0,Y,medium,309,X,medium,40,Z
780,B,,84,D,high,88,A,high,,X,high,469,X,,324,Z
781,B,,77,D,medium,68,D,high,63,X,medium,414,Z,medium,444,Z
782,D,,,C,medium,68,A,low,,Z,low,409,Y,low,441,Y
783,D,medium,,D,high,95,C,high,17,Z,medium,376,Z,low,479,Y
784,D,medium,77,C,,68,D,high,91,Z,low,179,X,high,53,X
785,,low,74,A,unknown,14,D,low,,Y,,188,Y,low,21,Z
786,,medium,,D,medium,,B,medium,41,Y,low,232,Y,medium,284,Z
787,B,unknown,,A,medium,35,D,,29,Z,medium,213,Z,low,475,Y
788,B,medium,59,B,unknown,63,,unknown,,X,low,478,X,medium,498,Z
789,,high,,A,low,63,A,low,,,high,437,X,medium,139,Y
790,D,low,77,C,,29,,high,11,,low,447,Y,medium,187,Z
791,A,low,46,A,unknown,,D,high,,Y,low,303,Y,high,332,Y
792,B,high,90,,medium,8,D,high,98,Y,high,95,Z,low,456,X
793,C,low,,D,low,29,D,high,23,X,high,71,Z,medium,87,Y
794,C,medium,,,medium,82,B,unknown,77,Y,,137,X,low,487,Y
795,B,medium,91,,unknown,65,B,,2,Z,low,325,X,medium,408,X
796,C,low,47,D,unknown,94,,high,89,X,low,182,Y,low,34,Z
797,,high,,B,unknown,,A,high,65,Y,high,327,Z,low,420,X
798,A,unknown,,C,,85,,high,22,X,high,439,Y,high,320,Z
799,,low,87,,,17,C,unknown,88,X,high,167,Z,,489,Z
800,C,unknown,75,A,medium,,C,low,,Y,high,463,X,low,104,Y
801,,high,16,A,,5,B,unknown,99,Y,low,255,Z,low,496,
802,,,49,A,unknown,9,D,high,59,Y,high,401,X,low,23,Y
803,,low,37,D,,23,C,unknown,44,X,medium,,Z,low,,Z
804,C,unknown,64,D,unknown,28,A,medium,5,Y,high,137,Z,high,223,X
805,C,low,,,,1,,,26,X,medium,465,X,medium,328,
806,,,71,,,,D,,5,Y,high,443,X,medium,83,Y
807,D,high,74,,unknown,52,A,,85,Z,,285,Y,medium,136,X
808,D,medium,,D,low,65,C,unknown,,Y,high,16,Z,medium,194,Z
809,A,low,15,,,65,A,,11,Z,medium,29,X,medium,,Y
810,D,,62,,,96,,low,,Y,low,211,X,medium,87,X
811,A,low,,,,,,high,97,Z,medium,449,Z,high,74,X
812,,high,94,,low,34,B,high,97,Z,medium,188,Z,low,477,X
813,,unknown,77,B,,,,high,71,Z,low,442,X,medium,468,Y
814,B,medium,95,,unknown,55,A,low,7,Y,high,267,Z,low,314,Y
815,,,53,B,medium,52,C,,50,X,low,67,Z,medium,341,Y
816,B,low,93,,medium,79,D,medium,94,Y,medium,280,,high,68,Y
817,C,,1,,medium,56,B,high,9,Z,,182,X,high,25,Y
818,A,low,28,,,23,D,unknown,79,Y,high,112,Z,medium,188,Y
819,C,low,0,B,high,,B,high,1,Z,medium,337,X,,492,X
820,B,high,67,,high,96,A,,,Z,high,102,X,high,238,X
821,C,,51,A,,,C,unknown,,Z,high,452,X,medium,403,Z
822,D,,28,,medium,59,D,,,,low,401,Y,high,184,Z
823,,,30,C,unknown,17,B,unknown,41,X,high,391,,,154,X
824,,,,,unknown,0,D,,,Y,medium,38,,low,406,X
825,B,high,18,B,high,,C,unknown,84,Y,,480,X,high,235,Y
826,,,51,A,,2,,,32,Z,low,246,X,,365,Y
827,B,unknown,61,,medium,45,,,64,,medium,366,X,high,363,Y
828,A,,23,,high,88,B,,46,X,high,95,Z,low,363,Y
829,C,,22,C,medium,,A,low,43,X,high,384,X,medium,,X
830,B,medium,,,,,,,79,Y,high,,X,,404,Y
831,A,,,,,85,,low,22,X,high,353,X,low,231,Z
832,A,high,25,D,low,,C,medium,,Y,medium,138,X,high,151,Y
833,,unknown,37,,,65,C,unknown,48,X,high,466,Z,low,256,Z
834,D,unknown,54,C,,78,A,,,Z,low,354,X,low,162,Z
835,,medium,18,B,low,,,low,,Y,high,226,Y,low,21,Z
836,A,,56,D,unknown,42,B,medium,34,Z,low,228,Y,high,180,Y
837,B,low,13,,,39,C,,66,Y,medium,0,X,low,250,Y
838,D,unknown,14,B,unknown,,B,,47,X,high,149,Y,medium,260,
839,C,low,23,C,medium,40,D,,,X,,394,X,low,170,X
840,A,,28,,unknown,,A,high,52,Z,high,415,Y,medium,362,Y
841,,medium,2,D,,18,A,,,Y,high,499,X,medium,142,X
842,B,unknown,96,B,,17,B,low,,Z,medium,42,Y,low,323,Y
843,D,,,D,low,71,A,unknown,44,Z,low,125,Y,low,134,X
844,A,medium,,,,76,A,,43,Y,high,383,Y,medium,493,Y
845,D,,,,medium,67,C,medium,27,Y,medium,180,X,,324,Z
846,C,low,80,B,,,D,,,X,high,124,Z,medium,278,Y
847,,,83,D,low,0,C,,,X,medium,140,X,medium,214,Z
848,,low,10,C,unknown,,,medium,,X,high,459,X,low,377,Y
849,,,37,,high,46,,,69,X,medium,428,X,low,212,Z
850,D,medium,,D,unknown,,B,,41,Y,low,2,Z,medium,401,X
851,A,,57,,high,92,A,unknown,70,Z,low,420,X,high,79,Z
852,B,medium,0,D,low,86,D,medium,71,Y,high,278,Y,low,410,Z
853,A,,,D,medium,77,,low,52,Y,high,422,Z,medium,480,Z
854,A,low,,,medium,2,B,,,Z,low,311,X,high,121,X
855,A,,,,low,,,unknown,,Z,high,344,X,medium,111,Z
856,,,38,,unknown,43,C,high,15,,,288,,low,477,Z
857,A,,,B,unknown,,A,,,X,medium,367,Z,high,203,X
858,,,30,A,,,A,unknown,95,Y,high,407,Z,medium,347,Y
859,A,,29,B,high,29,C,,40,X,low,254,Y,medium,95,Y
860,A,unknown,34,A,high,11,,high,31,X,medium,56,Z,high,213,
861,D,high,30,C,high,32,C,medium,79,Y,,46,Z,,351,Y
862,A,,,C,low,79,B,high,60,Y,medium,207,X,high,447,Y
863,,medium,4,C,high,,A,unknown,,,low,236,X,medium,218,X
864,A,high,27,C,unknown,,,low,9,X,,431,X,high,37,Y
865,A,,31,B,,59,B,,80,Z,medium,16,Z,high,206,Y
866,C,high,,C,high,9,,unknown,,Y,low,444,,high,321,Z
867,D,,87,D,,,,,,Y,medium,27,Z,low,437,X
868,C,,67,A,high,15,,,,,medium,249,Y,low,416,Z
869,C,high,,B,,26,,,,X,high,211,Z,high,379,
870,A,high,,D,medium,97,,medium,,Y,medium,278,,medium,82,Z
871,D,medium,,,,50,A,low,,X,medium,21,Z,high,,X
872,A,low,90,D,unknown,19,,low,63,X,medium,381,Z,high,288,Y
873,C,low,45,,low,50,A,low,84,Z,medium,67,X,medium,234,Y
874,B,,68,B,medium,7,B,,61,Z,low,389,Z,,461,Z
875,D,medium,38,A,,31,A,unknown,77,Y,high,283,Z,low,479,Z
876,B,,49,D,,,D,,34,X,medium,444,X,high,105,Y
877,,,48,,medium,,A,unknown,28,X,medium,489,Z,low,478,X
878,,,,A,high,89,,,26,Y,low,421,Y,low,423,Z
879,C,medium,,A,low,,A,medium,11,,high,226,X,low,352,Y
880,D,high,73,C,medium,65,A,medium,27,Y,medium,207,Z,high,190,X
881,C,,2,D,unknown,70,C,high,24,Y,low,,,medium,380,Z
882,,high,13,D,high,55,D,,75,X,low,324,Y,high,293,
883,B,low,84,D,unknown,3,A,,,X,medium,395,Z,medium,449,Y
884,C,medium,56,,low,91,A,unknown,,X,high,241,X,medium,355,
885,B,,,D,medium,,B,medium,73,Y,low,231,X,low,482,Y
886,,high,60,D,unknown,65,D,,,X,low,58,,medium,209,X
887,B,,,,,55,A,low,,X,medium,84,Z,medium,41,Z
888,A,low,89,B,,65,A,unknown,,Y,medium,,Y,high,245,Z
889,A,,66,D,medium,35,B,high,21,Y,high,494,Y,high,498,Z
890,B,,,D,unknown,84,B,unknown,78,Z,high,300,Z,high,327,
891,D,unknown,,A,medium,22,A,high,3,Y,medium,172,Z,high,351,Y
