id,Embarked,ExtraCol1,ExtraCol2,ExtraCol3,ExtraCol4,ExtraCol5
1,S,8,,,27,
2,C,77,,,,
3,S,,,medium,26,D
4,S,43,D,high,,C
5,S,,D,low,17,A
6,Q,85,C,,18,C
7,S,8,B,,92,D
8,S,,,medium,55,A
9,S,,A,,4,B
10,C,,B,unknown,,D
11,S,52,,high,,B
12,S,97,C,high,,D
13,S,73,B,low,54,C
14,S,76,,,64,C
15,S,71,C,,,C
16,S,,,unknown,81,C
17,Q,51,D,high,,
18,S,12,C,unknown,96,D
19,S,83,C,,,B
20,C,45,D,low,32,
21,S,50,,low,72,C
22,S,37,D,high,89,C
23,Q,,B,,,B
24,S,92,A,medium,98,B
25,S,78,,,19,C
26,S,64,A,high,41,
27,C,,A,medium,31,B
28,S,,,low,42,D
29,Q,,,high,,B
30,S,44,A,high,73,C
31,C,45,D,,,A
32,C,22,,,25,
33,Q,9,B,medium,,D
34,S,55,C,high,,
35,C,88,B,,65,D
36,S,,C,,69,
37,C,85,D,medium,66,B
38,S,82,A,,60,D
39,S,,A,,,B
40,C,63,D,unknown,,
41,S,16,C,low,90,A
42,S,,C,unknown,38,B
43,C,70,B,medium,51,B
44,C,35,,,18,
45,Q,6,C,low,35,A
46,S,97,C,low,,D
47,Q,44,A,unknown,64,A
48,Q,89,C,,21,
49,C,67,C,,54,C
50,S,77,A,,,A
51,S,75,B,unknown,12,
52,S,19,,medium,6,D
53,C,36,,unknown,,D
54,S,46,,unknown,65,A
55,C,49,,unknown,31,C
56,S,4,C,high,82,
57,S,54,B,,84,
58,C,15,D,high,53,C
59,S,74,,low,,C
60,S,68,D,,,C
61,C,92,,high,82,
62,,74,B,unknown,89,
63,S,36,,,,
64,S,,C,high,51,C
65,C,,A,,,A
66,C,32,B,,,A
67,S,,B,,13,C
68,S,,A,unknown,67,
69,S,7,,medium,92,A
70,S,,C,,75,
71,S,79,D,,48,D
72,S,18,A,,52,C
73,S,,B,,25,D
74,C,12,A,high,,D
75,S,68,,unknown,24,D
76,S,47,,unknown,34,A
77,S,,,low,26,
78,S,22,,low,33,
79,S,,A,,36,A
80,S,66,C,,8,
81,S,94,C,unknown,,
82,S,43,D,low,44,
83,Q,16,D,low,94,
84,S,83,D,unknown,,A
85,S,62,C,unknown,66,B
86,S,70,,low,,
87,S,9,B,medium,,B
88,S,31,A,,49,
89,S,,B,,44,A
90,S,,B,,65,
91,S,43,A,,,B
92,S,,A,low,31,B
93,S,,C,medium,,D
94,S,38,B,high,18,
95,S,89,,high,,
96,S,28,B,,,
97,C,23,D,unknown,95,A
98,C,68,C,unknown,,
99,S,,A,,39,C
100,S,13,A,,,B
101,S,83,C,high,80,B
102,S,,C,,48,B
103,S,80,B,medium,96,
104,S,0,C,low,,B
105,S,79,,medium,70,
106,S,,,,75,C
107,S,,A,unknown,,A
108,S,66,B,unknown,,
109,S,,,,58,C
110,Q,,D,low,,
111,S,,D,low,11,
112,C,78,,medium,13,A
113,S,55,A,,,C
114,S,45,,unknown,65,B
115,C,,A,,28,C
116,S,,,,73,A
117,Q,3,,,69,
118,S,13,,medium,,
119,C,24,A,,91,B
120,S,11,,high,88,
121,S,43,C,low,,C
122,S,,,medium,76,
123,C,65,D,high,,
124,S,47,D,medium,40,A
125,S,85,C,,,D
126,C,56,,,60,A
127,Q,7,B,unknown,41,C
128,S,76,D,low,99,
129,C,57,,low,17,D
130,S,63,,high,9,
131,C,56,A,medium,2,A
132,S,55,A,high,81,D
133,S,9,,low,40,C
134,S,55,,,43,
135,S,79,B,unknown,64,C
136,C,30,D,,,A
137,S,,A,medium,57,C
138,S,3,C,,5,
139,S,34,B,high,,B
140,C,43,A,low,,
141,C,,D,,45,B
142,S,21,A,,16,
143,S,,,unknown,,
144,Q,,,,33,D
145,S,99,D,medium,27,
146,S,85,A,unknown,29,A
147,S,3,,,72,A
148,S,23,C,,10,B
149,S,,D,unknown,30,D
150,S,,A,low,46,B
151,S,85,D,,54,
152,S,28,C,medium,88,B
153,S,91,D,unknown,,
154,S,29,,low,,
155,S,43,D,unknown,53,
156,C,66,C,low,2,A
157,Q,12,,low,61,D
158,S,55,,high,15,D
159,S,50,,high,7,A
160,S,78,B,unknown,67,C
161,S,99,C,,,D
162,S,,,low,,
163,S,40,C,,10,B
164,S,40,D,,74,D
165,S,41,,,76,C
166,S,81,A,,,
167,S,32,,unknown,83,A
168,S,16,B,unknown,43,C
169,S,,C,high,18,
170,S,2,,,,
171,S,10,B,high,21,A
172,Q,9,B,high,20,B
173,S,,B,high,32,D
174,S,,D,high,,
175,C,69,B,medium,,B
176,S,46,,high,,
177,S,71,B,unknown,62,B
178,C,16,A,unknown,33,C
179,S,90,B,high,,B
180,S,50,A,low,51,
181,S,93,A,,,C
182,C,,,medium,43,D
183,S,49,A,low,29,B
184,S,69,,,,
185,S,49,D,high,,A
186,S,44,C,unknown,,D
187,Q,,B,,,
188,S,38,A,,47,A
189,Q,,D,,,A
190,S,,D,high,,A
191,S,68,C,,90,B
192,S,63,A,unknown,67,D
193,S,60,,unknown,,A
194,S,36,,unknown,96,D
195,C,95,A,medium,71,
196,C,8,D,,5,C
197,Q,,A,,72,B
198,S,,,unknown,,D
199,Q,33,D,,,
200,S,96,D,,48,B
201,S,,A,low,51,A
202,S,90,,,31,D
203,S,49,C,low,,B
204,C,,C,unknown,61,B
205,S,45,,high,,C
206,S,26,D,medium,89,C
207,S,76,D,high,77,C
208,C,,,high,60,B
209,Q,26,,high,,A
210,C,77,C,high,33,
211,S,26,A,,76,A
212,S,,,medium,31,
213,S,78,A,,26,
214,S,44,D,,86,C
215,Q,,,,,D
216,C,27,A,low,,A
217,S,,A,unknown,86,D
218,S,,A,low,,D
219,C,44,C,low,,C
220,S,90,B,,52,C
221,S,12,D,low,,
222,S,45,B,medium,,A
223,S,,,medium,,
224,S,20,C,,,
225,S,,C,,79,
226,S,30,,high,59,A
227,S,80,,low,,A
228,S,57,C,high,40,A
229,S,54,,high,38,C
230,S,17,,high,42,C
231,S,46,,high,99,
232,S,85,C,,,A
233,S,,D,,15,A
234,S,75,C,,4,A
235,S,,,high,51,
236,S,,,unknown,80,
237,S,,B,high,,B
238,S,43,A,low,56,
239,S,30,A,medium,79,B
240,S,62,,high,51,D
241,C,14,,low,90,
242,Q,58,,unknown,63,
243,S,9,B,unknown,73,B
244,S,64,C,unknown,78,A
245,C,,D,low,62,D
246,Q,8,D,high,5,
247,S,,B,high,42,
248,S,41,B,high,14,A
249,S,78,,unknown,51,B
250,S,4,A,,,
251,S,17,C,high,,C
252,S,49,B,high,,A
253,S,18,,,2,C
254,S,,C,unknown,,D
255,S,,B,,50,D
256,C,14,,unknown,7,
257,C,,C,low,,
258,S,10,A,,75,C
259,C,,,high,70,A
260,S,58,A,low,17,A
261,Q,79,B,medium,,D
262,S,17,D,,63,
263,S,29,A,high,39,
264,S,92,,low,0,
265,Q,98,C,medium,,
266,S,58,D,,79,C
267,S,44,,high,3,C
268,S,34,C,medium,,D
269,S,61,D,high,38,D
270,S,,,high,,A
271,S,29,A,,47,
272,S,,D,,42,A
273,S,15,A,unknown,,B
274,C,95,C,low,5,B
275,Q,41,B,,3,D
276,S,48,C,low,9,
277,S,,,low,69,
278,S,78,,,78,
279,Q,,C,,,B
280,S,,,high,7,
281,Q,,B,medium,41,
282,S,,,,98,
283,S,67,D,medium,,D
284,S,49,A,low,,A
285,S,44,B,medium,53,C
286,C,,C,high,,B
287,S,,,high,,
288,S,57,D,medium,47,C
289,S,,B,,,
290,Q,47,D,high,,
291,S,,,,,D
292,C,26,C,medium,5,
293,C,95,C,,0,
294,S,33,A,unknown,41,A
295,S,,A,,,D
296,C,,,,,
297,C,84,C,,7,B
298,S,,,high,67,D
299,S,28,A,high,45,
300,C,2,,,23,
301,Q,36,D,unknown,20,D
302,Q,82,,unknown,66,D
303,S,0,B,unknown,52,B
304,Q,89,,unknown,,B
305,S,,D,unknown,28,
306,S,14,B,,52,A
307,C,,B,low,86,C
308,C,55,C,,31,
309,C,31,A,low,39,D
310,C,,D,low,16,
311,C,66,D,unknown,,C
312,C,67,,unknown,3,C
313,S,,C,high,24,C
314,S,28,C,high,,A
315,S,24,,,1,B
316,S,,D,,98,
317,S,,,unknown,40,B
318,S,,,medium,,D
319,S,93,C,high,53,
320,C,,,,,B
321,S,,D,low,,
322,S,,D,,88,A
323,Q,,C,,,B
324,S,91,B,,,B
325,S,,B,medium,70,D
326,C,23,B,high,30,
327,S,23,C,unknown,99,A
328,S,3,,high,25,
329,S,,C,medium,29,
330,C,55,D,medium,71,A
331,Q,54,,high,78,C
332,S,,C,medium,12,C
333,S,30,,high,55,
334,S,82,C,,,B
335,S,,,,61,
336,S,80,,unknown,55,
337,S,96,,medium,,B
338,C,31,,medium,,
339,S,20,,high,65,
340,S,95,,,67,D
341,S,63,,unknown,,C
342,S,29,,low,,
343,S,62,B,unknown,72,B
344,S,51,C,,77,
345,S,,A,,12,B
346,S,25,C,high,88,
347,S,99,,unknown,,
348,S,,,low,,C
349,S,,,high,48,
350,S,16,B,low,48,
351,S,,A,low,91,
352,S,,B,unknown,96,A
353,C,29,C,high,80,A
354,S,43,A,medium,65,B
355,C,96,C,high,10,B
356,S,99,A,medium,91,C
357,S,15,D,medium,13,A
358,S,89,C,medium,16,B
359,Q,,B,medium,6,D
360,Q,,C,unknown,94,D
361,S,84,A,medium,,D
362,C,,A,medium,,
363,C,22,D,high,8,A
364,S,89,D,unknown,41,
365,Q,,,medium,72,A
366,S,,B,unknown,99,
367,C,46,A,medium,,
368,C,31,,high,60,D
369,Q,,B,unknown,83,C
370,C,77,,,90,B
371,C,33,C,low,27,B
372,S,66,A,high,,D
373,S,41,D,,51,D
374,C,,C,medium,93,C
375,S,,,unknown,11,D
376,C,9,,,9,B
377,S,,C,high,,B
378,C,74,,high,67,D
379,C,37,A,low,17,B
380,S,,,medium,89,D
381,C,0,B,high,10,B
382,C,,D,low,,B
383,S,94,B,medium,,A
384,S,,,,,C
385,S,3,A,unknown,,B
386,S,12,B,low,84,B
387,S,6,B,unknown,10,C
388,S,83,A,medium,,A
389,Q,89,B,high,61,
390,C,15,,high,2,D
391,S,74,A,,74,C
392,S,17,,unknown,,C
393,S,36,C,low,75,
394,C,59,D,low,,C
395,S,,C,unknown,19,B
396,S,87,A,high,,
397,S,4,,unknown,6,A
398,S,19,B,medium,53,C
399,S,,B,,,C
400,S,31,A,low,,
401,S,99,D,medium,20,
402,S,77,,low,76,D
403,S,,C,unknown,69,
404,S,97,,,,C
405,S,,D,unknown,,D
406,S,,A,low,6,
407,S,43,,low,44,A
408,S,14,B,,,B
409,S,,,,11,D
410,S,1,B,medium,55,B
411,S,17,A,medium,,D
412,Q,22,,,,
413,Q,27,B,,,
414,S,13,A,low,8,B
415,S,1,,,67,C
416,S,67,A,low,33,
417,S,96,,low,,
418,S,12,B,,19,C
419,S,,,medium,97,
420,S,50,C,,25,D
421,C,92,A,medium,68,D
422,Q,69,,medium,,B
423,S,,D,medium,18,
424,S,,A,high,30,
425,S,41,B,,1,B
426,S,,A,low,,C
427,S,86,,medium,33,
428,S,80,,low,49,A
429,Q,2,A,medium,15,B
430,S,71,A,,82,
431,S,8,B,medium,21,B
432,S,73,C,low,,
433,S,82,B,high,87,C
434,S,13,,low,71,
435,S,43,,low,60,B
436,S,12,D,,,A
437,S,56,A,unknown,,D
438,S,92,C,unknown,96,D
439,S,,D,high,,D
440,S,39,A,high,40,A
441,S,97,D,high,25,C
442,S,,,high,,
443,S,,B,high,97,D
444,S,48,,unknown,69,
445,S,50,C,,3,C
446,S,66,,low,46,A
447,S,,,medium,,C
448,S,,C,unknown,,D
449,C,52,D,medium,77,A
450,S,28,B,low,70,
451,S,,,unknown,6,
452,S,,B,high,55,A
453,C,,D,,,
454,C,2,D,medium,48,
455,S,59,,low,,B
456,C,,C,medium,,D
457,S,,D,medium,86,D
458,S,63,B,unknown,46,B
459,S,84,,,53,A
460,Q,10,,low,62,
461,S,72,A,,65,A
462,S,,,unknown,63,D
463,S,,A,medium,78,C
464,S,,,medium,98,C
465,S,0,,high,82,A
466,S,96,B,high,13,
467,S,16,B,medium,,C
468,S,59,B,unknown,,
469,Q,18,B,high,50,B
470,C,93,B,low,52,
471,S,,C,,71,
472,S,,D,unknown,,B
473,S,43,C,medium,26,C
474,C,46,C,high,45,B
475,S,,D,,,
476,S,78,D,,31,C
477,S,84,,unknown,2,
478,S,1,C,low,97,
479,S,,A,high,,B
480,S,,A,high,60,
481,S,,D,low,,A
482,S,82,,,27,
483,S,25,D,,34,
484,S,79,,medium,28,B
485,C,,D,,,
486,S,23,C,low,15,B
487,S,33,D,,,D
488,C,53,A,,45,
489,S,76,D,,53,B
490,S,,A,,1,
491,S,93,B,,84,C
492,S,,A,low,67,
493,S,75,B,medium,7,B
494,C,,,high,84,C
495,S,,B,unknown,3,C
496,C,41,,unknown,,A
497,C,,C,high,46,D
498,S,37,C,low,,C
499,S,92,D,,95,A
500,S,,,low,,C
501,S,11,B,low,,C
502,Q,65,D,high,57,D
503,Q,96,,,,
504,S,86,,low,72,B
505,S,27,B,low,88,A
506,C,,A,high,,C
507,S,,,medium,,
508,S,,,high,51,B
509,S,26,A,medium,,
510,S,23,C,high,,C
511,Q,99,A,,,B
512,S,74,C,,70,
513,S,84,,medium,51,B
514,C,81,,high,,
515,S,95,B,high,42,B
516,S,10,,high,49,D
517,S,,,,,C
518,Q,,A,low,55,C
519,S,47,C,,79,
520,S,59,C,high,2,C
521,S,35,A,high,75,A
522,S,,C,,50,
523,C,19,A,,,B
524,C,,A,high,47,C
525,C,,D,,47,C
526,Q,,D,,12,B
527,S,,B,high,,B
528,S,14,D,medium,70,C
529,S,91,D,high,,
530,S,92,,,9,A
531,S,59,A,unknown,21,B
532,C,16,,,87,
533,C,15,C,,,D
534,C,,,low,50,
535,S,57,,,,D
536,S,15,B,unknown,,C
537,S,45,A,,85,B
538,C,11,D,,89,
539,S,,,low,28,D
540,C,2,,unknown,58,A
541,S,70,D,,,A
542,S,,,,,B
543,S,19,,high,0,A
544,S,17,A,medium,97,D
545,C,83,,high,35,D
546,S,5,,,,C
547,S,42,B,low,61,
548,C,,C,,78,A
549,S,51,B,,,C
550,S,68,D,unknown,,B
551,C,80,D,low,89,B
552,S,,,unknown,93,B
553,Q,82,D,high,15,
554,C,,C,,90,C
555,S,,B,unknown,90,A
556,S,50,C,low,,C
557,C,,D,low,21,D
558,C,,,unknown,,A
559,S,79,,low,99,D
560,S,85,,,,C
561,Q,53,A,,,B
562,S,4,,unknown,19,C
563,S,49,C,,8,
564,S,18,,high,25,D
565,S,88,D,low,6,A
566,S,23,D,,19,A
567,S,22,,,7,C
568,S,24,,low,76,B
569,C,64,,high,58,A
570,S,,D,low,51,B
571,S,94,,medium,80,C
572,S,41,C,,41,
573,S,,D,high,40,D
574,Q,4,D,,20,B
575,S,0,A,low,,A
576,S,37,A,unknown,,
577,S,92,B,high,58,D
578,S,52,,,,A
579,C,89,C,,53,B
580,S,10,,,29,
581,S,9,B,high,,C
582,C,83,A,high,82,B
583,S,10,A,,,
584,C,5,A,medium,25,
585,C,40,,unknown,71,
586,S,92,C,,,A
587,S,68,B,,,
588,C,9,B,medium,31,C
589,S,83,B,unknown,35,A
590,S,84,C,medium,,B
591,S,80,D,low,1,A
592,C,90,,high,,D
593,S,23,C,unknown,12,
594,Q,,,low,,D
595,S,,C,medium,55,
596,S,80,A,medium,,
597,S,57,,low,34,B
598,S,77,A,high,77,
599,C,,B,medium,,
600,C,64,,low,1,A
601,S,,,medium,,D
602,S,77,,unknown,2,
603,S,73,,unknown,52,D
604,S,,A,high,87,A
605,C,82,A,medium,,D
606,S,,,unknown,,
607,S,,C,low,,B
608,S,,,high,78,A
609,C,,D,,,
610,S,85,D,high,28,
611,S,83,A,low,0,
612,S,,,high,44,B
613,Q,78,B,high,61,
614,Q,38,A,unknown,,C
615,S,68,,low,93,A
616,S,63,,,,
617,S,,,unknown,78,B
618,S,26,B,,2,
619,S,6,B,high,85,
620,S,13,A,low,75,A
621,C,43,B,high,,C
622,S,47,A,,58,D
623,C,,D,,,D
624,S,41,,low,90,
625,S,60,D,high,55,A
626,S,23,,,,
627,Q,33,D,medium,61,D
628,S,36,C,,68,C
629,S,50,B,unknown,,C
630,Q,36,C,high,81,B
631,S,73,B,,20,C
632,S,32,A,,89,A
633,C,43,B,low,55,
634,S,37,,high,32,
635,S,,,high,,
636,S,68,A,unknown,1,A
637,S,23,,unknown,74,A
638,S,29,C,,37,
639,S,79,,,84,D
640,S,94,,medium,23,C
641,S,67,A,,92,
642,C,91,,high,94,B
643,S,85,D,unknown,10,C
644,S,48,C,,64,D
645,C,,,,93,B
646,C,32,B,,32,C
647,S,,A,unknown,,C
648,C,,A,high,,D
649,S,96,A,low,47,D
650,S,84,D,low,2,C
651,S,,C,unknown,84,C
652,S,65,B,unknown,,D
653,S,20,D,unknown,,
654,Q,,A,low,25,
655,Q,,A,high,1,C
656,S,53,B,unknown,,C
657,S,76,D,high,2,A
658,Q,63,C,high,79,C
659,S,,D,,51,
660,C,28,,low,,
661,S,,,medium,81,C
662,C,73,A,,89,
663,S,3,A,low,12,D
664,S,,C,low,,C
665,S,,,,12,B
666,S,69,D,unknown,68,D
667,S,50,D,high,56,B
668,S,86,C,high,8,B
669,S,91,B,,23,
670,S,,A,low,53,D
671,S,,C,medium,,C
672,S,61,C,,34,
673,S,,D,unknown,,D
674,S,9,C,,99,A
675,S,62,A,,76,
676,S,,,medium,,C
677,S,58,,medium,,D
678,S,,A,unknown,,B
679,S,52,D,medium,51,D
680,C,93,A,unknown,44,A
681,Q,72,,,83,D
682,C,13,D,,,A
683,S,95,,,,
684,S,95,A,medium,,
685,S,16,D,,6,D
686,C,80,A,,69,D
687,S,,C,,65,
688,S,59,D,unknown,58,D
689,S,44,C,low,5,B
690,S,78,A,low,49,C
691,S,99,D,high,89,A
692,C,79,A,medium,23,A
693,S,,C,,69,A
694,C,94,,low,85,C
695,S,9,,,,
696,S,25,,medium,51,D
697,S,72,A,medium,,
698,Q,59,D,high,69,C
699,C,5,A,,,
700,S,9,,medium,,B
701,C,52,,low,,A
702,S,61,C,high,71,
703,C,16,C,low,24,C
704,Q,17,C,medium,75,
705,S,,C,,54,C
706,S,56,D,low,93,D
707,S,,,medium,65,C
708,S,,D,,,A
709,S,47,D,unknown,97,B
710,C,,D,unknown,99,D
711,C,,,low,74,A
712,S,,D,high,59,A
713,S,72,A,high,11,D
714,S,76,D,medium,,
715,S,,C,medium,47,D
716,S,79,,,78,
717,C,51,C,medium,58,C
718,S,,B,low,43,C
719,Q,,,,,A
720,S,59,D,medium,,
721,S,13,A,,,
722,S,93,B,low,,D
723,S,84,,low,,
724,S,,,unknown,87,D
725,S,78,D,low,11,D
726,S,11,A,high,40,A
727,S,,C,high,51,
728,Q,8,D,high,,C
729,S,48,D,unknown,16,C
730,S,65,A,,,D
731,S,72,,,59,
732,C,41,,low,,
733,S,,,,16,B
734,S,,B,high,42,D
735,S,20,,unknown,72,D
736,S,,,medium,73,
737,S,,B,,19,C
738,C,,,unknown,,
739,S,,,high,89,
740,S,89,A,unknown,22,A
741,S,81,A,,2,C
742,S,76,C,medium,95,
743,C,,B,,52,A
744,S,27,,high,77,
745,S,79,D,low,32,
746,S,36,A,unknown,,A
747,S,53,B,low,,D
748,S,31,C,medium,,A
749,S,31,D,,47,C
750,Q,,C,high,,
751,S,,B,high,,B
752,S,14,,unknown,,A
753,S,,D,,91,
754,S,93,B,,,A
755,S,55,D,,,
756,S,43,D,unknown,51,D
757,S,73,,medium,,D
758,S,38,A,,82,
759,S,,D,unknown,72,D
760,S,,A,,14,
761,S,17,B,low,58,D
762,S,55,,unknown,53,
763,C,,C,high,,
764,S,93,B,high,,B
765,S,36,C,unknown,,B
766,S,78,,medium,,
767,C,61,D,,51,B
768,Q,47,,high,,
769,Q,,A,low,,A
770,S,37,B,low,4,B
771,S,65,A,,35,
772,S,98,D,,,D
773,S,0,,high,,A
774,C,,B,medium,,C
775,S,,,low,,D
776,S,,,high,44,D
777,Q,42,B,unknown,75,D
778,S,11,,medium,33,A
779,Q,,A,low,15,B
780,S,85,B,,84,D
781,C,87,B,,77,D
782,S,63,D,,,C
783,S,12,D,medium,,D
784,S,,D,medium,77,C
785,S,,,low,74,A
786,S,58,,medium,,D
787,S,,B,unknown,,A
788,Q,68,B,medium,59,B
789,S,,,high,,A
790,C,,D,low,77,C
791,Q,,A,low,46,A
792,S,45,B,high,90,
793,S,,C,low,,D
794,C,,C,medium,,
795,S,43,B,medium,91,
796,S,29,C,low,47,D
797,S,96,,high,,B
798,S,,A,unknown,,C
799,C,31,,low,87,
800,S,,C,unknown,75,A
801,S,1,,high,16,A
802,S,,,,49,A
803,S,51,,low,37,D
804,C,91,C,unknown,64,D
805,S,,C,low,,
806,S,,,,71,
807,S,,D,high,74,
808,S,11,D,medium,,D
809,S,,A,low,15,
810,S,99,D,,62,
811,S,4,A,low,,
812,S,87,,high,94,
813,S,68,,unknown,77,B
814,S,28,B,medium,95,
815,S,,,,53,B
816,S,83,B,low,93,
817,S,4,C,,1,
818,C,10,A,low,28,
819,S,66,C,low,0,B
820,S,99,B,high,67,
821,S,,C,,51,A
822,S,66,D,,28,
823,S,13,,,30,C
824,S,65,,,,
825,S,62,B,high,18,B
826,Q,9,,,51,A
827,S,68,B,unknown,61,
828,C,89,A,,23,
829,Q,,C,,22,C
830,,2,B,medium,,
831,C,,A,,,
832,S,,A,high,25,D
833,C,45,,unknown,37,
834,S,14,D,unknown,54,C
835,S,85,,medium,18,B
836,C,77,A,,56,D
837,S,80,B,low,13,
838,S,19,D,unknown,14,B
839,S,1,C,low,23,C
840,C,91,A,,28,
841,S,28,,medium,2,D
842,S,65,B,unknown,96,B
843,C,90,D,,,D
844,C,3,A,medium,,
845,S,0,D,,,
846,S,0,C,low,80,B
847,S,15,,,83,D
848,C,5,,low,10,C
849,S,81,,,37,
850,C,60,D,medium,,D
851,S,,A,,57,
852,S,,B,medium,0,D
853,C,96,A,,,D
854,S,23,A,low,,
855,S,,A,,,
856,S,84,,,38,
857,S,24,A,,,B
858,S,,,,30,A
859,C,66,A,,29,B
860,C,80,A,unknown,34,A
861,S,96,D,high,30,C
862,S,92,A,,,C
863,S,,,medium,4,C
864,S,77,A,high,27,C
865,S,84,A,,31,B
866,S,69,C,high,,C
867,C,81,D,,87,D
868,S,,C,,67,A
869,S,,C,high,,B
870,S,4,A,high,,D
871,S,45,D,medium,,
872,S,,A,low,90,D
873,S,11,C,low,45,
874,S,12,B,,68,B
875,C,69,D,medium,38,A
876,C,50,B,,49,D
877,S,,,,48,
878,S,74,,,,A
879,S,54,C,medium,,A
880,C,63,D,high,73,C
881,S,8,C,,2,D
882,S,85,,high,13,D
883,S,,B,low,84,D
884,S,,C,medium,56,
885,S,81,B,,,D
886,Q,73,,high,60,D
887,S,5,B,,,
888,S,19,A,low,89,B
889,S,1,A,,66,D
890,C,27,B,,,D
891,Q,,D,unknown,,A
