id,ExtraCol17,ExtraCol18,ExtraCol19,ExtraCol20,ExtraCol21,ExtraCol22,ExtraCol23,ExtraCol24,ExtraCol25,ExtraCol26,ExtraCol27,ExtraCol28,ExtraCol29,ExtraCol30,ExtraCol31,ExtraCol32,ExtraCol33,ExtraCol34,ExtraCol35,ExtraCol36
1,Y,medium,286,Z,medium,193,Z,low,78,Y,medium,321,Z,low,330,Y,,379,X,low
2,,,451,Y,high,451,Z,low,110,Y,medium,14,Y,low,50,Y,low,40,Y,medium
3,X,low,337,Z,high,293,Y,high,43,X,medium,319,X,high,491,Z,low,271,Y,medium
4,Y,medium,2,Y,medium,382,Y,medium,229,Z,low,245,Y,medium,,X,medium,355,Y,medium
5,,low,244,Z,high,174,X,medium,322,Y,high,227,X,medium,331,Y,low,301,Y,high
6,Z,low,422,X,,465,Z,low,337,X,low,303,X,,35,X,high,122,Y,low
7,X,high,436,Y,medium,357,Y,medium,454,Z,high,447,X,medium,259,,,80,Z,high
8,X,medium,,Z,high,257,X,medium,146,X,low,63,Y,low,460,Z,medium,145,Z,low
9,Z,high,238,X,,289,Z,medium,327,Y,medium,67,X,medium,118,Z,low,176,Z,medium
10,Z,high,53,Y,low,311,Z,low,442,Y,high,348,Z,medium,270,X,high,460,Y,low
11,X,high,106,Y,,80,X,high,14,X,medium,25,Z,low,282,Y,high,310,X,medium
12,,low,423,Z,low,125,Y,medium,390,Z,low,214,Z,medium,348,X,high,417,X,high
13,X,high,170,Z,low,343,Z,low,44,X,medium,247,Z,high,459,Y,high,13,Y,medium
14,Y,high,381,X,low,220,Z,low,275,Z,medium,195,Z,medium,65,X,high,391,Y,medium
15,Y,medium,18,X,low,391,X,low,415,Z,high,266,Z,medium,31,Z,high,94,Y,low
16,Y,low,245,Z,medium,262,X,low,229,X,medium,56,Z,high,44,Y,,282,X,high
17,X,low,475,X,medium,32,Z,high,279,Y,high,133,X,medium,133,X,medium,193,Z,low
18,X,medium,,Y,medium,332,Z,high,309,X,medium,2,Y,,176,Z,high,431,X,low
19,Y,low,15,Z,medium,304,Z,high,288,Y,low,480,X,low,439,,low,337,Y,high
20,Y,low,144,Z,low,182,Y,low,365,Y,medium,415,Z,high,260,Y,high,230,Y,high
21,X,medium,31,Z,medium,395,Z,medium,429,Y,,126,X,high,372,Y,medium,254,Y,low
22,Y,medium,306,X,high,175,Y,low,67,Z,low,18,Y,high,287,X,low,353,X,medium
23,Y,high,95,X,low,57,Z,low,,Y,medium,135,Y,high,476,Y,,359,Y,low
24,Y,high,123,X,low,60,X,medium,426,Z,low,478,,medium,164,Z,low,286,X,high
25,Z,low,293,Z,medium,450,X,medium,190,,,405,X,medium,334,Z,high,363,Z,medium
26,Z,low,162,X,,188,X,high,244,Y,medium,,Z,,136,Z,high,394,Z,low
27,X,low,325,Y,medium,207,X,low,371,X,,461,Y,medium,116,X,low,15,Z,low
28,Z,low,465,,high,152,X,high,467,X,high,88,Z,high,490,Z,high,183,Z,low
29,X,medium,465,Y,low,368,,low,125,Y,high,268,Y,medium,12,X,low,,Z,low
30,Y,high,364,Z,low,302,X,,477,Y,medium,396,Y,high,136,X,high,160,X,low
31,Z,high,484,Y,medium,449,Y,low,354,Y,high,9,X,medium,193,,high,412,Z,medium
32,Z,high,368,Y,low,447,Y,low,15,Z,medium,217,X,medium,68,Y,medium,274,Y,high
33,X,medium,33,Z,low,494,X,medium,430,,high,177,Y,low,385,X,medium,135,X,high
34,X,medium,477,Y,low,,Y,low,192,Y,high,88,X,high,179,,high,175,Z,medium
35,X,high,283,X,low,291,Z,low,141,Z,low,111,,high,229,X,high,,Z,high
36,X,low,2,Y,high,173,Y,medium,263,Y,high,484,X,,151,Y,,62,X,medium
37,X,,310,Z,high,352,X,low,288,X,high,255,X,low,445,Z,low,154,Z,low
38,,medium,122,Z,medium,374,Z,high,269,Y,high,,X,high,210,Z,medium,340,Z,medium
39,X,medium,267,X,,125,Y,low,27,X,low,341,Z,,393,X,low,453,Y,low
40,Y,medium,328,,high,429,Y,high,411,X,medium,295,Y,medium,311,X,low,475,X,low
41,Z,,13,Y,low,145,X,medium,170,Z,low,196,X,low,477,Y,low,191,Z,high
42,Y,low,219,Z,medium,491,X,high,70,Y,high,198,X,high,301,Z,medium,397,Z,high
43,X,high,27,Y,high,425,X,low,282,Z,high,268,Z,low,492,X,high,198,X,medium
44,Y,high,,Y,medium,9,Z,low,311,Z,medium,464,Z,medium,349,Y,,403,X,medium
45,Y,high,105,Z,medium,199,X,low,51,X,low,379,X,medium,,X,,455,X,high
46,Z,high,390,Y,,194,Y,low,471,Z,medium,200,Y,medium,78,Y,low,222,X,high
47,,medium,206,Z,medium,411,Z,medium,300,Z,medium,123,X,,394,,low,300,Y,low
48,X,low,23,Y,medium,,Y,medium,498,X,high,54,Z,medium,22,X,medium,433,Z,medium
49,Z,low,373,Z,high,25,X,high,335,X,low,97,Z,medium,95,Z,high,68,Z,low
50,,high,271,X,high,420,Z,high,5,Z,medium,68,Y,low,395,Z,low,123,Z,medium
51,X,low,70,Z,medium,,X,high,104,Z,medium,402,Z,,177,Y,high,313,X,low
52,Y,medium,281,Z,medium,184,Z,medium,486,X,high,287,X,,108,Z,high,89,X,
53,X,low,124,,low,85,Z,medium,279,Y,low,18,Z,medium,98,X,low,397,X,high
54,Y,low,317,X,low,78,Y,high,61,Z,,463,X,high,157,Z,,133,Z,low
55,X,low,473,Z,high,263,X,,37,Z,high,75,Z,medium,418,Y,high,168,X,high
56,X,low,,X,low,42,Y,medium,268,,medium,322,Z,,227,Y,high,405,Z,medium
57,Y,low,372,Y,high,40,X,high,297,Y,low,6,,high,476,,low,263,Y,low
58,X,medium,11,X,low,392,Z,low,123,X,low,294,X,high,,Y,low,395,Y,low
59,X,high,203,Y,,171,Z,high,97,Y,low,,Z,high,134,Y,medium,313,Z,high
60,Y,low,444,Z,,324,Z,high,,Z,high,454,Z,low,81,Z,high,257,X,high
61,Y,high,37,Y,high,493,Z,medium,217,Z,high,300,Z,high,471,X,high,255,,high
62,Z,medium,464,X,medium,25,X,medium,18,Y,low,,X,medium,451,Z,medium,401,X,low
63,X,high,46,Y,high,397,X,low,28,X,high,265,X,high,61,X,medium,499,X,high
64,Y,medium,240,X,medium,54,Y,medium,119,Y,medium,316,Y,high,160,X,,12,Z,low
65,X,high,90,Y,high,380,Y,low,,X,,207,Y,high,371,Y,medium,253,Y,medium
66,X,high,10,X,low,153,Z,high,150,,low,,X,low,491,Y,medium,391,X,low
67,X,high,,Y,,67,Y,low,,Y,low,264,X,medium,451,Y,low,321,X,low
68,Z,medium,290,X,,,Z,low,457,Y,high,484,,high,142,,medium,241,,low
69,Z,high,361,X,high,182,Y,medium,,Y,medium,,Z,medium,448,Z,medium,396,Z,high
70,Y,high,157,X,high,364,X,high,291,Y,high,364,X,high,362,Y,,234,X,
71,Y,low,246,Z,medium,340,X,high,122,,,413,X,high,231,Y,high,68,Z,low
72,Z,high,91,Z,medium,364,Y,medium,354,Z,low,359,Z,low,188,,high,136,X,low
73,Y,low,364,Z,medium,10,X,low,473,Y,medium,490,X,low,406,Z,high,21,Y,low
74,Y,medium,,Z,high,487,Y,high,338,Y,high,217,X,medium,418,Y,high,351,Y,medium
75,Y,low,430,Y,low,216,Y,medium,147,Y,low,270,Z,medium,457,Y,medium,486,X,low
76,Y,high,89,X,low,55,X,medium,196,X,high,76,X,medium,231,X,low,189,Y,low
77,Y,high,332,Z,medium,464,Y,high,464,Y,low,187,X,high,133,Y,medium,366,X,medium
78,Y,high,165,Z,low,396,Z,medium,,Y,low,79,X,low,435,,high,491,X,high
79,X,low,,Y,low,41,X,medium,110,,medium,395,Y,medium,151,Y,high,196,X,low
80,Z,low,140,X,medium,218,Y,,53,Y,low,391,Z,low,376,Y,,441,X,medium
81,Z,medium,474,Y,low,453,Z,low,320,Y,medium,96,Z,low,254,X,medium,8,Z,medium
82,Y,low,418,Y,low,341,X,high,229,X,medium,401,Y,medium,293,Y,low,338,X,high
83,Z,medium,233,Z,medium,97,Z,high,66,Y,low,160,Z,medium,104,Z,low,83,Y,high
84,X,low,247,X,high,350,Y,medium,470,Z,high,364,Y,medium,124,Y,low,390,X,high
85,Y,,176,Y,medium,94,X,medium,275,Y,low,469,Z,low,326,Y,low,4,X,medium
86,Z,medium,213,Z,high,175,Z,low,124,Y,medium,414,Y,high,129,Y,medium,416,,low
87,Z,medium,232,Z,low,97,Y,low,472,X,low,93,X,medium,334,Y,low,198,,high
88,Z,high,72,X,low,346,Z,high,349,Y,,90,Z,medium,495,X,low,118,Z,medium
89,Z,high,161,Y,,465,Y,medium,64,Z,low,56,Z,medium,,,high,277,Y,high
90,Y,low,437,Y,high,22,Z,high,413,Y,low,420,X,medium,462,X,high,494,X,high
91,,medium,489,Y,low,301,Z,low,29,Z,medium,273,X,,85,Z,high,80,X,high
92,Y,high,27,X,low,124,,,,Y,medium,77,Z,low,69,,medium,155,X,medium
93,,high,366,X,low,375,Y,high,196,Z,low,293,,medium,417,X,medium,319,X,medium
94,Z,medium,119,X,high,69,Z,medium,146,Y,low,264,Z,medium,102,Y,high,46,Y,high
95,Y,low,326,Z,medium,183,X,low,26,Z,low,298,Z,low,323,Z,medium,477,Y,high
96,X,medium,310,Y,medium,102,Y,,465,Y,medium,317,X,high,53,Z,low,261,Z,low
97,Z,high,439,X,low,436,Y,,279,Y,high,82,Z,medium,43,X,high,495,X,medium
98,X,low,351,Z,high,41,X,low,303,Y,low,193,X,low,100,X,medium,207,Z,medium
99,Y,,411,Y,low,290,Z,low,,Y,low,360,X,low,,,medium,416,X,low
100,X,medium,400,Y,low,60,Z,low,254,,high,454,Y,low,145,Y,low,165,Z,medium
101,X,low,323,X,high,299,Z,high,144,X,high,,,medium,111,Z,medium,221,Z,high
102,X,medium,205,Y,high,383,Y,medium,389,Z,,285,X,,418,Z,medium,173,X,low
103,X,,168,Y,medium,376,Y,low,265,Z,low,474,X,medium,87,X,high,273,X,medium
104,X,medium,173,,high,16,Y,high,,Z,high,300,X,medium,47,X,medium,111,X,medium
105,X,high,179,Y,medium,386,Z,high,422,Y,medium,113,Z,low,55,Y,medium,,Z,high
106,Z,medium,144,Y,medium,148,Z,high,406,Z,low,291,Y,low,441,,high,419,X,low
107,Z,high,155,Z,medium,340,X,low,123,X,,8,X,high,237,Y,low,77,,medium
108,X,medium,284,Z,,481,Y,low,324,,medium,244,X,low,,,high,396,X,
109,Y,high,135,Y,high,59,X,high,460,Z,high,283,Z,medium,403,Z,low,427,X,medium
110,,low,174,,medium,181,Z,high,399,Z,high,28,Z,medium,140,Y,low,17,Z,high
111,Z,medium,354,X,low,433,Y,high,99,Y,medium,101,Z,low,395,Z,medium,337,,high
112,Z,low,164,X,medium,70,Y,medium,427,Y,medium,494,Y,high,228,Z,low,242,Y,medium
113,Y,low,53,X,medium,,X,medium,28,Z,high,314,Z,medium,,Y,low,318,Y,medium
114,X,,8,Y,medium,274,X,low,308,Z,low,,Y,medium,264,Z,medium,147,Z,high
115,,low,382,X,medium,498,Z,low,255,Z,medium,114,Y,low,,Z,high,110,Z,medium
116,Z,low,474,X,medium,147,Z,low,18,Y,low,62,Y,high,102,X,low,143,Z,low
117,X,high,341,Z,high,,Y,medium,363,Z,high,214,Y,low,29,X,low,76,Y,high
118,Y,medium,30,X,high,397,Z,medium,148,Y,medium,272,Y,low,365,X,high,202,Z,high
119,Y,high,281,Z,high,59,,medium,426,Y,high,89,Y,high,476,Y,high,436,,medium
120,Z,high,135,X,,163,Y,medium,439,Z,,400,Y,medium,289,Z,medium,389,Y,low
121,Z,high,,Y,low,158,X,medium,295,Y,high,214,Z,high,58,,medium,89,Z,low
122,Y,medium,460,X,low,200,Y,high,313,X,,27,Z,low,56,Y,high,279,Z,low
123,Y,high,412,Y,high,286,X,medium,26,Z,medium,68,Y,high,272,Z,low,36,X,high
124,Y,medium,367,X,high,110,X,high,445,Y,high,430,Y,high,447,X,high,29,Y,low
125,Z,,250,X,low,195,Y,high,340,X,medium,168,Z,medium,,Y,medium,,Z,low
126,X,high,289,Z,low,458,X,medium,192,Y,high,186,Y,low,151,Y,medium,151,X,high
127,Z,low,457,Z,high,414,Z,high,42,X,low,99,X,,310,Z,medium,352,,medium
128,Z,low,330,Y,low,478,X,low,252,Z,high,403,Z,low,78,Z,,77,Y,medium
129,X,low,289,Z,low,341,Z,medium,450,Z,low,408,Z,high,239,Y,high,59,X,low
130,X,high,48,Z,high,291,X,low,431,X,high,121,Y,low,,Y,high,357,Z,low
131,Y,medium,,Z,low,106,Z,low,49,Z,medium,364,Z,low,314,Z,,103,Y,low
132,Z,low,404,Z,low,79,Y,low,381,Z,low,226,X,low,51,Y,low,29,Z,medium
133,Y,high,182,X,high,,Z,low,40,Z,high,83,Z,low,,X,low,394,Y,high
134,X,low,125,X,low,202,Y,medium,188,,low,397,X,high,29,Y,high,352,Y,high
135,Y,low,483,Y,high,393,,high,223,X,medium,41,Z,medium,200,Y,low,464,,low
136,Y,medium,478,Y,medium,4,X,,11,Z,high,437,Y,low,118,Y,medium,,,high
137,Z,high,210,Z,medium,445,Y,,68,X,,,,medium,489,Z,medium,238,Y,high
138,,high,115,X,high,85,Y,low,440,Y,medium,161,Z,high,159,Y,high,335,Y,low
139,X,high,398,X,,197,Z,medium,314,Z,medium,113,X,medium,17,X,medium,396,Z,medium
140,,high,312,X,low,178,X,medium,,Y,high,117,Z,high,216,,high,314,Z,medium
141,X,low,450,Z,low,462,X,low,285,X,,240,X,low,368,Y,medium,159,Z,low
142,X,medium,272,Z,medium,360,X,low,,Z,low,375,Z,medium,342,X,high,444,X,high
143,,high,275,Z,high,17,X,medium,9,Y,low,199,Z,high,488,Z,low,351,X,high
144,X,high,,Z,low,426,Z,high,273,,low,257,X,high,182,X,high,438,X,medium
145,X,medium,301,Z,medium,338,X,medium,385,Y,high,485,Z,low,261,Y,,278,Y,low
146,Z,low,181,Y,medium,34,Z,medium,102,Y,high,248,Z,medium,279,Z,high,224,X,medium
147,Y,high,102,,low,390,X,high,245,Z,medium,396,Y,high,12,X,medium,421,Z,medium
148,Z,medium,390,X,,16,Z,medium,206,X,high,192,Y,low,2,Y,low,305,Z,high
149,Y,medium,172,Y,low,212,,high,435,Y,high,39,X,medium,397,X,,387,X,
150,X,high,106,X,low,81,X,high,81,X,high,127,Z,medium,192,Y,high,444,Z,high
151,Z,medium,480,Z,medium,5,Y,low,52,X,low,79,Z,low,344,X,low,142,Y,high
152,Y,medium,481,Y,high,279,Z,medium,105,X,low,453,Z,high,472,Z,medium,96,X,high
153,Z,low,247,,medium,343,Z,medium,78,,high,13,,high,122,X,low,74,X,low
154,X,low,147,Y,medium,239,X,low,423,Y,medium,411,Y,medium,387,Y,high,299,X,low
155,Z,medium,80,Z,high,171,Y,low,130,X,low,69,Z,medium,106,X,medium,403,Y,high
156,Z,high,313,Z,high,256,Y,medium,181,X,medium,75,Z,low,370,Y,high,488,X,medium
157,,high,305,Y,high,75,Y,medium,128,Z,medium,264,Z,high,79,Z,low,16,X,high
158,Z,medium,309,Z,high,24,Z,,407,X,high,40,Y,high,152,Z,low,0,Z,high
159,Z,high,,Z,high,78,Y,high,332,Y,medium,38,Z,high,235,X,high,339,Y,medium
160,Z,low,235,Z,high,27,,high,236,X,low,387,Y,medium,244,Z,medium,134,,medium
161,X,,341,,high,384,Y,low,399,Y,high,,Z,low,,,low,237,X,medium
162,Z,medium,327,X,high,304,Z,low,35,Z,medium,298,Y,low,,Y,,39,Y,high
163,Z,low,397,Y,,93,Z,medium,339,Y,low,59,Z,low,3,Z,medium,37,,medium
164,Y,low,371,X,low,,Z,medium,180,Y,low,42,X,low,440,X,high,264,X,medium
165,Y,high,17,X,medium,242,X,high,189,X,medium,334,X,low,103,X,medium,344,,medium
166,X,medium,309,Y,high,55,X,high,79,X,high,196,X,medium,355,Z,high,443,X,low
167,Y,low,487,,high,485,X,high,48,X,high,9,Z,low,355,Z,medium,241,Z,medium
168,Z,high,279,X,medium,468,X,low,346,Y,low,340,Z,low,228,Z,medium,322,Z,medium
169,Z,low,264,Z,,379,Z,medium,425,Z,medium,484,X,high,268,X,,430,Z,low
170,X,medium,303,X,low,404,Z,low,455,X,high,280,Y,medium,36,X,low,215,Y,high
171,X,high,279,Y,medium,273,X,medium,121,,medium,190,Y,high,450,Y,high,104,Z,high
172,X,low,200,Z,medium,401,Y,low,381,Z,low,421,Z,low,59,X,medium,412,X,low
173,Y,high,496,X,medium,264,X,high,55,Y,high,168,X,medium,329,Z,low,1,Z,low
174,X,,35,Y,low,83,X,medium,389,,,306,Y,,0,Z,medium,137,X,medium
175,Z,high,407,Z,low,83,Y,high,283,Y,medium,237,X,high,372,Z,medium,65,X,low
176,Z,high,79,Z,medium,427,X,low,430,Y,high,363,,medium,179,Z,high,321,X,low
177,X,high,103,Z,medium,223,Z,high,33,Z,medium,258,Z,high,,X,medium,134,,medium
178,Z,low,303,Y,high,364,Z,medium,388,Y,low,240,Z,high,11,,medium,172,X,high
179,Z,low,318,Z,low,72,Y,low,233,Z,high,210,Z,low,109,X,low,326,X,low
180,Z,low,463,Y,medium,223,X,,284,Z,low,147,Z,low,217,X,medium,148,X,medium
181,Z,low,147,Y,high,41,Y,low,269,X,low,243,Z,low,358,X,low,181,X,medium
182,Y,,12,Z,low,110,Z,low,357,X,medium,30,Y,high,298,Z,medium,249,Z,low
183,Z,low,127,Z,low,,X,low,299,,,169,X,high,130,Z,high,59,X,
184,X,medium,272,Y,low,104,Z,high,207,Y,medium,38,Z,medium,297,Y,high,467,X,medium
185,Z,medium,178,Z,medium,303,X,high,217,Y,medium,161,,high,111,X,low,490,X,low
186,Y,medium,126,Y,high,2,X,medium,35,Y,high,175,,high,277,,medium,,Y,high
187,Z,medium,457,X,medium,96,Y,high,362,Z,low,13,Z,low,270,Y,high,54,Z,low
188,Z,low,280,Y,medium,345,Y,low,352,Z,medium,148,Z,high,113,,,236,Y,medium
189,Y,low,336,Z,high,74,X,low,283,Z,,335,Z,medium,100,Y,medium,177,X,low
190,X,high,374,Y,medium,277,Z,low,360,X,low,484,Y,medium,259,X,medium,83,X,medium
191,X,medium,204,Y,medium,433,Z,high,134,,,308,Z,low,293,Y,low,438,Z,medium
192,Z,medium,367,Z,high,390,Y,high,111,Z,high,355,X,high,489,Z,medium,207,Y,low
193,Z,medium,481,Z,low,61,Y,high,462,Z,high,334,X,medium,247,Y,low,326,Y,low
194,Y,,362,Y,high,73,X,high,,Y,low,472,Y,low,222,X,low,345,Z,high
195,Z,high,148,Z,low,352,Y,low,426,Y,high,470,X,medium,237,Y,low,159,Z,high
196,Z,medium,389,Y,medium,173,X,,26,Y,medium,57,Y,low,437,Y,high,174,X,low
197,Y,,,Y,low,,X,medium,274,Y,low,236,Y,low,153,Y,high,485,Z,
198,Z,high,36,Z,medium,238,Z,high,367,X,high,453,X,medium,190,Y,low,412,Z,high
199,Z,low,222,X,medium,289,Y,high,18,Y,medium,440,Z,high,184,Y,low,250,Z,medium
200,Y,high,,X,low,224,Z,medium,484,X,high,267,Y,low,311,X,medium,266,X,low
201,X,medium,234,X,high,11,X,low,393,Z,low,221,Z,medium,349,Y,low,,Z,low
202,Z,low,130,Z,high,47,Y,high,,Z,low,29,X,low,240,X,medium,102,X,high
203,Y,high,136,X,low,,X,high,253,X,high,238,Z,high,131,Y,medium,3,Y,low
204,Y,high,460,Z,medium,132,X,high,456,X,low,253,Z,high,344,Y,medium,402,X,high
205,Z,low,145,Z,high,408,,low,426,Y,medium,316,X,medium,137,Y,medium,470,Y,low
206,Z,high,391,Z,high,485,,low,413,Z,medium,,Y,high,448,Y,medium,81,Z,high
207,X,low,,Z,low,237,Y,high,491,X,,,,,312,Z,low,140,Y,low
208,Z,,53,Z,low,13,Z,high,372,Y,medium,484,X,medium,220,,high,176,Y,
209,X,high,31,X,medium,35,Z,high,467,X,high,108,Z,low,116,Y,high,406,X,high
210,Y,high,121,Z,medium,407,X,medium,476,Z,high,191,Z,high,378,Y,low,203,Z,high
211,Z,high,420,X,,171,Y,high,9,Z,high,254,Z,low,304,Y,medium,21,Z,low
212,X,medium,227,Y,medium,440,Z,low,327,X,medium,146,Y,high,441,Y,low,292,X,medium
213,X,low,347,Z,medium,253,X,high,166,X,low,,Z,high,353,X,medium,73,X,low
214,Z,medium,481,X,medium,439,Z,medium,247,X,low,305,Z,high,394,X,high,322,Y,low
215,Y,medium,24,X,medium,,Y,low,83,Z,medium,118,Z,medium,46,X,medium,428,Y,high
216,Z,low,54,Z,high,429,X,high,337,Z,medium,439,Y,medium,12,X,high,33,X,high
217,Y,medium,460,,high,273,Z,medium,417,Y,low,396,Z,low,329,Z,medium,497,X,
218,,low,283,X,high,218,Z,low,205,X,high,214,X,low,,X,low,331,X,high
219,Y,,308,X,low,264,X,high,349,Y,medium,231,Y,high,445,Z,high,25,Z,medium
220,Z,low,170,X,medium,163,Z,,162,Z,high,474,X,low,441,Z,low,110,Y,medium
221,Y,low,413,Y,low,301,Z,low,374,Z,medium,13,Y,high,292,X,medium,83,X,medium
222,,low,323,,high,385,Y,high,41,Y,medium,189,Z,high,364,,high,,X,high
223,Y,high,128,Y,medium,405,Y,high,440,Z,low,30,X,low,210,Y,high,361,Z,low
224,Y,high,324,X,low,489,X,low,189,Z,low,69,,high,479,Y,low,186,Y,high
225,Y,medium,1,Z,high,,Y,medium,252,Z,medium,,X,low,17,Y,high,264,Y,
226,Y,medium,120,Y,medium,384,Z,high,401,,medium,50,Z,low,146,Y,high,174,Y,high
227,Z,low,101,X,low,444,Z,low,14,X,high,478,Z,medium,348,Z,high,202,X,medium
228,X,high,392,Y,low,8,Y,high,472,Y,medium,391,X,low,393,Y,,319,Z,medium
229,Y,high,367,X,high,237,X,medium,307,Y,,320,X,low,121,X,,97,X,medium
230,,high,45,Y,low,350,Z,,487,Z,high,370,Z,medium,400,Y,low,379,Z,medium
231,Z,medium,453,Z,medium,228,Z,high,,Z,medium,92,Y,high,230,Z,medium,472,Y,low
232,Y,low,,Y,high,50,X,medium,103,Z,high,58,Y,low,428,Z,low,487,X,high
233,Y,,217,Z,low,327,Z,medium,291,Z,high,,X,,133,X,low,86,Y,medium
234,X,medium,105,Z,low,203,,medium,285,Y,high,382,Z,medium,346,Y,high,205,X,low
235,Y,,210,Y,low,308,Z,medium,460,Z,low,152,X,low,103,Z,high,132,Z,high
236,X,low,294,,high,0,Z,high,287,Y,medium,87,X,low,69,X,low,317,Y,medium
237,X,low,315,Z,medium,5,Y,medium,203,Z,low,392,Y,medium,352,X,medium,162,Z,low
238,Z,high,173,Y,low,301,,medium,,,high,,Z,high,340,X,medium,197,X,medium
239,Y,low,50,Z,low,491,X,high,162,X,high,268,Y,low,146,X,low,69,Y,medium
240,Z,high,304,Y,high,319,X,high,290,,,,Z,medium,,Z,low,279,X,low
241,X,high,352,Z,low,471,X,medium,184,X,medium,389,Y,medium,470,X,medium,268,X,low
242,Z,low,133,X,low,423,Z,medium,181,,medium,367,X,high,166,X,,275,Y,medium
243,Y,medium,319,Y,medium,140,Y,medium,7,Z,medium,,X,,250,,high,170,X,high
244,X,low,284,X,medium,51,X,medium,471,X,medium,64,Z,high,104,,high,377,Y,high
245,Y,high,250,X,medium,279,,medium,418,Y,high,434,Y,high,259,Z,low,303,X,low
246,Z,medium,4,Y,high,310,Z,,127,Z,high,68,Y,medium,442,X,medium,88,Y,medium
247,Z,low,153,X,low,385,Y,medium,68,Z,medium,214,Y,high,317,Y,medium,183,X,high
248,,high,187,X,medium,260,Z,medium,417,Y,high,447,X,low,70,Y,low,,X,medium
249,Z,high,416,Z,low,,X,low,418,Y,low,208,Y,high,370,X,high,58,Y,medium
250,X,high,413,X,medium,421,X,high,448,X,low,415,X,low,211,X,medium,176,X,high
251,X,medium,436,Z,low,292,Y,high,273,Z,low,244,Z,low,9,Z,high,436,Z,medium
252,Z,high,231,X,high,275,Y,low,367,X,,372,Z,medium,311,X,medium,220,X,high
253,Y,medium,163,Y,high,9,Z,low,364,Z,,295,Z,medium,149,X,medium,,Y,medium
254,Y,medium,249,X,high,390,Z,medium,,Z,high,140,X,,485,Y,low,340,X,medium
255,Z,medium,395,X,low,340,X,high,261,X,high,447,X,high,497,X,medium,160,Z,medium
256,Z,low,,Z,low,448,,medium,130,Y,high,233,,medium,335,X,high,413,Z,high
257,Z,medium,300,X,high,46,X,high,376,Z,high,228,Z,medium,315,X,medium,8,X,medium
258,,high,217,Z,medium,73,Y,low,485,Y,medium,329,Z,high,152,,medium,236,X,low
259,Z,low,348,Y,low,335,Z,medium,38,X,high,465,Z,medium,35,Y,low,298,,medium
260,X,medium,433,Y,medium,244,Z,high,37,X,high,435,Y,high,,,low,119,X,low
261,,low,333,Z,high,293,X,high,132,Y,high,196,X,high,231,,high,391,X,low
262,Y,medium,201,,high,217,Y,low,58,X,high,115,Z,medium,158,X,,39,,high
263,Y,high,419,Y,low,320,Z,high,4,Z,high,162,Y,high,480,X,medium,325,Y,medium
264,X,high,471,Y,,329,,low,489,Z,medium,131,Y,high,146,X,medium,316,Y,low
265,Z,low,398,Y,,94,Z,low,291,X,high,147,X,high,107,Z,high,393,X,high
266,X,high,438,Z,medium,380,Y,high,388,X,medium,215,Y,,,Y,,103,X,high
267,Y,low,132,Y,high,246,X,high,283,X,medium,10,Z,medium,417,,medium,77,Y,low
268,X,low,210,X,high,287,X,low,,Y,,266,Z,low,188,X,low,290,Z,low
269,Z,high,124,Z,medium,308,Z,high,343,Z,low,424,,medium,,X,low,485,Y,high
270,X,low,182,Y,medium,372,Y,high,80,X,high,215,X,,,,medium,392,Y,low
271,Z,low,366,Z,medium,150,Z,low,75,Z,low,39,Z,medium,260,Z,high,105,X,high
272,Z,low,338,Y,medium,3,Y,low,244,Z,medium,194,X,low,434,Y,low,203,Z,medium
273,Y,medium,1,X,low,90,Y,low,185,X,low,167,Y,medium,193,Z,medium,133,Z,medium
274,X,medium,377,Z,high,482,Z,high,420,X,high,297,Y,medium,9,X,low,389,Z,medium
275,X,high,96,,medium,111,Z,medium,153,Z,,125,Y,low,187,Y,low,256,Z,low
276,Y,high,92,X,low,124,X,medium,164,Y,low,150,Z,medium,1,Z,,218,Z,high
277,Y,high,271,Z,medium,429,Z,medium,264,Y,low,372,Z,high,211,X,high,2,X,medium
278,Y,medium,120,X,medium,117,X,medium,96,X,medium,87,Y,low,237,Y,medium,316,X,
279,X,low,481,Z,high,232,Z,medium,429,Y,high,466,,medium,365,X,medium,221,X,high
280,,high,73,Y,high,185,X,low,5,,low,148,Z,,34,Z,low,19,,low
281,X,medium,75,Y,medium,,,medium,423,Z,high,,Z,medium,240,Z,medium,97,Y,medium
282,Y,low,380,X,high,297,X,low,311,Y,medium,41,Z,medium,88,Y,high,363,X,medium
283,X,medium,143,X,low,257,Z,high,443,Y,medium,159,Y,high,233,Y,medium,374,Z,low
284,Y,medium,357,Z,high,250,Z,low,146,X,medium,188,Y,high,492,Z,high,246,Y,low
285,Y,medium,340,Y,medium,417,,low,450,Z,low,227,X,high,370,Y,low,378,Y,low
286,Z,medium,94,,medium,290,Y,medium,,Z,medium,45,Y,low,422,Z,medium,369,Z,high
287,Y,high,289,Y,,254,Z,medium,228,Z,low,123,Y,low,19,X,medium,307,Y,medium
288,X,low,268,Z,low,443,X,medium,141,Z,medium,438,X,medium,382,Z,high,104,X,high
289,X,high,47,X,high,46,Y,high,98,Z,low,461,,medium,432,Z,low,210,Z,low
290,Z,low,382,Z,,416,Z,,75,Z,low,220,Y,low,335,Z,low,,Z,low
291,Z,low,428,Z,high,98,Y,medium,291,Z,medium,59,,medium,391,,high,155,X,low
292,X,high,473,Y,low,165,X,high,480,Y,,137,X,low,23,,low,330,Y,low
293,Z,low,43,X,low,6,Y,medium,282,X,low,475,X,low,369,Y,medium,413,Y,medium
294,Y,high,89,Z,high,285,Y,low,482,X,high,459,Y,medium,417,Y,low,266,X,low
295,,high,412,Z,high,415,Z,low,377,Z,low,406,Z,,115,Z,medium,253,X,medium
296,Y,,152,,low,190,Z,low,342,Z,low,431,X,low,235,Y,low,93,Z,high
297,Z,medium,312,Y,low,331,Y,low,362,Y,high,355,Z,medium,211,X,low,248,Y,low
298,X,high,174,Z,medium,196,Z,high,464,Z,low,311,Z,high,49,Z,medium,20,Y,
299,Z,high,108,X,low,379,X,medium,429,X,high,386,X,high,64,Y,low,56,Z,high
300,X,medium,312,X,medium,499,X,medium,80,Y,low,323,Y,low,150,Z,low,,Y,medium
301,Z,low,102,Y,low,357,Y,medium,292,Y,,169,X,high,54,Y,medium,109,Z,low
302,X,medium,68,Y,low,170,Z,low,230,X,low,320,Y,medium,250,Y,medium,173,Y,high
303,X,low,265,Y,low,412,Z,high,439,Z,high,147,Z,medium,27,,medium,,Z,
304,X,low,96,Y,low,18,Y,low,102,Y,low,,Y,high,,Z,high,236,X,
305,Z,high,96,Z,low,493,X,medium,409,X,low,190,Y,medium,314,Z,high,349,Z,low
306,Y,medium,390,Y,medium,419,Z,high,239,Z,high,243,X,high,126,Y,high,223,X,high
307,Z,high,264,Y,low,326,Y,high,466,Y,medium,90,Y,,189,Y,medium,422,Z,low
308,X,high,271,Z,low,310,X,medium,,Y,,478,Y,low,167,X,high,241,Y,medium
309,Z,low,71,X,low,126,Y,high,172,Y,low,,Z,high,,X,high,496,Y,medium
310,Z,high,80,Z,high,215,Z,low,422,Y,,53,Z,low,231,Z,medium,499,Z,medium
311,Y,high,195,Z,low,50,X,,93,Y,medium,237,X,high,66,Y,,213,Y,low
312,Z,low,,Y,high,169,Y,medium,2,Z,medium,227,Y,medium,0,Y,high,382,Z,low
313,X,medium,225,Y,low,294,X,low,253,Z,,442,Y,high,221,Y,high,226,Z,high
314,X,high,67,Y,low,181,Z,low,,Y,low,377,Y,medium,282,X,medium,437,Z,medium
315,X,low,449,X,medium,385,X,high,62,,high,439,,medium,384,X,low,383,X,high
316,X,,181,Y,high,426,Z,high,497,X,high,233,Z,medium,,X,medium,169,Z,medium
317,Z,medium,408,Z,low,280,Z,low,19,Z,low,77,X,low,41,Z,low,160,Y,low
318,Y,high,200,,low,170,Z,low,294,X,high,360,X,high,298,,low,440,X,medium
319,Y,low,236,X,high,151,Y,,130,Z,low,109,X,medium,451,X,,,Z,high
320,Z,high,56,Y,low,273,Z,low,148,Y,low,318,Z,medium,119,Y,low,347,Z,low
321,Z,high,338,X,low,359,X,low,105,Y,high,205,X,medium,42,X,,338,Z,medium
322,Y,low,29,Z,low,63,,high,194,X,low,174,X,high,201,Z,medium,82,Z,high
323,Y,low,373,Y,high,223,X,high,333,Y,low,59,Y,medium,280,X,low,118,Y,high
324,X,medium,440,,high,220,X,high,161,Z,medium,,Z,low,311,X,,450,Y,medium
325,Z,medium,180,Y,high,143,Y,low,360,X,low,344,Z,low,56,Z,,139,X,low
326,Z,low,443,Y,medium,118,Y,high,223,Z,low,170,Z,high,328,Z,low,434,Y,medium
327,Y,low,349,Y,low,420,Z,low,392,X,low,368,Z,low,171,Z,medium,178,X,medium
328,Y,medium,1,Y,low,216,X,high,222,Y,low,493,Z,high,15,Y,low,423,Z,high
329,Z,high,101,Z,high,288,Y,medium,182,Y,high,360,Z,medium,461,Y,medium,288,Z,low
330,Y,medium,320,Z,high,19,Z,low,253,Z,high,474,X,low,267,X,high,49,Z,medium
331,Y,high,350,X,low,141,X,high,343,X,high,235,Y,high,152,X,high,135,Y,low
332,Z,,46,X,high,111,Z,medium,,,medium,188,Y,high,408,,low,,Z,high
333,,medium,342,Z,high,164,Y,low,453,Z,medium,421,Y,high,398,Z,medium,104,X,high
334,Z,high,405,Y,high,420,Y,high,258,X,low,331,Z,medium,103,Z,medium,113,Y,high
335,X,medium,45,X,high,,X,high,148,Y,high,302,Z,high,480,Z,medium,74,Z,low
336,,high,439,Y,medium,451,X,medium,,,high,320,Y,low,265,Z,low,,Z,high
337,Y,high,266,X,low,211,Z,medium,196,X,medium,496,,low,131,Y,high,404,Z,medium
338,X,high,308,X,,385,Z,,27,Y,low,343,Y,medium,223,Z,low,468,Y,medium
339,Z,low,25,X,low,80,,medium,17,Y,high,407,X,high,93,Z,low,442,X,low
340,Y,low,306,X,,407,Y,,185,X,low,17,Y,medium,424,X,high,441,Z,medium
341,Z,high,227,X,high,305,Y,medium,145,Z,low,361,X,medium,134,Z,medium,452,Y,high
342,,high,185,Z,low,19,Y,high,442,Z,high,158,X,high,219,,low,283,Y,low
343,Y,medium,390,Y,high,344,Z,low,365,X,high,61,X,low,34,X,high,410,X,medium
344,Y,low,,Y,high,239,Y,low,395,Y,medium,138,Y,medium,471,Y,low,317,Z,low
345,Y,high,29,Z,medium,,X,low,272,Z,low,416,X,medium,,X,high,68,,low
346,,medium,249,Z,low,423,X,low,55,X,medium,408,X,medium,326,,high,12,Z,medium
347,X,low,371,Z,low,268,Z,high,425,X,high,152,X,low,176,Y,medium,48,Z,medium
348,Y,medium,66,X,high,303,Z,medium,247,Y,high,96,Y,high,280,Z,medium,172,X,low
349,,low,492,Z,low,,X,low,214,Z,low,,Y,high,280,Y,medium,249,Y,low
350,,low,336,Z,high,,X,medium,302,Z,medium,165,Y,high,145,X,medium,319,Z,high
351,Y,low,467,X,low,166,X,,81,Y,low,231,Y,high,216,Z,high,260,Y,low
352,Z,high,235,Z,medium,350,Y,high,240,Z,high,392,X,medium,298,X,medium,183,Z,medium
353,X,low,61,Z,medium,169,Y,low,302,Y,high,165,Z,low,108,Y,low,366,Y,high
354,Z,medium,88,Z,low,444,X,high,348,Z,medium,86,X,low,65,X,low,430,X,high
355,Y,low,250,Y,high,158,X,medium,250,Y,low,54,X,medium,89,X,medium,111,,high
356,,,294,X,high,,X,high,,Z,medium,342,Z,high,208,X,medium,130,X,low
357,Z,high,367,Z,low,222,Y,medium,495,Y,low,,Y,medium,106,Y,medium,465,Y,high
358,X,high,397,Y,high,9,X,high,48,,,,Y,high,142,Z,medium,,Z,high
359,X,low,381,Z,high,405,Y,high,41,,high,401,Y,low,342,Z,medium,154,X,low
360,Y,medium,294,,high,67,X,,257,Z,low,46,Y,low,335,Z,low,254,X,high
361,Z,low,9,X,medium,234,Z,low,413,,high,326,Z,medium,471,X,low,288,Y,low
362,X,medium,264,Z,medium,453,Z,high,256,Z,,5,Z,medium,381,X,low,317,X,medium
363,Y,low,409,Y,medium,496,Y,low,108,X,high,471,X,high,212,Y,high,432,Y,high
364,X,medium,423,,,115,Z,high,281,Z,low,356,Y,medium,464,Z,medium,52,Y,medium
365,X,medium,417,Z,,188,Y,medium,471,X,low,410,Z,high,460,X,high,261,X,low
366,Z,high,5,Y,low,282,X,low,83,Z,medium,333,Y,low,111,Z,low,108,X,low
367,X,medium,217,X,,349,X,low,222,Y,low,201,Y,low,85,Z,low,376,X,high
368,Y,high,,Z,high,125,X,high,319,Y,high,497,Y,,442,X,low,298,Y,low
369,,low,,Z,medium,274,Z,medium,196,Z,medium,393,Y,,445,X,medium,374,X,medium
370,X,high,204,Y,medium,417,,low,22,Y,,44,,,422,X,medium,452,Z,high
371,Z,high,48,Z,high,381,Y,high,334,X,low,288,Z,low,230,X,low,,X,high
372,Y,high,96,X,high,411,X,high,370,X,low,271,Y,medium,431,Z,medium,427,X,high
373,,high,2,,high,444,X,low,327,Z,high,143,Y,low,,Z,low,405,Y,
374,Z,low,489,X,low,430,Y,low,,Y,medium,,X,high,370,Z,medium,312,Y,low
375,Y,,429,Y,low,255,X,high,328,Z,low,,,low,301,X,medium,196,Z,high
376,Z,low,201,Y,low,487,X,medium,165,X,high,43,Z,high,133,Z,low,168,X,medium
377,X,high,2,Y,low,247,X,low,8,X,low,464,Z,,,Z,low,181,Z,
378,X,medium,167,X,medium,354,Y,medium,494,Z,high,350,Y,medium,438,Z,high,303,Z,high
379,X,medium,217,Z,high,471,X,high,102,X,medium,56,Y,medium,442,Y,high,401,Y,high
380,Y,medium,84,Y,medium,21,Z,medium,,Z,medium,152,X,low,299,X,high,,,medium
381,Z,medium,330,Y,high,466,Y,high,270,Y,low,419,X,medium,19,Z,,289,Y,low
382,Z,medium,498,Z,medium,,X,,269,Y,low,351,Y,,370,X,medium,206,Z,low
383,Y,high,421,Y,high,498,X,high,10,X,,38,X,high,126,X,high,303,X,medium
384,X,low,428,Z,low,386,Z,medium,495,X,medium,73,X,high,102,X,high,409,Z,low
385,Y,high,415,X,low,78,Y,high,264,Z,medium,464,,low,39,X,high,205,X,low
386,Y,medium,34,Z,high,150,Z,medium,415,Y,medium,78,Y,medium,78,Y,medium,198,Z,high
387,Y,medium,275,Z,medium,1,Z,high,388,Y,medium,312,Z,low,245,X,medium,100,X,low
388,Z,high,282,Z,medium,303,Z,low,68,,low,497,Z,medium,138,Z,low,249,Y,high
389,Y,,50,Z,high,218,,low,,Y,medium,83,X,,,Z,low,228,Y,medium
390,Z,low,73,Z,high,237,Z,,295,Z,high,22,Z,medium,255,X,medium,80,Y,high
391,Y,low,282,Y,,366,Z,low,92,Z,high,408,Y,high,263,Z,high,,,low
392,X,high,357,Z,medium,410,,high,290,Y,medium,474,Z,high,208,X,medium,,X,medium
393,X,medium,104,Z,medium,36,X,low,308,X,medium,257,X,low,226,X,medium,145,Z,high
394,Z,medium,242,Y,medium,458,Y,high,326,Y,medium,116,Y,,443,,high,472,Y,medium
395,Y,high,37,Z,high,186,Z,medium,160,Z,high,29,Y,medium,141,X,medium,136,Y,high
396,X,low,55,X,high,376,Z,medium,470,X,medium,455,Y,high,6,X,medium,209,Y,high
397,X,low,290,Z,low,290,X,medium,118,Y,high,399,Y,low,400,X,high,65,Y,high
398,X,medium,278,Z,medium,221,X,medium,246,X,low,448,,low,40,Y,low,306,Y,medium
399,Z,high,375,X,medium,106,X,medium,419,Y,,394,,high,387,X,medium,240,Y,
400,X,low,455,X,medium,94,Z,medium,38,Z,medium,216,Y,low,162,X,high,133,,low
401,X,high,94,,low,365,Y,high,201,Y,medium,241,Y,medium,420,X,medium,144,X,low
402,Y,high,170,X,medium,160,Y,high,,Z,medium,191,Y,high,83,Z,low,467,Y,low
403,Y,low,427,Z,high,114,X,medium,386,X,low,365,Y,,82,Z,high,343,X,low
404,X,low,25,Y,low,2,X,medium,393,Z,medium,50,X,low,203,,medium,76,Y,high
405,X,high,414,Y,medium,420,Z,low,,Z,medium,20,Z,high,209,X,high,67,Y,low
406,,low,472,,high,197,X,high,,Z,medium,480,X,low,358,X,low,35,Y,medium
407,X,high,49,Y,medium,174,X,low,245,Y,medium,159,Z,high,323,Z,high,123,X,medium
408,Z,high,,Z,medium,185,X,medium,13,Z,medium,17,X,medium,496,Y,high,369,Y,low
409,Y,low,342,,low,299,X,high,411,Z,medium,,Z,low,,X,,30,Z,high
410,X,,237,X,low,240,Y,high,151,Z,medium,199,X,medium,101,X,low,124,Y,high
411,,medium,493,Y,medium,272,Z,medium,233,Z,low,115,Z,,44,Z,medium,20,X,low
412,Z,medium,272,Y,,138,X,medium,341,X,high,217,X,high,132,Z,,324,Y,low
413,Y,high,327,Y,low,148,Y,low,388,Y,high,225,Y,medium,491,Y,low,407,Y,low
414,Z,medium,118,Z,low,431,X,medium,43,Z,medium,,Y,high,384,X,medium,264,,low
415,Z,,,Y,high,219,Y,low,383,Z,high,,X,low,370,X,low,452,Y,
416,X,low,88,X,high,,X,high,187,,medium,440,Y,high,136,X,high,344,,low
417,X,low,73,Y,low,422,Y,high,,Y,low,413,X,low,234,Z,high,381,Y,medium
418,Z,low,56,Y,medium,355,,low,66,X,high,246,Y,medium,351,Z,high,156,Z,medium
419,X,medium,446,X,medium,274,Y,low,358,,low,278,Y,high,473,X,low,432,X,low
420,Z,low,34,,low,418,X,medium,,X,medium,66,,high,291,Z,high,315,X,medium
421,X,high,258,X,low,27,X,medium,51,Z,medium,288,Z,high,10,Z,medium,43,Y,medium
422,Z,high,254,X,low,249,X,medium,70,X,medium,335,Y,high,427,Z,low,41,X,low
423,Z,high,27,Y,,356,Z,low,,,low,443,Z,high,466,Z,medium,449,Z,low
424,,high,421,X,low,54,X,high,54,X,high,23,Z,,16,Y,medium,137,Z,high
425,Z,low,250,Z,medium,91,Y,low,260,Z,medium,431,X,high,196,Z,medium,233,Y,
426,,high,63,X,low,32,Y,medium,348,Z,medium,259,X,medium,489,Z,high,380,Z,low
427,Z,medium,64,Y,low,243,Y,high,456,Y,medium,,Z,medium,476,Z,low,384,Z,high
428,Z,high,350,X,low,270,X,high,,Z,high,,X,low,482,Y,medium,13,X,medium
429,Y,high,309,Y,medium,234,Y,medium,147,,medium,232,X,medium,487,X,low,307,Y,high
430,,medium,206,Z,low,27,Z,low,77,Z,medium,205,Y,low,11,Y,high,456,Y,low
431,,low,,Y,low,243,Z,high,,Y,high,95,Z,high,,,medium,174,Z,low
432,X,high,17,Y,low,444,X,low,296,Y,medium,36,X,low,249,Y,high,271,X,medium
433,Y,medium,15,X,high,15,Y,low,491,X,low,41,Y,low,301,Z,low,132,X,low
434,Y,medium,267,X,medium,387,X,low,21,Z,low,133,Y,low,200,Y,low,360,Z,medium
435,Y,medium,181,Y,high,136,Z,high,352,X,low,146,Y,low,134,X,high,59,Z,low
436,Y,high,126,Y,low,37,Y,medium,16,Z,low,231,Y,high,127,X,low,259,X,high
437,Y,medium,189,X,,25,Z,medium,54,Z,low,305,X,low,301,Y,medium,206,Y,high
438,X,low,302,Z,low,6,Z,high,215,Z,,495,Y,medium,488,X,,320,Z,high
439,Z,high,146,Y,low,207,X,high,183,X,,397,X,high,413,X,medium,247,X,medium
440,X,medium,174,X,low,248,Y,high,182,Z,low,242,Z,medium,87,X,high,490,Y,medium
441,Y,low,141,X,low,310,Y,low,33,Z,medium,456,X,medium,74,Y,high,491,Z,medium
442,Z,medium,333,Y,low,40,,,272,Y,medium,278,Z,medium,131,Y,medium,142,Z,low
443,Y,high,27,Y,low,327,Z,medium,170,Y,low,211,X,medium,366,Y,medium,18,X,medium
444,Z,,459,Z,low,369,Y,high,496,X,low,108,Y,high,4,X,low,246,Z,low
445,Y,low,277,Y,high,32,X,medium,394,Y,high,211,X,medium,352,X,low,295,Y,high
446,X,medium,122,Y,low,,Y,low,217,Z,low,20,Y,high,290,Z,high,375,Y,low
447,Z,high,379,Z,,59,Z,,382,,low,76,Z,high,329,Z,,262,X,low
448,X,medium,469,Y,medium,219,Y,medium,288,Z,medium,472,Z,low,,X,,293,Z,high
449,Z,medium,29,Z,medium,330,Z,high,247,X,low,97,Z,low,295,Z,high,11,X,low
450,X,low,102,Y,,435,Z,medium,459,Z,medium,283,,medium,310,Y,medium,381,Z,medium
451,Z,low,71,Z,medium,265,Y,medium,293,Y,high,51,Y,medium,240,X,low,164,X,
452,X,high,35,Y,low,217,Z,low,241,X,medium,300,Z,low,,Y,medium,,Z,low
453,,high,,Z,low,,Y,low,283,Y,low,487,Z,high,190,X,medium,211,X,medium
454,Y,medium,96,Z,low,108,Y,low,390,X,high,228,Z,,33,Y,medium,35,Y,high
455,X,high,191,Y,high,102,Z,low,370,Y,,63,X,medium,12,Z,low,247,X,low
456,X,high,407,X,medium,233,X,,274,Y,low,11,X,,357,Z,low,190,X,medium
457,,medium,,X,low,60,Z,low,88,Y,low,378,X,medium,318,X,high,116,X,high
458,Z,medium,338,X,,11,Y,low,318,,low,51,,,204,Z,high,122,Z,
459,Y,low,48,X,medium,181,Y,high,215,X,high,158,Z,low,373,Y,medium,17,X,high
460,X,low,485,Y,low,76,Z,high,466,Z,high,421,X,high,236,X,high,443,X,high
461,X,,41,X,,318,Y,low,454,Y,medium,268,Z,high,127,Z,high,146,Y,high
462,X,,354,X,high,274,Z,high,0,,high,436,Z,high,292,,high,437,Z,medium
463,X,high,319,X,medium,242,Y,low,499,X,high,436,Y,medium,188,X,high,418,X,high
464,Z,low,206,X,high,248,X,low,450,Z,medium,330,X,low,487,X,high,228,X,high
465,Y,low,419,Y,low,49,Y,medium,453,X,high,468,X,high,360,X,high,403,,medium
466,Y,low,446,Z,high,201,X,low,248,,medium,18,Z,medium,374,Z,low,105,,low
467,X,high,35,Z,medium,35,Z,low,135,Z,high,120,Z,high,343,,high,90,X,high
468,Y,high,479,Z,high,177,X,high,303,X,high,138,,low,341,,,449,Z,low
469,Y,low,120,Z,high,338,Y,high,441,X,high,,,high,386,X,,323,Y,high
470,X,high,395,Z,medium,493,Z,low,225,X,medium,310,Z,high,215,X,,344,Z,medium
471,Y,high,410,X,low,148,,low,492,X,,126,Z,low,410,Y,low,461,,medium
472,Y,medium,278,X,high,132,Y,high,130,Z,low,104,,medium,17,Z,high,6,Y,high
473,Z,,431,Y,medium,334,Y,high,426,Y,medium,,X,medium,333,X,,,Z,medium
474,Y,,412,X,medium,458,Y,low,,Y,low,429,X,medium,269,Z,low,480,X,high
475,X,low,,X,high,147,Z,high,419,Y,medium,7,Y,low,4,Z,high,64,Z,high
476,,low,89,Z,high,419,X,low,472,Z,low,182,Y,low,330,Z,high,224,X,low
477,Y,,217,Y,low,157,Y,medium,351,Z,medium,267,Y,,1,Z,low,11,X,high
478,,low,450,Z,medium,319,X,high,311,X,high,117,Y,medium,352,,medium,162,X,low
479,Z,low,101,Y,high,104,Y,medium,205,Z,low,362,Z,low,262,X,low,86,Y,
480,Z,high,499,Y,,131,Z,medium,436,Y,medium,378,Z,medium,303,Z,high,127,,low
481,X,high,,X,medium,491,X,high,63,Z,low,419,Z,medium,304,Y,high,406,Y,low
482,Y,high,332,X,low,194,Y,medium,145,Z,,393,Z,high,150,Y,medium,137,Y,
483,X,low,320,X,low,8,X,high,65,Y,low,420,Y,medium,311,Y,,406,Y,high
484,Z,high,97,Z,medium,386,X,high,138,Y,low,182,Y,low,110,X,high,447,X,medium
485,X,low,236,Z,high,63,Z,low,261,Y,medium,149,Y,medium,379,Y,low,270,Z,medium
486,Z,low,72,X,medium,55,Z,high,167,X,low,158,Z,low,45,Z,medium,269,Y,medium
487,X,high,182,Y,low,418,Z,high,210,X,high,426,Z,low,70,Y,high,166,X,medium
488,Y,low,479,Y,high,174,Y,high,115,Y,high,324,Y,high,351,Y,medium,333,Z,high
489,X,medium,27,Y,low,69,Y,medium,176,Z,low,161,Z,low,28,X,low,,Y,high
490,Z,low,435,X,low,,Z,medium,248,Y,high,360,X,low,485,Y,high,431,Z,low
491,Y,low,338,X,medium,140,Y,medium,106,Y,medium,116,Y,medium,15,X,medium,97,Y,medium
492,Y,high,374,X,high,316,Z,high,,Y,medium,133,Z,medium,262,Y,low,343,Y,low
493,Y,,141,X,low,131,X,medium,448,X,high,0,Z,high,492,X,high,69,Z,low
494,X,high,474,X,,290,X,low,438,Y,,483,Y,high,336,Z,high,245,Z,low
495,Y,low,126,Y,high,348,Y,high,0,Y,low,117,X,low,316,X,medium,44,Z,high
496,Z,high,251,Z,medium,378,X,low,247,Z,low,376,Z,high,346,X,high,275,Y,high
497,Y,high,18,Z,,,,medium,397,Z,medium,59,Z,high,353,Y,,425,Y,low
498,X,high,443,Y,medium,307,X,low,174,Z,medium,18,Y,low,80,Y,high,408,Y,high
499,Z,low,352,X,low,420,X,medium,115,Y,high,,Z,medium,154,Z,high,357,Y,low
500,Y,low,81,Y,low,420,Z,medium,305,Z,medium,49,Y,high,95,Y,low,288,Y,low
501,X,medium,331,X,medium,373,Y,,1,X,medium,72,Y,medium,105,Y,high,312,X,low
502,X,low,91,X,medium,199,Z,high,,X,low,165,X,medium,104,Z,low,49,Z,low
503,X,low,222,Z,high,265,X,medium,225,Z,medium,292,Y,high,318,,medium,363,X,medium
504,X,high,256,,low,483,X,,341,Y,medium,9,Y,medium,466,Z,low,340,X,medium
505,,high,465,Y,low,124,Y,low,341,X,medium,63,Y,medium,279,Y,medium,71,X,low
506,X,high,166,Y,low,346,Z,high,267,Y,high,168,X,low,7,Z,medium,316,X,medium
507,X,high,6,X,medium,396,Z,high,291,Z,medium,352,Y,medium,346,X,high,192,Y,medium
508,X,low,216,Y,high,240,Z,medium,13,X,low,48,Z,low,270,Z,low,254,Z,medium
509,X,high,463,Y,high,432,Y,,490,Y,high,142,Z,high,388,Z,high,,X,high
510,X,,399,Z,low,214,Z,medium,38,Z,medium,,X,low,188,Y,high,161,Z,medium
511,Y,medium,29,Y,medium,418,X,high,488,Z,medium,154,Y,low,214,X,low,458,,medium
512,X,low,26,X,high,322,Y,low,486,Y,high,,X,,329,,high,208,Z,high
513,Z,low,378,Z,low,25,X,high,358,,medium,320,,medium,353,X,high,256,Y,high
514,Y,high,360,X,high,411,X,high,373,Z,high,33,Y,medium,110,X,low,14,Z,
515,X,low,278,X,low,348,Y,high,14,Y,high,469,Z,high,293,Z,low,61,Z,medium
516,Y,high,44,Y,low,111,Z,high,474,Z,medium,122,Y,low,480,Y,high,140,Z,low
517,X,high,140,Z,low,351,X,high,,Z,high,495,X,high,32,Y,medium,489,Y,low
518,Z,medium,423,X,high,255,Z,,169,X,low,364,Y,low,165,Z,low,129,X,low
519,Y,low,69,X,high,471,Y,low,334,X,high,178,Y,medium,266,Z,medium,197,Y,high
520,Z,medium,100,X,high,152,Z,low,267,Z,high,151,Z,low,462,Z,medium,427,Z,high
521,Y,medium,226,Z,high,131,X,medium,180,X,low,473,Z,low,484,X,high,159,Y,medium
522,X,medium,367,,high,29,Z,,160,Z,low,498,Z,low,294,X,low,406,X,high
523,X,,414,Z,medium,393,X,low,59,,low,306,Z,low,273,Z,,59,Y,high
524,Y,medium,295,X,high,492,Y,medium,454,Z,low,23,Y,medium,,X,,66,X,medium
525,Z,high,246,Z,low,344,Z,low,332,Y,high,,Y,high,222,X,high,6,Z,low
526,Y,low,192,X,medium,184,Z,medium,143,X,low,238,Y,high,,Y,high,62,Z,medium
527,Z,medium,21,Z,high,439,X,,361,X,low,,Y,high,272,Y,high,,Y,high
528,Y,low,133,Z,high,126,X,high,346,Y,medium,400,,medium,276,X,,45,X,medium
529,X,medium,107,Z,medium,346,Y,high,69,Y,medium,16,Z,low,421,Z,high,306,X,medium
530,Y,low,28,Z,low,298,Y,medium,87,X,medium,185,Y,low,,Y,low,299,X,medium
531,X,high,372,X,high,426,X,high,115,Z,medium,37,Y,low,478,Y,medium,117,Y,
532,Z,medium,176,Y,low,485,X,low,52,,high,218,Z,medium,352,Y,medium,18,X,medium
533,X,,254,X,high,179,X,low,411,Z,,402,,high,293,Z,high,80,Z,low
534,Y,low,100,Y,high,47,X,high,,X,medium,64,Y,medium,289,Y,medium,71,Z,
535,Y,medium,295,Y,high,78,Y,high,405,X,low,68,Y,medium,288,Z,low,264,Y,medium
536,Y,high,67,Z,low,369,X,,264,Y,high,478,Z,medium,,X,low,465,Z,high
537,Y,high,338,Y,low,181,Z,low,58,Y,low,88,X,high,,Z,medium,217,Y,low
538,Z,low,369,Z,medium,69,Z,low,422,Y,medium,,X,high,369,Z,high,316,X,high
539,Z,medium,155,X,medium,407,X,low,86,X,high,292,X,medium,126,X,high,151,Z,high
540,X,low,106,X,medium,324,Z,medium,499,X,medium,138,Z,high,326,Z,high,45,Y,high
541,Z,medium,390,Z,low,65,Y,low,7,X,medium,478,X,medium,263,X,low,109,Z,low
542,Z,low,111,,medium,356,X,high,311,,low,81,Z,low,183,Y,medium,239,Z,low
543,,low,89,Z,high,318,X,medium,156,Z,high,283,Z,,401,Z,medium,429,Z,medium
544,,high,170,Y,high,492,Y,high,,Y,low,460,Z,high,159,X,high,124,,low
545,Z,,483,Z,medium,493,Z,medium,419,Z,high,366,X,,,Y,low,491,,medium
546,X,high,231,Y,low,487,X,high,393,X,medium,14,Y,high,125,Z,high,319,X,high
547,Z,high,131,Y,low,447,X,low,140,X,medium,93,,low,,Y,low,177,X,medium
548,Z,medium,256,Z,low,,,medium,31,X,high,62,X,medium,287,X,medium,311,X,high
549,X,low,174,Z,,335,Z,low,141,X,high,457,X,low,487,X,high,349,X,high
550,Z,high,332,X,high,,X,high,404,X,low,100,Z,high,149,Y,high,342,Y,high
551,Z,low,219,Z,medium,396,Z,medium,257,Y,medium,27,Y,low,57,X,medium,432,Z,high
552,,,294,Y,high,482,Y,,379,Z,medium,191,Y,low,60,X,medium,330,X,low
553,Z,high,218,Z,low,58,X,high,247,Y,low,141,Z,,245,Z,high,13,Y,low
554,X,medium,,Y,high,68,Z,high,264,Z,medium,,Y,medium,391,Y,medium,188,Z,high
555,Z,low,223,Z,low,249,X,low,32,X,low,226,Z,high,356,Y,medium,454,Y,high
556,Z,medium,196,Y,low,146,Y,high,11,Z,medium,450,X,,104,X,low,103,X,high
557,X,high,481,X,high,265,Y,high,,X,low,,X,low,417,Z,high,249,Y,
558,Y,medium,132,Z,high,155,Z,medium,101,X,low,490,X,medium,82,Y,high,250,Z,low
559,Y,,402,X,medium,391,Z,medium,180,Y,high,331,Y,medium,279,,medium,278,Z,medium
560,X,medium,354,Y,medium,449,Z,high,184,Y,,191,Z,high,424,,low,434,Z,medium
561,Z,medium,263,Z,high,141,,medium,316,X,low,339,Y,high,403,,,269,Y,
562,Y,low,158,Z,high,386,X,medium,470,X,,174,X,low,351,,low,0,Y,medium
563,X,low,241,Z,low,53,X,low,378,Z,low,105,,low,165,Y,low,121,Z,medium
564,Y,high,,,low,398,Y,high,319,Z,high,117,Y,medium,383,,medium,315,Z,low
565,X,medium,90,Z,low,,Y,high,417,Z,high,,,medium,193,Z,medium,391,X,high
566,X,high,293,X,medium,355,X,low,255,X,high,324,X,high,175,Z,medium,323,X,medium
567,,medium,,Z,low,,X,medium,72,Y,,,X,high,266,X,high,366,Y,high
568,Z,,316,X,medium,53,Y,low,,Z,low,99,Y,low,308,X,low,120,X,low
569,X,medium,72,Z,low,421,Z,medium,488,Y,medium,0,Z,medium,,X,high,47,Y,high
570,X,medium,254,Y,medium,54,Z,low,389,X,low,32,Z,medium,,Y,low,474,Y,medium
571,Z,high,91,Z,high,240,Z,high,174,Z,low,452,,medium,433,Y,medium,281,Z,high
572,Y,high,464,Y,low,87,Y,,161,Z,medium,11,Z,low,141,Y,high,369,Z,low
573,X,high,175,Z,low,423,Z,high,459,X,,310,Y,high,120,X,high,478,X,low
574,Z,high,210,Z,,287,Y,high,47,Z,low,163,Y,low,34,Z,medium,91,Z,low
575,X,low,428,,low,253,Y,high,,Z,low,69,Z,high,203,Y,low,435,Z,medium
576,X,high,213,X,,158,X,low,338,Y,high,149,X,high,85,Y,medium,183,Y,medium
577,Y,high,96,Y,high,391,Y,high,403,X,low,46,Y,high,465,Y,medium,312,X,low
578,,medium,446,Y,medium,105,X,high,164,Z,medium,156,X,low,448,Z,high,193,Z,low
579,Y,low,323,X,low,360,Y,low,324,Z,low,408,Y,medium,414,X,medium,99,X,high
580,Y,low,302,X,medium,484,Z,low,162,,high,310,X,low,140,Z,,439,X,high
581,X,high,37,X,high,133,Y,high,8,X,medium,405,X,medium,345,,,173,Y,low
582,,high,224,Z,low,343,X,medium,227,X,low,,Y,high,245,Y,low,12,X,high
583,Z,low,229,Y,high,154,Z,low,489,Z,low,463,X,medium,136,X,high,75,Y,high
584,Y,medium,131,Z,high,464,Z,medium,121,Y,high,54,Z,low,267,Z,medium,480,X,high
585,X,medium,282,Z,low,449,Y,high,81,X,high,79,X,low,82,Z,medium,410,X,low
586,Z,low,122,,medium,156,X,medium,460,Y,high,,X,low,480,Y,low,332,Z,medium
587,X,medium,235,Z,low,,X,medium,,Z,low,261,Y,medium,81,Z,medium,389,X,low
588,Z,high,400,X,medium,41,X,medium,423,,high,391,Y,medium,150,Z,medium,324,Y,low
589,Z,low,367,Y,high,348,Z,low,488,Y,medium,60,Y,high,110,Z,low,455,Z,high
590,,high,139,Z,high,459,X,low,495,X,high,55,Z,low,260,X,high,,Y,high
591,X,high,,,low,72,Y,medium,,X,medium,397,Y,,336,Z,high,31,X,
592,Y,medium,2,Z,medium,408,Z,low,482,Y,medium,274,Y,,479,X,low,347,Z,medium
593,Z,low,172,Y,low,377,Z,high,,Z,medium,,Z,high,194,Y,low,482,Z,low
594,Y,low,9,,low,235,X,medium,157,Z,low,111,Y,low,100,X,medium,290,X,high
595,X,low,64,Z,high,111,Z,medium,229,X,high,347,X,,10,X,high,483,Z,medium
596,Z,medium,489,,,326,Z,medium,190,X,medium,401,Y,medium,298,Z,low,200,X,low
597,X,medium,427,Y,medium,297,Y,high,254,Y,low,15,Z,,489,Y,high,337,Z,high
598,Z,low,279,Y,high,405,X,medium,,X,,26,X,medium,31,Z,medium,254,X,low
599,Z,medium,387,X,high,282,Z,low,120,X,low,388,Z,low,498,X,medium,440,X,low
600,Y,high,244,Y,low,24,Y,medium,7,Y,high,441,Y,,131,Z,low,323,X,high
601,X,low,300,Y,low,101,Y,low,301,Z,low,114,X,high,454,Z,medium,219,Z,medium
602,Z,high,458,X,medium,190,Y,medium,,Y,,352,,low,34,,high,122,Y,high
603,Z,low,39,Y,high,245,X,medium,430,Z,medium,421,Y,low,445,,low,156,Y,low
604,Y,medium,,X,low,174,Y,medium,5,X,high,56,Z,medium,165,X,medium,37,X,
605,X,low,59,Y,medium,439,X,medium,299,Y,low,92,X,high,137,Y,low,77,X,medium
606,X,low,397,X,high,140,X,medium,265,Y,low,65,X,medium,103,Y,low,254,Z,low
607,X,high,411,Z,high,340,Y,high,212,Z,low,395,X,low,66,Y,low,15,Z,low
608,Y,medium,360,Z,medium,180,X,high,334,,low,385,Y,low,399,X,high,235,Z,low
609,Y,medium,304,Z,high,496,Z,high,213,Z,medium,67,Z,low,34,Y,high,20,,
610,Y,medium,238,Z,high,458,Z,low,457,Z,,87,Z,high,231,Y,low,80,Z,medium
611,Y,low,11,X,high,392,Y,medium,453,Z,high,331,Y,low,474,Y,high,345,Y,
612,Y,high,387,Y,high,382,Y,low,,Y,medium,448,,high,202,X,medium,14,X,
613,X,medium,446,X,high,321,X,medium,229,,,389,Y,low,413,Y,high,168,X,high
614,Y,low,482,X,low,293,X,high,298,Y,low,83,X,,346,Z,medium,95,Y,high
615,Z,high,170,Y,low,281,Z,medium,450,Y,low,193,Y,high,397,Y,high,27,Y,
616,Z,low,100,Y,medium,13,Y,high,150,X,high,33,Z,high,473,X,low,104,X,low
617,Z,high,326,X,high,,Z,high,,X,medium,122,Y,low,48,Z,low,56,Y,high
618,Z,low,8,X,high,,X,high,295,Z,medium,,X,low,,X,,40,X,low
619,X,low,30,Y,high,263,X,high,31,Y,medium,172,X,low,160,Z,high,332,Z,medium
620,X,low,410,X,low,435,Y,high,374,Z,medium,303,Z,medium,33,X,low,62,Y,low
621,Y,medium,478,X,high,201,Z,high,101,X,high,148,,high,53,X,low,469,Y,low
622,Y,medium,201,Y,,56,Y,low,257,Z,low,281,X,high,54,Y,high,243,Y,medium
623,Z,low,253,X,low,417,Z,low,475,Z,medium,316,Y,high,474,Z,medium,203,,low
624,Z,low,,Z,high,254,X,medium,389,Y,low,97,Z,low,428,Y,high,437,,high
625,Z,low,69,Z,high,470,Z,high,349,Y,low,22,X,medium,294,X,medium,388,Y,medium
626,X,medium,111,Z,medium,106,Y,medium,34,Z,high,169,X,high,422,Z,low,,Z,high
627,Z,high,149,X,low,239,X,low,429,Y,high,20,Y,high,171,X,medium,486,Y,low
628,Z,low,,Y,low,333,Y,high,167,Z,,79,Y,low,237,,low,265,X,high
629,Z,high,,Z,high,68,Z,high,25,X,low,143,Y,low,,X,medium,354,Y,low
630,Y,medium,360,Y,low,498,Z,medium,479,X,low,169,Z,low,73,Z,high,484,Z,medium
631,X,low,97,X,medium,304,X,high,95,X,medium,138,Z,high,73,Y,low,361,Z,medium
632,X,low,476,Z,low,85,Z,high,161,,,26,Y,medium,263,,low,295,X,high
633,Z,high,441,X,low,370,X,high,71,Z,high,88,,high,126,Y,high,307,Z,
634,Z,high,237,Z,high,439,Y,low,310,Z,high,441,X,high,334,X,low,327,Z,low
635,,high,112,X,high,186,,low,433,Y,high,358,,high,317,Y,medium,488,X,low
636,Y,medium,488,Z,medium,,Z,medium,259,Y,high,,X,medium,166,Y,,350,Y,high
637,Y,high,404,X,medium,373,Y,high,434,Z,low,11,Y,medium,57,Z,low,149,Z,medium
638,X,high,,Z,medium,72,,high,468,Y,medium,179,X,low,41,Z,low,10,X,low
639,Y,high,133,Y,medium,265,Y,low,436,Y,medium,462,Y,high,221,Y,high,391,Z,
640,X,medium,,,high,,Z,high,81,X,medium,404,X,high,160,X,high,244,Y,low
641,Z,medium,185,Z,high,150,Z,medium,103,X,high,378,Z,medium,16,X,high,207,X,low
642,Z,high,337,Z,low,149,X,high,149,Z,high,124,Y,medium,345,Y,low,467,X,medium
643,X,high,416,Z,low,314,Y,high,319,Z,medium,201,Z,high,478,Y,,,,high
644,Z,medium,244,Y,high,375,X,low,431,,medium,14,Y,medium,489,Y,high,18,Z,high
645,Z,low,24,,medium,194,Y,medium,156,Z,high,429,X,high,58,,high,369,Z,low
646,Y,medium,281,,medium,73,Y,low,333,Z,low,56,Z,low,95,Z,medium,462,X,high
647,Y,medium,429,X,high,393,Z,medium,93,X,low,309,,low,215,Y,medium,414,Z,high
648,X,high,111,X,medium,86,X,high,271,Z,medium,141,Z,high,457,X,low,435,Z,low
649,Z,low,479,X,medium,,Z,high,389,Z,,285,Z,high,287,Y,low,431,X,medium
650,X,low,181,Y,medium,161,Z,high,197,X,medium,413,Z,low,228,X,medium,342,X,medium
651,Z,high,342,Z,low,409,Y,medium,81,X,medium,156,Y,high,462,Y,low,460,X,medium
652,Y,high,350,Y,high,378,Y,low,205,Z,medium,8,Y,low,331,Y,high,170,Z,medium
653,Z,low,91,X,high,153,,medium,381,X,medium,331,Y,high,492,Y,low,372,Y,medium
654,Y,low,,Y,high,259,X,medium,467,X,high,266,Y,low,431,,medium,46,X,medium
655,Z,medium,474,X,medium,479,Z,medium,308,X,low,69,Z,medium,499,X,medium,263,Z,medium
656,Y,high,350,Y,low,359,Y,low,335,X,medium,24,Y,high,278,X,,145,Z,medium
657,Y,high,315,Z,medium,379,X,high,209,Y,high,262,X,high,187,Z,medium,469,Z,medium
658,Y,medium,151,X,low,43,Y,,464,Y,low,306,Y,,30,Y,high,218,Z,
659,,low,54,Z,high,120,Z,medium,,Z,medium,58,Z,low,364,X,low,,Z,medium
660,Y,medium,135,X,medium,52,Z,low,486,X,high,299,X,high,132,Z,low,284,X,high
661,,low,273,Z,low,489,X,,,X,medium,222,Y,high,5,X,low,38,X,
662,Y,medium,346,X,medium,171,Z,medium,273,Y,,68,Z,,401,Y,low,63,X,high
663,Y,low,159,X,high,249,,medium,480,Z,low,308,X,low,212,Z,high,215,Y,high
664,Y,low,107,Y,low,275,X,,,Y,low,322,Z,,276,Y,low,315,Y,high
665,Y,high,124,Y,medium,261,Y,high,300,Z,low,77,Z,medium,391,Z,low,291,Y,medium
666,X,high,480,Y,high,26,Z,medium,328,X,high,336,X,medium,164,Y,high,27,Z,high
667,Z,,,X,high,454,X,low,92,Y,low,111,Z,low,408,Y,high,339,Z,high
668,Y,medium,495,Z,high,190,Y,low,419,Y,high,298,Y,high,291,Y,low,,Z,low
669,Z,medium,3,Z,medium,459,Y,low,181,X,high,406,X,high,283,Y,medium,407,Y,low
670,Y,low,229,Z,medium,382,X,low,329,X,high,468,X,low,134,Y,low,19,X,
671,Y,medium,228,Z,medium,,X,high,422,X,high,127,X,medium,394,Z,low,13,Y,medium
672,Y,medium,200,Z,medium,351,Y,low,57,Y,medium,,Y,medium,120,Z,high,258,,high
673,Z,high,195,X,,489,X,high,150,X,,47,X,high,309,Y,medium,401,Z,medium
674,X,medium,39,Y,low,151,X,medium,471,X,medium,484,Y,medium,414,Y,,382,Z,high
675,,high,16,Z,high,164,X,medium,180,Z,low,165,Z,high,58,Y,low,300,Y,low
676,X,medium,389,X,medium,335,X,high,330,X,high,401,Z,high,200,Z,low,89,Z,medium
677,Z,low,220,Y,medium,116,,high,280,Z,high,467,Z,medium,338,Y,medium,476,Y,high
678,Y,medium,81,X,medium,401,X,low,434,Y,high,237,Y,medium,136,Y,medium,10,X,low
679,Z,high,,Z,medium,14,,high,255,X,,346,Z,high,13,Y,high,173,Z,high
680,,low,466,Z,high,448,Z,low,212,Y,low,236,Y,medium,204,Y,low,377,X,low
681,X,high,233,X,medium,173,Y,medium,8,Y,medium,287,X,high,248,Y,medium,308,Y,high
682,Y,medium,495,Z,medium,,Z,medium,237,X,high,124,Z,low,460,Z,medium,395,Z,
683,X,high,80,Y,medium,301,X,low,292,X,high,420,X,medium,403,Z,high,383,X,medium
684,Y,high,61,Z,low,137,Z,medium,,Z,medium,61,Z,,90,X,medium,469,,high
685,X,medium,281,X,low,152,X,medium,390,X,high,,,medium,138,X,medium,258,Z,medium
686,X,,341,X,,240,X,high,388,Z,low,459,Z,high,92,Z,medium,410,Y,
687,X,low,490,Z,,289,Z,high,229,X,medium,405,X,low,455,X,medium,77,,high
688,Y,high,232,,,68,Y,medium,39,Y,low,379,Y,high,176,Y,high,87,Z,high
689,Z,high,100,X,low,24,Z,high,127,X,high,328,Y,low,,Y,low,24,Z,low
690,Y,low,270,X,high,,Z,,203,Z,,472,Y,medium,,X,medium,102,X,medium
691,X,,153,Y,medium,177,Y,,,,medium,432,Y,medium,279,Y,low,55,Z,high
692,X,medium,89,X,high,291,X,high,384,Z,high,,Y,low,37,Y,low,412,Z,medium
693,Z,low,44,Z,medium,374,Y,high,447,X,low,312,Z,medium,277,Z,,247,X,low
694,,low,361,Z,high,307,Y,low,496,X,medium,214,,high,5,Z,medium,222,Y,
695,Y,low,321,Z,,52,Y,high,,Y,low,132,X,medium,78,Z,low,319,,high
696,Y,low,83,,high,498,X,low,5,Y,high,409,,medium,73,Y,high,179,Z,medium
697,Y,low,279,Y,low,357,Z,medium,286,Y,high,20,Y,high,354,Z,medium,,Z,high
698,Z,low,442,Y,low,24,Y,high,132,Z,low,64,Y,high,320,Z,high,1,Z,high
699,Z,medium,409,,low,381,Z,high,434,Y,medium,52,X,low,279,Z,,356,X,low
700,,medium,226,Y,,440,Y,,232,Z,high,101,Z,high,98,Y,high,435,Y,medium
701,Y,low,28,Y,medium,284,,high,4,Y,low,256,Z,high,132,X,medium,19,X,low
702,Z,low,317,Y,high,416,X,low,111,X,,471,X,high,188,Y,high,40,X,high
703,Y,medium,258,Y,high,443,,,170,Y,low,485,Z,high,489,X,medium,68,X,medium
704,,high,460,Z,low,482,X,medium,13,Y,high,450,X,low,352,X,high,304,Z,high
705,Z,high,276,Y,medium,477,X,,158,Y,,379,Z,high,,X,low,380,Y,low
706,X,high,368,Z,medium,96,Z,medium,269,Z,medium,229,X,high,15,Y,high,411,Z,low
707,Y,low,264,X,low,17,Y,low,446,Z,high,387,Y,medium,173,,low,390,,high
708,Y,high,270,Y,medium,325,Y,medium,324,X,,134,X,low,104,X,medium,288,Y,medium
709,,low,158,Y,low,339,X,high,,X,low,331,Z,low,203,X,medium,351,Y,low
710,Y,low,201,Z,high,,X,high,208,X,medium,4,Y,low,497,X,,139,Z,high
711,X,low,147,X,low,118,Y,medium,384,Y,low,451,Z,high,97,X,low,372,X,medium
712,Y,low,231,X,low,474,X,low,184,X,medium,485,Y,low,298,Y,medium,91,X,low
713,Y,medium,475,Y,low,204,Y,high,281,X,high,367,X,,241,Y,low,481,Z,low
714,Y,low,170,Z,,370,Z,high,492,Y,high,87,Z,low,329,Y,low,20,Y,high
715,Y,high,231,Y,high,311,Y,high,68,Y,high,129,X,high,,X,high,472,Z,low
716,Z,high,473,Y,high,447,Y,high,238,Z,medium,369,Y,low,258,Y,low,230,Z,
717,Z,medium,75,X,high,356,X,high,304,,high,249,,low,138,Y,high,,X,low
718,Z,low,126,Z,high,,Y,medium,399,Z,high,273,X,low,482,X,low,79,Z,high
719,X,high,246,Z,medium,420,Z,high,418,Z,medium,202,Y,medium,133,Z,low,159,X,high
720,Z,low,204,X,low,27,Y,medium,143,,low,417,Z,high,72,X,medium,431,Z,
721,Z,high,170,Z,medium,352,Z,high,233,,low,82,X,medium,47,X,medium,7,X,high
722,Z,high,389,X,low,293,Z,low,415,Z,medium,220,X,medium,33,X,high,95,Z,low
723,Z,low,249,Y,low,388,Z,low,419,Y,high,111,Z,medium,176,Y,high,315,Z,high
724,Z,low,182,Z,high,112,Y,low,411,Z,high,345,X,medium,408,Y,medium,402,Y,low
725,Z,high,,Z,low,299,X,medium,,X,low,,X,high,77,X,low,215,X,medium
726,Z,high,443,X,low,142,X,high,133,X,,149,Z,low,2,Y,low,43,X,high
727,Y,medium,491,X,medium,58,Z,,184,Z,high,,Y,low,,X,high,73,Y,
728,Y,low,121,Z,low,287,Y,high,327,Z,medium,431,X,low,280,,high,445,Z,low
729,Y,medium,20,X,high,10,Z,high,127,X,medium,108,Z,low,281,X,low,107,Z,low
730,Z,medium,15,Z,high,46,Z,high,341,Z,medium,434,Y,low,0,Z,medium,289,Y,medium
731,Y,low,222,X,medium,264,Y,medium,257,Y,high,,Z,low,101,Y,low,468,X,medium
732,,high,314,X,low,449,X,low,221,Y,high,482,Y,low,,Z,low,187,Y,medium
733,Z,medium,25,Y,high,357,Z,medium,177,Z,low,171,Y,,369,Y,high,33,Z,low
734,X,low,254,Z,medium,7,X,low,,X,medium,327,Y,medium,325,X,low,,Y,low
735,Z,,199,X,low,54,Y,low,232,,,,Y,low,407,Y,low,,Z,low
736,Y,medium,466,Z,high,215,X,high,153,X,high,39,Y,medium,273,Y,low,325,X,low
737,Z,medium,301,Z,high,214,X,,191,Y,medium,,X,low,201,Z,high,451,Y,medium
738,X,,211,X,medium,19,Y,high,242,X,low,103,Z,high,279,Y,high,387,X,low
739,X,low,293,X,medium,128,Y,medium,308,X,low,490,Z,,192,X,high,344,Y,
740,Z,low,67,Y,high,63,Y,medium,495,,low,44,Y,medium,78,X,low,166,Y,medium
741,Z,low,237,Y,low,,Y,high,170,X,medium,382,Z,high,287,Z,low,,X,medium
742,Y,low,164,X,medium,329,Y,medium,89,Y,high,419,Y,high,147,X,high,362,Z,high
743,Y,medium,90,Y,medium,195,X,high,488,Z,low,453,Z,high,132,Z,medium,422,Z,medium
744,Y,medium,196,Z,medium,285,X,low,73,Z,medium,264,Z,medium,355,X,low,347,Y,high
745,Y,high,319,X,,100,Z,medium,451,X,medium,262,Z,medium,33,X,low,326,Y,high
746,,,291,X,low,425,Z,,71,Z,medium,371,X,medium,11,Z,high,359,X,medium
747,Y,medium,481,Z,low,2,,high,181,Y,high,317,X,low,178,,,138,X,medium
748,Y,low,137,Y,medium,252,X,high,499,,low,393,Y,medium,297,Y,low,58,Y,low
749,X,low,349,Z,high,160,Z,low,82,Y,medium,180,Z,high,419,X,medium,314,Y,high
750,Y,low,275,Y,medium,225,Z,medium,79,Y,high,466,X,low,258,X,medium,471,Z,high
751,Z,low,436,Z,low,258,,low,304,Y,,216,X,medium,129,X,medium,68,Z,
752,Z,low,454,Z,high,323,X,high,95,Y,medium,124,X,low,171,X,medium,35,X,medium
753,Y,high,353,Y,medium,464,X,medium,12,X,medium,375,Y,low,189,X,low,353,X,low
754,Y,medium,211,Y,high,280,Z,low,347,X,high,310,Z,low,167,Y,medium,211,Y,
755,X,high,266,Y,low,113,Z,high,479,X,medium,24,Y,,334,X,high,451,Y,low
756,Y,low,325,X,low,,Y,high,379,Z,medium,83,Z,low,399,Y,high,235,Z,low
757,Y,low,402,Y,high,256,X,low,482,Y,medium,18,X,high,354,Z,low,260,X,low
758,X,low,114,Y,low,432,Y,low,263,Y,medium,287,X,medium,,X,high,30,Y,medium
759,X,medium,436,Z,low,283,X,low,307,Y,high,,Z,medium,143,,medium,476,Y,medium
760,Y,medium,400,Z,,434,X,low,491,Z,low,161,Y,medium,39,Y,,165,Y,
761,Z,medium,44,Y,low,324,X,medium,251,Z,low,55,X,high,398,Y,low,219,X,high
762,Y,high,134,Z,medium,285,X,high,19,Z,medium,425,X,low,481,Z,high,314,Z,medium
763,Z,medium,117,Y,medium,164,X,low,119,X,,360,Z,low,27,Z,medium,428,Y,high
764,,high,289,Y,low,128,Z,medium,310,X,low,272,Z,medium,65,Z,low,397,X,low
765,Z,low,104,X,medium,49,Y,medium,428,Z,high,99,Z,low,107,Z,high,386,Y,low
766,Z,medium,150,X,low,274,Y,high,303,Z,low,336,Y,medium,398,X,high,,X,
767,Y,medium,94,Z,low,460,Y,medium,202,X,medium,183,Z,low,108,Y,,44,Y,low
768,Z,medium,33,X,low,6,Z,high,160,Y,medium,122,,high,6,Y,medium,415,X,high
769,X,high,229,X,low,476,Z,high,341,X,low,146,Y,high,167,Y,medium,,X,low
770,X,medium,159,X,medium,429,Y,,449,Z,high,30,X,low,182,Z,low,311,,high
771,Y,medium,252,Z,medium,219,Z,low,139,Z,low,245,Z,medium,197,Y,low,455,Y,
772,X,,106,X,low,156,Y,low,,Z,medium,376,Y,low,257,Y,low,158,Z,medium
773,Z,medium,143,X,medium,290,X,low,213,Z,medium,413,Y,medium,120,Z,medium,175,Y,
774,Z,medium,446,Y,high,427,Z,medium,123,Y,medium,362,Z,medium,14,Z,low,85,Z,medium
775,X,low,402,Y,low,14,Z,low,202,X,low,437,X,high,53,Z,low,396,X,medium
776,Z,low,133,Z,low,224,Y,medium,44,Z,medium,481,Z,low,367,Y,high,334,Z,medium
777,X,low,80,X,high,23,Y,low,265,Y,medium,111,X,medium,329,X,high,,Y,low
778,X,medium,487,Y,medium,322,Z,,53,X,medium,216,X,high,130,Z,low,499,Z,low
779,Z,high,,X,,38,Y,high,237,Z,high,168,Y,low,470,Z,medium,15,X,high
780,Z,low,246,X,medium,158,Y,medium,448,Y,high,342,Y,low,270,X,low,385,X,low
781,Z,high,349,X,medium,369,Z,medium,72,X,low,418,X,high,398,X,high,103,,medium
782,Y,high,110,X,low,375,X,,125,Z,,444,Z,low,396,Y,high,391,,high
783,Y,low,214,Z,low,113,Y,low,360,X,high,,Y,low,150,X,low,241,X,low
784,X,,195,Z,high,256,Z,medium,453,,,257,Z,high,295,Y,low,117,Z,high
785,Z,high,360,X,high,92,X,high,,Y,high,58,Z,medium,296,Y,low,28,Z,medium
786,Z,medium,91,Y,high,295,X,low,60,X,low,164,Y,low,227,X,low,310,Z,medium
787,Y,,244,X,low,4,Y,high,119,,medium,239,Y,high,317,Z,medium,80,Y,high
788,Z,high,416,Z,high,406,X,,491,Z,medium,309,Y,medium,168,X,high,224,,high
789,Y,medium,,,medium,11,Y,,252,Y,high,395,Z,medium,49,,high,475,Z,medium
790,Z,medium,59,Y,medium,304,X,low,416,,high,497,Z,high,22,Z,low,443,,low
791,Y,high,410,X,high,202,Y,low,7,Y,,167,X,low,223,X,,246,Z,high
792,X,low,436,Y,medium,111,Y,low,58,X,high,279,Y,medium,456,X,high,365,Y,low
793,Y,medium,215,Z,,270,X,high,102,Z,,34,X,medium,107,Z,high,411,X,high
794,Y,low,22,Y,low,70,Y,,43,Z,medium,55,X,low,295,Z,medium,303,Y,medium
795,X,medium,270,Y,high,289,X,high,,X,medium,483,Z,low,,X,high,103,Z,medium
796,Z,high,149,Z,medium,322,X,low,401,Y,medium,469,Y,,315,X,low,405,Y,high
797,X,medium,293,Z,medium,,Y,high,195,Z,high,469,Z,low,92,Z,,,Z,high
798,Z,high,69,X,medium,180,X,,39,,high,130,Z,low,220,Y,medium,261,Z,low
799,Z,low,402,Y,low,229,Z,low,53,X,medium,325,X,medium,404,Y,high,390,X,high
800,Y,,342,Y,medium,478,X,medium,131,X,high,114,Y,high,186,Y,low,285,Z,medium
801,,high,322,Y,high,376,Y,high,363,Z,low,340,X,low,467,Y,low,174,Z,medium
802,Y,low,256,Y,low,2,X,low,400,Y,medium,242,,low,23,Z,medium,,X,medium
803,Z,low,110,Z,high,144,Y,low,269,Y,medium,466,X,low,41,X,medium,,Y,
804,X,high,469,Z,low,12,X,medium,453,X,low,186,Y,low,84,X,medium,372,Z,low
805,,,132,X,low,118,Z,medium,464,X,medium,321,X,medium,121,Z,high,496,X,medium
806,Y,low,183,Z,low,389,X,medium,383,Y,high,329,Y,medium,212,X,high,389,X,high
807,X,high,463,Z,medium,,Y,high,39,Y,high,394,X,medium,456,Z,low,158,X,
808,Z,low,20,Y,low,228,Z,medium,444,Y,high,26,Z,high,120,Y,medium,55,X,medium
809,Y,medium,62,,medium,,Y,high,454,Z,low,231,Z,medium,178,X,low,236,X,medium
810,X,low,380,X,medium,185,Z,low,279,X,low,226,Y,,22,Y,high,428,Z,medium
811,X,medium,183,Y,medium,238,,low,299,,medium,114,X,high,357,Y,low,317,Z,high
812,X,low,289,X,high,414,X,low,389,,low,402,Z,low,273,Y,low,160,Z,high
813,Y,low,290,Z,medium,137,Z,low,296,,low,416,Y,low,22,Z,medium,44,Y,high
814,Y,high,413,X,low,159,X,low,172,Y,medium,40,Y,low,232,X,high,126,Z,low
815,Y,low,310,Y,high,68,Y,high,348,X,,342,X,low,109,X,medium,358,X,low
816,Y,low,213,Y,low,109,,low,392,,high,430,X,,,Y,low,334,X,
817,Y,low,274,Z,high,18,Y,,70,Y,low,144,Y,high,142,Y,low,225,X,medium
818,Y,high,369,Z,,407,Y,low,339,Y,high,316,Y,medium,392,Z,high,166,X,medium
819,X,medium,189,Z,high,426,Z,low,86,,medium,311,Z,low,28,,medium,87,Z,medium
820,X,low,85,X,low,210,Y,low,287,X,,9,X,high,299,Z,,486,Z,medium
821,Z,medium,243,X,medium,296,Z,low,53,Y,medium,408,X,high,396,Y,high,215,Z,high
822,Z,medium,499,Y,high,124,Z,medium,496,Z,low,375,Z,medium,0,Y,low,383,Z,medium
823,X,medium,56,Y,medium,22,Z,low,333,X,high,135,Z,high,452,Z,medium,230,Z,medium
824,X,low,86,X,low,257,Z,low,234,Y,high,157,Z,medium,,Z,medium,,Y,medium
825,Y,high,497,Z,low,79,,high,251,Z,high,384,,medium,139,X,low,320,X,low
826,Y,high,414,X,high,424,Y,low,309,Y,low,400,X,medium,241,Y,high,177,X,
827,Y,high,58,X,medium,139,X,low,,X,,36,Z,low,340,Z,,468,Z,low
828,Y,high,106,Z,,368,X,,254,Z,medium,179,Y,low,258,X,high,228,Y,low
829,X,low,345,,low,131,Y,medium,357,X,high,312,Y,,378,Z,low,382,Z,low
830,Y,medium,391,Y,medium,63,Y,high,130,,medium,63,,high,444,Z,high,458,X,low
831,Z,high,366,X,medium,274,X,high,239,Y,medium,499,X,high,179,X,medium,191,Y,low
832,Y,,430,X,high,91,Z,high,165,X,medium,104,X,low,54,Y,medium,117,,low
833,Z,high,,X,high,199,Z,low,80,Y,low,433,Z,low,215,Y,low,484,Y,low
834,Z,medium,438,,medium,146,X,medium,489,Y,high,,Z,medium,299,Y,medium,392,Y,high
835,Z,high,298,Y,low,441,X,medium,,Z,high,437,Y,high,387,Y,high,395,Y,low
836,Y,low,237,Y,high,251,,high,196,Y,low,20,X,medium,141,Z,low,473,X,high
837,Y,high,318,Z,low,359,X,medium,169,Y,medium,,,high,464,Z,medium,13,Z,high
838,,high,214,Z,,294,X,high,339,Z,high,180,X,high,18,Y,medium,472,Z,high
839,X,low,303,Z,high,455,X,high,54,X,low,230,Y,high,290,X,medium,58,Y,medium
840,Y,high,416,X,high,219,Z,high,283,Y,medium,54,Y,medium,218,Z,low,72,Y,low
841,X,low,479,Y,high,431,X,high,115,Z,medium,338,Y,,,Y,low,109,X,medium
842,Y,high,289,X,low,,X,high,444,X,medium,311,X,low,141,Z,high,56,Y,medium
843,X,high,2,X,,460,Y,,392,X,medium,,Z,high,465,Z,medium,41,Y,high
844,Y,low,310,Z,medium,347,Y,medium,378,X,high,236,Z,low,0,X,high,62,,low
845,Z,medium,125,Y,low,490,Z,medium,72,Z,low,276,X,high,407,Y,medium,242,Y,low
846,Y,medium,,Z,high,372,X,medium,40,Y,low,343,Z,,246,X,medium,186,Z,medium
847,Z,,440,X,high,155,X,high,229,X,medium,269,Y,low,257,Y,low,170,X,high
848,Y,low,223,Z,medium,78,Y,low,177,Z,high,29,Z,high,155,Z,medium,85,Y,low
849,Z,high,395,X,low,104,Y,medium,362,Z,medium,271,X,high,195,Y,high,486,Z,high
850,X,low,184,X,low,286,Y,medium,355,X,low,174,Z,medium,217,X,low,166,Z,high
851,Z,low,303,X,medium,82,,medium,198,Z,low,205,Z,low,155,,low,236,Z,medium
852,Z,high,332,X,low,118,Y,medium,80,Z,high,185,Z,medium,5,X,low,71,Y,medium
853,Z,medium,446,Y,low,314,Z,low,,Z,low,176,Z,high,200,X,medium,106,Y,medium
854,X,high,98,X,low,166,Z,high,,X,low,118,Z,low,200,Y,low,117,Y,high
855,Z,,280,X,high,340,Z,low,126,X,medium,165,,low,,Z,high,485,Z,low
856,Z,high,202,Z,medium,498,X,low,158,Y,medium,356,Z,high,235,Z,low,88,Z,low
857,X,,231,X,medium,43,Z,low,,Z,low,112,Y,low,274,Y,medium,256,X,medium
858,Y,low,424,Y,medium,320,Z,medium,32,Y,low,379,Z,low,233,Z,low,272,X,low
859,Y,high,67,Z,low,410,Y,,300,Z,low,219,Z,high,,Z,medium,36,X,
860,,high,273,Y,medium,70,X,high,498,X,medium,305,Y,medium,358,Y,high,175,X,high
861,Y,high,193,X,high,391,Y,,475,Y,high,58,Y,low,337,X,high,40,X,medium
862,Y,high,448,X,high,253,Z,medium,464,Z,low,103,Y,low,495,Z,,87,Z,high
863,X,low,108,Z,low,314,Y,high,329,Y,medium,450,Y,low,248,Y,medium,337,X,medium
864,Y,high,116,Z,low,25,X,low,373,Z,low,415,Y,low,13,X,medium,284,Y,low
865,Y,low,45,Y,high,217,,low,32,Y,high,34,X,low,292,Z,low,247,Y,medium
866,Z,high,219,Z,high,183,,,100,X,low,451,Y,medium,198,Y,high,106,X,medium
867,X,medium,5,X,high,76,Z,high,353,Z,,418,Z,,47,Z,high,312,X,low
868,Z,low,250,X,medium,381,Y,medium,494,Z,low,68,X,medium,428,X,high,452,Z,medium
869,,,111,Z,medium,252,Z,high,454,Z,medium,120,Z,low,316,X,high,424,Y,low
870,Z,high,200,Z,high,439,Z,medium,315,Y,high,88,Y,high,312,,low,86,X,high
871,X,medium,302,Y,high,79,Z,medium,54,Y,low,,X,medium,318,Y,low,340,Y,medium
872,Y,high,342,Y,high,365,Y,high,483,X,medium,426,Y,high,491,Z,medium,121,Y,low
873,Y,low,30,Z,,302,Z,high,158,Y,low,360,Z,medium,344,,low,430,Y,low
874,Z,low,74,Y,high,325,X,medium,21,X,low,125,X,medium,356,Z,high,236,Z,medium
875,Z,low,158,Y,low,154,X,high,384,X,low,460,Z,medium,375,,medium,,Z,high
876,Y,low,259,Y,low,345,Z,medium,86,X,high,423,Z,low,362,Z,low,269,Z,medium
877,X,medium,441,Y,medium,123,Z,medium,150,Y,medium,,X,medium,352,Z,medium,337,Y,high
878,Z,medium,69,Y,medium,381,X,low,,Z,medium,179,Z,medium,38,Y,medium,467,Y,low
879,Y,low,33,Y,medium,220,Y,low,482,Z,low,350,,low,201,Z,low,67,X,high
880,X,medium,314,Z,high,239,X,high,453,Z,low,337,Y,high,137,Y,high,451,X,medium
881,Z,low,489,Y,high,290,,low,,Y,high,75,X,high,445,Y,,241,Z,low
882,,medium,415,X,,42,Y,medium,87,Z,medium,291,Z,medium,291,X,high,71,Z,low
883,Y,high,282,Y,low,183,Y,high,404,Z,low,274,X,high,257,X,low,216,X,medium
884,,medium,9,Y,low,101,Z,medium,158,Z,medium,292,,low,261,Y,high,27,Z,low
885,Y,,,X,low,,Z,low,38,Y,medium,169,Y,high,341,X,low,270,X,medium
886,X,low,228,X,medium,,Z,high,294,X,medium,334,Z,high,381,X,high,236,X,
887,Z,high,223,X,,2,X,low,328,Y,medium,442,X,high,100,Y,high,195,X,high
888,Z,low,246,X,high,13,Z,high,499,Z,high,302,X,medium,496,Y,low,222,Y,medium
889,Z,high,280,X,low,456,Y,low,243,Z,low,436,Y,high,380,X,,310,X,high
890,,,360,Z,low,78,X,medium,399,X,medium,385,Y,medium,103,Z,,413,Y,
891,Y,medium,96,Z,medium,0,,medium,267,X,high,157,Y,high,302,Z,low,196,Y,
