"id","Fare","Cabin","Embarked","ExtraCol1","ExtraCol2","ExtraCol3","ExtraCol4","ExtraCol5","ExtraCol6","ExtraCol7","ExtraCol8","ExtraCol9","ExtraCol10","ExtraCol11","ExtraCol12","ExtraCol13","ExtraCol14","ExtraCol15","ExtraCol16"
1,7.25,"","S",8,"","",27,"","high",57,"C","low",90,"Z","high",303,"X","high",475
2,71.2833,"C85","C",77,"","",51,"","low",62,"D","",97,"X","high",388,"Z","high",412
3,7.925,"","S",51,"","medium",26,"D","unknown",65,"D","high",51,"Z","low",262,"X","high",49
4,53.1,"C123","S",43,"D","high",51,"C","high",19,"","",59,"Y","low",72,"Z","medium",343
5,8.05,"","S",51,"D","low",17,"A","",57,"C","low",19,"X","medium",NA,"Y","high",332
6,8.4583,"","Q",85,"C","",18,"C","medium",26,"C","",41,"X","low",NA,"Z","high",442
7,51.8625,"E46","S",8,"B","",92,"D","medium",27,"","",62,"X","high",58,"X","low",482
8,21.075,"","S",51,"","medium",55,"A","low",94,"D","low",42,"","low",63,"Y","high",372
9,11.1333,"","S",51,"A","",4,"B","",NA,"A","",NA,"","medium",173,"X","low",NA
10,30.0708,"","C",51,"B","unknown",51,"D","",NA,"C","",13,"Y","low",227,"Z","high",176
11,16.7,"G6","S",52,"","high",51,"B","unknown",NA,"B","",15,"Y","high",NA,"Y","low",449
12,26.55,"C103","S",97,"C","high",51,"D","",24,"A","high",33,"X","low",79,"X","high",471
13,8.05,"","S",73,"B","low",54,"C","high",78,"","",NA,"Z","medium",466,"Z","high",495
14,31.275,"","S",76,"","",64,"C","medium",NA,"A","",81,"Y","high",75,"Z","high",477
15,7.8542,"","S",71,"C","",51,"C","medium",71,"","",86,"Z","medium",100,"Z","high",320
16,16,"","S",51,"","unknown",81,"C","",NA,"","unknown",NA,"X","low",483,"Z","medium",478
17,29.125,"","Q",51,"D","high",51,"","medium",NA,"","",NA,"Z","low",188,"X","high",391
18,13,"","S",12,"C","unknown",96,"D","unknown",72,"A","",NA,"Z","medium",286,"Y","low",120
19,18,"","S",83,"C","",51,"B","low",33,"D","unknown",53,"Y","low",217,"Z","",15
20,7.225,"","C",45,"D","low",32,"","low",96,"A","medium",70,"Z","medium",129,"Y","low",490
21,26,"","S",50,"","low",72,"C","unknown",86,"B","",72,"Y","medium",253,"Y","low",213
22,13,"D56","S",37,"D","high",89,"C","unknown",59,"B","",96,"Z","medium",388,"Z","",436
23,8.0292,"","Q",51,"B","",51,"B","unknown",NA,"C","",57,"Z","high",5,"Y","medium",144
24,35.5,"A6","S",92,"A","medium",98,"B","medium",59,"B","high",34,"X","high",437,"X","low",180
25,21.075,"","S",78,"","",19,"C","medium",69,"","",NA,"Z","low",92,"X","",412
26,31.3875,"","S",64,"A","high",41,"","low",NA,"D","low",NA,"Z","high",458,"Z","high",262
27,7.225,"","C",51,"A","medium",31,"B","medium",14,"D","low",80,"X","high",481,"X","medium",338
28,263,"C23 C25 C27","S",51,"","low",42,"D","high",56,"A","high",NA,"Z","low",466,"Y","low",160
29,7.8792,"","Q",51,"","high",51,"B","medium",80,"D","",NA,"Y","medium",325,"Y","high",307
30,7.8958,"","S",44,"A","high",73,"C","medium",31,"A","unknown",31,"Z","",452,"","high",243
31,27.7208,"","C",45,"D","",51,"A","",45,"","unknown",5,"","medium",429,"X","low",465
32,146.5208,"B78","C",22,"","",25,"","",NA,"D","high",NA,"","medium",319,"X","low",246
33,7.75,"","Q",9,"B","medium",51,"D","high",70,"A","",12,"Y","high",445,"Z","high",44
34,10.5,"","S",55,"C","high",51,"","high",86,"A","high",8,"Y","medium",171,"X","high",368
35,82.1708,"","C",88,"B","",65,"D","high",NA,"","medium",70,"Y","high",417,"X","high",476
36,52,"","S",51,"C","",69,"","unknown",NA,"","high",43,"X","medium",462,"Z","",NA
37,7.2292,"","C",85,"D","medium",66,"B","low",4,"D","low",NA,"Z","medium",NA,"X","low",50
38,8.05,"","S",82,"A","",60,"D","medium",NA,"C","unknown",NA,"","low",61,"Y","",499
39,18,"","S",51,"A","",51,"B","high",94,"C","unknown",NA,"X","low",107,"X","medium",173
40,11.2417,"","C",63,"D","unknown",51,"","",8,"D","medium",61,"Y","medium",NA,"Z","high",416
41,9.475,"","S",16,"C","low",90,"A","unknown",NA,"","medium",53,"X","low",266,"X","high",315
42,21,"","S",51,"C","unknown",38,"B","",83,"","medium",58,"Y","high",216,"Y","low",NA
43,7.8958,"","C",70,"B","medium",51,"B","low",NA,"D","",70,"Y","low",413,"Y","low",170
44,41.5792,"","C",35,"","",18,"","medium",17,"","",38,"X","low",141,"Z","low",303
45,7.8792,"","Q",6,"C","low",35,"A","medium",2,"A","medium",NA,"Z","high",82,"X","low",341
46,8.05,"","S",97,"C","low",51,"D","unknown",NA,"A","high",NA,"Z","low",307,"Y","",77
47,15.5,"","Q",44,"A","unknown",64,"A","medium",59,"B","",14,"Z","low",69,"","low",387
48,7.75,"","Q",89,"C","",21,"","",84,"A","medium",21,"Y","low",452,"X","high",71
49,21.6792,"","C",67,"C","",54,"C","",88,"","low",8,"Y","high",40,"X","medium",414
50,17.8,"","S",77,"A","",51,"A","medium",45,"","high",NA,"Z","high",245,"Z","low",63
51,39.6875,"","S",75,"B","unknown",12,"","high",42,"B","",43,"Z","low",474,"Y","",89
52,7.8,"","S",19,"","medium",6,"D","high",93,"B","unknown",NA,"Z","medium",276,"Y","medium",NA
53,76.7292,"D33","C",36,"","unknown",51,"D","",NA,"","low",92,"X","medium",404,"","low",91
54,26,"","S",46,"","unknown",65,"A","medium",20,"","",NA,"Z","high",211,"","low",38
55,61.9792,"B30","C",49,"","unknown",31,"C","low",NA,"","medium",55,"Y","medium",377,"Z","medium",26
56,35.5,"C52","S",4,"C","high",82,"","low",71,"B","high",NA,"Z","medium",353,"Z","low",143
57,10.5,"","S",54,"B","",84,"","",23,"D","low",NA,"Z","medium",256,"Y","medium",245
58,7.2292,"","C",15,"D","high",53,"C","high",97,"A","low",76,"X","low",50,"X","medium",22
59,27.75,"","S",74,"","low",51,"C","",29,"B","",90,"X","medium",485,"Y","low",68
60,46.9,"","S",68,"D","",51,"C","unknown",NA,"","",96,"X","medium",NA,"X","low",305
61,7.2292,"","C",92,"","high",82,"","",49,"C","",38,"Y","high",178,"Z","",159
62,80,"B28","",74,"B","unknown",89,"","low",69,"","",48,"Z","medium",320,"X","medium",NA
63,83.475,"C83","S",36,"","",51,"","high",90,"D","unknown",NA,"X","high",384,"Z","low",420
64,27.9,"","S",51,"C","high",51,"C","",39,"","",5,"X","medium",267,"Y","low",15
65,27.7208,"","C",51,"A","",51,"A","high",NA,"D","medium",11,"Y","high",200,"Y","low",474
66,15.2458,"","C",32,"B","",51,"A","medium",75,"","",4,"Y","high",203,"","high",341
67,10.5,"F33","S",51,"B","",13,"C","unknown",NA,"A","",73,"X","low",487,"X","high",411
68,8.1583,"","S",51,"A","unknown",67,"","high",NA,"","",22,"Y","medium",166,"","medium",239
69,7.925,"","S",7,"","medium",92,"A","",75,"A","low",NA,"Z","high",427,"Z","medium",0
70,8.6625,"","S",51,"C","",75,"","medium",70,"","high",37,"X","medium",25,"X","low",442
71,10.5,"","S",79,"D","",48,"D","unknown",NA,"C","low",79,"","high",329,"X","low",284
72,46.9,"","S",18,"A","",52,"C","high",NA,"B","",11,"X","medium",340,"X","high",18
73,73.5,"","S",51,"B","",25,"D","high",1,"","medium",32,"X","",337,"Z","low",NA
74,14.4542,"","C",12,"A","high",51,"D","medium",NA,"","unknown",NA,"Y","medium",210,"Y","high",103
75,56.4958,"","S",68,"","unknown",24,"D","",NA,"C","low",NA,"X","medium",345,"X","low",187
76,7.65,"F G73","S",47,"","unknown",34,"A","unknown",NA,"A","",56,"Y","low",222,"","low",221
77,7.8958,"","S",51,"","low",26,"","medium",NA,"A","",16,"X","low",296,"X","high",213
78,8.05,"","S",22,"","low",33,"","low",30,"","",66,"Z","low",446,"Z","high",434
79,29,"","S",51,"A","",36,"A","medium",89,"C","high",96,"Y","high",336,"Z","",471
80,12.475,"","S",66,"C","",8,"","",70,"","low",4,"X","medium",368,"Y","low",339
81,9,"","S",94,"C","unknown",51,"","",56,"","medium",8,"X","medium",484,"Z","medium",316
82,9.5,"","S",43,"D","low",44,"","low",88,"B","high",95,"Y","medium",109,"X","low",NA
83,7.7875,"","Q",16,"D","low",94,"","low",9,"C","unknown",NA,"Y","medium",293,"Y","low",133
84,47.1,"","S",83,"D","unknown",51,"A","medium",64,"","unknown",91,"","high",328,"","medium",279
85,10.5,"","S",62,"C","unknown",66,"B","medium",15,"D","",70,"X","medium",NA,"Z","low",321
86,15.85,"","S",70,"","low",51,"","low",23,"A","medium",NA,"Y","medium",66,"Y","low",NA
87,34.375,"","S",9,"B","medium",51,"B","medium",18,"D","",NA,"Y","medium",380,"Z","medium",NA
88,8.05,"","S",31,"A","",49,"","",54,"","",51,"X","medium",97,"Y","high",NA
89,263,"C23 C25 C27","S",51,"B","",44,"A","low",62,"C","",36,"Y","medium",204,"","low",29
90,8.05,"","S",51,"B","",65,"","medium",75,"A","medium",83,"X","low",357,"Z","medium",161
91,8.05,"","S",43,"A","",51,"B","",NA,"C","unknown",4,"Z","high",131,"Z","high",407
92,7.8542,"","S",51,"A","low",31,"B","",93,"","medium",NA,"Z","medium",62,"","high",NA
93,61.175,"E31","S",51,"C","medium",51,"D","",37,"C","",55,"X","medium",337,"Y","medium",108
94,20.575,"","S",38,"B","high",18,"","",NA,"B","high",97,"X","medium",140,"Y","low",436
95,7.25,"","S",89,"","high",51,"","high",3,"C","",99,"X","medium",413,"X","high",76
96,8.05,"","S",28,"B","",51,"","",12,"C","medium",59,"Z","high",449,"Y","low",79
97,34.6542,"A5","C",23,"D","unknown",95,"A","unknown",NA,"B","high",42,"Z","low",174,"Z","",449
98,63.3583,"D10 D12","C",68,"C","unknown",51,"","",41,"D","unknown",27,"X","low",369,"Z","medium",NA
99,23,"","S",51,"A","",39,"C","",NA,"C","unknown",99,"Y","high",NA,"Y","low",0
100,26,"","S",13,"A","",51,"B","unknown",12,"","unknown",NA,"X","high",464,"Y","low",216
101,7.8958,"","S",83,"C","high",80,"B","",26,"","high",12,"Z","medium",122,"Z","low",370
102,7.8958,"","S",51,"C","",48,"B","low",98,"D","",50,"X","medium",440,"X","high",378
103,77.2875,"D26","S",80,"B","medium",96,"","unknown",2,"B","high",39,"X","medium",393,"X","high",43
104,8.6542,"","S",0,"C","low",51,"B","",42,"C","",49,"Z","high",156,"","high",140
105,7.925,"","S",79,"","medium",70,"","",19,"A","unknown",NA,"","medium",412,"X","low",308
106,7.8958,"","S",51,"","",75,"C","high",53,"B","unknown",26,"Y","high",316,"Z","high",330
107,7.65,"","S",51,"A","unknown",51,"A","unknown",97,"C","unknown",NA,"Z","medium",334,"X","medium",310
108,7.775,"","S",66,"B","unknown",51,"","low",22,"D","high",NA,"X","medium",189,"X","high",168
109,7.8958,"","S",51,"","",58,"C","low",37,"C","",32,"X","high",117,"Y","medium",431
110,24.15,"","Q",51,"D","low",51,"","unknown",44,"","medium",0,"Y","",348,"Y","low",39
111,52,"C110","S",51,"D","low",11,"","high",79,"B","",67,"Y","low",26,"Z","low",411
112,14.4542,"","C",78,"","medium",13,"A","low",NA,"C","unknown",85,"","low",174,"Z","low",469
113,8.05,"","S",55,"A","",51,"C","unknown",NA,"","unknown",NA,"Z","high",70,"Y","high",342
114,9.825,"","S",45,"","unknown",65,"B","",48,"A","medium",16,"Z","medium",0,"X","medium",214
115,14.4583,"","C",51,"A","",28,"C","medium",NA,"A","",76,"X","low",3,"X","high",190
116,7.925,"","S",51,"","",73,"A","medium",0,"C","",14,"Z","high",46,"Z","",NA
117,7.75,"","Q",3,"","",69,"","high",80,"D","low",62,"X","high",469,"Y","low",NA
118,21,"","S",13,"","medium",51,"","low",24,"","",70,"Y","medium",385,"Z","low",111
119,247.5208,"B58 B60","C",24,"A","",91,"B","medium",NA,"D","",15,"Y","medium",494,"Y","",317
120,31.275,"","S",11,"","high",88,"","",97,"","medium",11,"Y","high",42,"Z","low",NA
121,73.5,"","S",43,"C","low",51,"C","low",63,"C","unknown",7,"X","low",498,"Y","high",248
122,8.05,"","S",51,"","medium",76,"","unknown",NA,"D","",70,"Y","low",299,"Z","medium",237
123,30.0708,"","C",65,"D","high",51,"","low",60,"","high",61,"X","medium",397,"Y","medium",38
124,13,"E101","S",47,"D","medium",40,"A","unknown",21,"","low",11,"Z","medium",428,"X","low",NA
125,77.2875,"D26","S",85,"C","",51,"D","low",69,"C","unknown",50,"X","low",131,"X","medium",477
126,11.2417,"","C",56,"","",60,"A","medium",61,"C","",79,"Y","low",370,"X","medium",122
127,7.75,"","Q",7,"B","unknown",41,"C","low",NA,"","",23,"X","high",323,"Y","low",157
128,7.1417,"","S",76,"D","low",99,"","",7,"B","",60,"X","medium",206,"Z","low",315
129,22.3583,"F E69","C",57,"","low",17,"D","high",64,"D","high",29,"Y","high",245,"Y","medium",1
130,6.975,"","S",63,"","high",9,"","low",NA,"","unknown",NA,"Z","medium",104,"Z","",51
131,7.8958,"","C",56,"A","medium",2,"A","high",77,"A","",NA,"Y","medium",92,"X","high",450
132,7.05,"","S",55,"A","high",81,"D","",12,"B","",35,"Z","medium",461,"Y","medium",86
133,14.5,"","S",9,"","low",40,"C","medium",53,"","high",49,"Z","medium",365,"","low",288
134,26,"","S",55,"","",43,"","low",81,"B","unknown",20,"Y","high",283,"X","high",441
135,13,"","S",79,"B","unknown",64,"C","high",89,"","medium",39,"Z","high",347,"Y","medium",366
136,15.0458,"","C",30,"D","",51,"A","",93,"","",62,"Y","high",202,"Y","high",135
137,26.2833,"D47","S",51,"A","medium",57,"C","low",NA,"","",38,"Y","high",124,"Y","low",76
138,53.1,"C123","S",3,"C","",5,"","",NA,"B","low",NA,"Z","low",471,"Y","low",358
139,9.2167,"","S",34,"B","high",51,"B","medium",57,"C","",NA,"Y","medium",494,"X","low",202
140,79.2,"B86","C",43,"A","low",51,"","low",46,"D","",13,"Z","high",107,"Z","high",483
141,15.2458,"","C",51,"D","",45,"B","unknown",23,"","medium",NA,"X","medium",400,"X","low",322
142,7.75,"","S",21,"A","",16,"","high",NA,"C","low",46,"Y","medium",221,"Z","high",5
143,15.85,"","S",51,"","unknown",51,"","unknown",14,"A","",60,"Y","low",353,"Z","high",125
144,6.75,"","Q",51,"","",33,"D","medium",NA,"A","unknown",73,"X","low",54,"X","medium",372
145,11.5,"","S",99,"D","medium",27,"","",NA,"","low",NA,"Z","high",239,"X","high",350
146,36.75,"","S",85,"A","unknown",29,"A","",NA,"A","",97,"X","low",62,"Y","high",370
147,7.7958,"","S",3,"","",72,"A","low",10,"","low",42,"X","medium",407,"Z","high",116
148,34.375,"","S",23,"C","",10,"B","medium",26,"B","",88,"X","medium",199,"Y","high",124
149,26,"F2","S",51,"D","unknown",30,"D","unknown",NA,"D","high",41,"Z","high",131,"Y","medium",104
150,13,"","S",51,"A","low",46,"B","medium",NA,"","low",40,"X","high",349,"Z","low",347
151,12.525,"","S",85,"D","",54,"","unknown",44,"B","high",60,"X","medium",477,"Y","low",5
152,66.6,"C2","S",28,"C","medium",88,"B","medium",4,"C","",19,"Z","low",169,"Z","medium",407
153,8.05,"","S",91,"D","unknown",51,"","medium",1,"A","high",60,"X","",358,"Z","medium",140
154,14.5,"","S",29,"","low",51,"","",NA,"D","unknown",NA,"X","high",344,"X","medium",244
155,7.3125,"","S",43,"D","unknown",53,"","",44,"C","",NA,"X","medium",244,"Y","low",123
156,61.3792,"","C",66,"C","low",2,"A","",7,"C","unknown",7,"Y","medium",402,"X","medium",212
157,7.7333,"","Q",12,"","low",61,"D","low",83,"","low",69,"X","high",63,"","medium",382
158,8.05,"","S",55,"","high",15,"D","medium",NA,"D","low",3,"Z","medium",438,"X","high",99
159,8.6625,"","S",50,"","high",7,"A","high",34,"D","medium",10,"X","",202,"X","high",284
160,69.55,"","S",78,"B","unknown",67,"C","",45,"A","medium",28,"Y","medium",22,"X","medium",28
161,16.1,"","S",99,"C","",51,"D","unknown",NA,"C","low",NA,"X","high",NA,"Z","high",88
162,15.75,"","S",51,"","low",51,"","",93,"","medium",0,"X","medium",386,"Y","low",342
163,7.775,"","S",40,"C","",10,"B","high",78,"B","unknown",NA,"X","",408,"Y","high",284
164,8.6625,"","S",40,"D","",74,"D","",19,"","high",78,"Z","medium",73,"","high",305
165,39.6875,"","S",41,"","",76,"C","medium",73,"","high",45,"Z","high",375,"Z","low",112
166,20.525,"","S",81,"A","",51,"","",17,"B","low",19,"X","high",349,"Y","",103
167,55,"E33","S",32,"","unknown",83,"A","high",45,"C","low",42,"X","high",451,"Y","medium",NA
168,27.9,"","S",16,"B","unknown",43,"C","low",NA,"","medium",69,"Z","high",185,"Y","low",64
169,25.925,"","S",51,"C","high",18,"","unknown",3,"A","",73,"Y","high",463,"Y","medium",NA
170,56.4958,"","S",2,"","",51,"","",NA,"A","unknown",NA,"X","medium",353,"","high",133
171,33.5,"B19","S",10,"B","high",21,"A","medium",22,"","",16,"X","medium",NA,"X","high",359
172,29.125,"","Q",9,"B","high",20,"B","medium",NA,"A","",95,"Y","medium",106,"X","",78
173,11.1333,"","S",51,"B","high",32,"D","unknown",49,"D","medium",NA,"Y","high",451,"X","medium",325
174,7.925,"","S",51,"D","high",51,"","medium",2,"C","high",98,"Y","medium",322,"Y","medium",101
175,30.6958,"A7","C",69,"B","medium",51,"B","medium",NA,"","low",NA,"X","low",59,"Z","high",140
176,7.8542,"","S",46,"","high",51,"","low",NA,"B","",11,"Y","low",62,"Y","medium",206
177,25.4667,"","S",71,"B","unknown",62,"B","medium",95,"B","",NA,"X","",413,"X","medium",NA
178,28.7125,"C49","C",16,"A","unknown",33,"C","low",NA,"","",32,"Y","medium",84,"Y","high",62
179,13,"","S",90,"B","high",51,"B","",19,"","unknown",NA,"X","high",109,"Z","medium",376
180,0,"","S",50,"A","low",51,"","unknown",60,"","",71,"X","high",307,"Y","low",172
181,69.55,"","S",93,"A","",51,"C","",36,"","high",NA,"Z","high",431,"X","low",283
182,15.05,"","C",51,"","medium",43,"D","unknown",60,"A","",58,"Y","high",168,"X","",323
183,31.3875,"","S",49,"A","low",29,"B","unknown",NA,"C","unknown",NA,"Y","low",332,"Y","medium",311
184,39,"F4","S",69,"","",51,"","",29,"C","low",61,"X","high",351,"Z","medium",313
185,22.025,"","S",49,"D","high",51,"A","high",65,"C","unknown",39,"X","high",300,"X","low",487
186,50,"A32","S",44,"C","unknown",51,"D","high",26,"B","unknown",NA,"Z","high",342,"Z","high",315
187,15.5,"","Q",51,"B","",51,"","medium",90,"A","",71,"Z","",NA,"Z","low",174
188,26.55,"","S",38,"A","",47,"A","",94,"B","unknown",29,"Y","low",310,"X","low",NA
189,15.5,"","Q",51,"D","",51,"A","medium",NA,"B","high",19,"X","high",1,"","high",400
190,7.8958,"","S",51,"D","high",51,"A","low",72,"","",70,"Y","low",365,"X","low",210
191,13,"","S",68,"C","",90,"B","high",NA,"D","low",NA,"X","high",396,"Y","high",NA
192,13,"","S",63,"A","unknown",67,"D","low",NA,"B","low",44,"X","high",396,"X","high",407
193,7.8542,"","S",60,"","unknown",51,"A","",73,"","low",NA,"X","high",14,"Z","high",117
194,26,"F2","S",36,"","unknown",96,"D","",93,"C","low",18,"Y","medium",455,"X","high",111
195,27.7208,"B4","C",95,"A","medium",71,"","high",22,"D","unknown",81,"Y","high",217,"Y","medium",26
196,146.5208,"B80","C",8,"D","",5,"C","medium",NA,"B","low",98,"Y","high",40,"Z","medium",NA
197,7.75,"","Q",51,"A","",72,"B","medium",NA,"","",NA,"Z","high",267,"X","medium",308
198,8.4042,"","S",51,"","unknown",51,"D","low",33,"A","",14,"X","medium",285,"X","medium",251
199,7.75,"","Q",33,"D","",51,"","medium",23,"C","",NA,"X","medium",201,"Z","high",148
200,13,"","S",96,"D","",48,"B","high",NA,"A","unknown",86,"Z","high",374,"X","medium",105
201,9.5,"","S",51,"A","low",51,"A","",33,"A","unknown",8,"X","low",271,"","medium",347
202,69.55,"","S",90,"","",31,"D","medium",72,"","",NA,"X","low",108,"X","high",42
203,6.4958,"","S",49,"C","low",51,"B","",37,"","unknown",NA,"Z","medium",310,"X","low",350
204,7.225,"","C",51,"C","unknown",61,"B","high",37,"A","",3,"","medium",131,"Y","medium",452
205,8.05,"","S",45,"","high",51,"C","high",94,"","low",NA,"","high",59,"Y","high",227
206,10.4625,"G6","S",26,"D","medium",89,"C","low",NA,"D","",7,"Z","high",133,"Y","high",247
207,15.85,"","S",76,"D","high",77,"C","high",92,"C","medium",17,"Y","low",452,"Z","low",NA
208,18.7875,"","C",51,"","high",60,"B","low",71,"","high",48,"X","",286,"X","low",47
209,7.75,"","Q",26,"","high",51,"A","medium",NA,"D","unknown",NA,"Z","high",158,"Y","low",313
210,31,"A31","C",77,"C","high",33,"","high",NA,"B","",NA,"X","medium",183,"","high",182
211,7.05,"","S",26,"A","",76,"A","",93,"D","low",NA,"Z","low",429,"Z","low",234
212,21,"","S",51,"","medium",31,"","high",94,"","medium",20,"Y","medium",333,"Y","low",11
213,7.25,"","S",78,"A","",26,"","unknown",4,"","",87,"Z","high",386,"Z","medium",438
214,13,"","S",44,"D","",86,"C","",35,"A","unknown",NA,"Z","medium",305,"X","high",166
215,7.75,"","Q",51,"","",51,"D","unknown",41,"","",NA,"Z","medium",496,"Y","low",37
216,113.275,"D36","C",27,"A","low",51,"A","",NA,"A","",72,"X","medium",328,"X","low",NA
217,7.925,"","S",51,"A","unknown",86,"D","medium",77,"A","low",48,"Z","high",200,"X","low",489
218,27,"","S",51,"A","low",51,"D","unknown",69,"","",41,"X","medium",126,"Z","low",259
219,76.2917,"D15","C",44,"C","low",51,"C","medium",21,"D","unknown",75,"X","high",23,"Z","low",16
220,10.5,"","S",90,"B","",52,"C","low",NA,"","low",NA,"Y","high",383,"X","low",495
221,8.05,"","S",12,"D","low",51,"","",NA,"","",82,"X","medium",466,"Y","medium",104
222,13,"","S",45,"B","medium",51,"A","",44,"D","",68,"Y","medium",332,"Z","low",NA
223,8.05,"","S",51,"","medium",51,"","",NA,"A","low",76,"X","high",243,"X","medium",354
224,7.8958,"","S",20,"C","",51,"","",NA,"","low",42,"Y","low",65,"Z","medium",165
225,90,"C93","S",51,"C","",79,"","high",92,"","medium",38,"Y","low",321,"X","medium",42
226,9.35,"","S",30,"","high",59,"A","low",90,"D","high",57,"Y","low",NA,"Y","medium",341
227,10.5,"","S",80,"","low",51,"A","high",1,"","high",64,"","",311,"Z","medium",131
228,7.25,"","S",57,"C","high",40,"A","high",NA,"C","high",92,"Z","high",150,"Z","high",430
229,13,"","S",54,"","high",38,"C","unknown",NA,"A","",85,"X","high",432,"X","low",76
230,25.4667,"","S",17,"","high",42,"C","",82,"C","medium",5,"Z","low",468,"X","medium",453
231,83.475,"C83","S",46,"","high",99,"","",80,"C","medium",15,"Y","low",117,"X","medium",361
232,7.775,"","S",85,"C","",51,"A","low",NA,"D","medium",94,"Y","low",163,"Y","medium",119
233,13.5,"","S",51,"D","",15,"A","high",6,"","",NA,"Y","low",NA,"X","low",289
234,31.3875,"","S",75,"C","",4,"A","unknown",NA,"A","low",NA,"X","",9,"Z","low",469
235,10.5,"","S",51,"","high",51,"","low",NA,"A","",5,"Z","medium",258,"X","high",32
236,7.55,"","S",51,"","unknown",80,"","medium",NA,"D","unknown",NA,"X","high",70,"Y","high",409
237,26,"","S",51,"B","high",51,"B","",8,"A","",40,"Z","low",216,"Z","medium",230
238,26.25,"","S",43,"A","low",56,"","",NA,"D","",NA,"X","high",16,"Y","low",474
239,10.5,"","S",30,"A","medium",79,"B","",43,"B","medium",77,"Z","high",70,"Y","medium",104
240,12.275,"","S",62,"","high",51,"D","medium",76,"","high",89,"Y","low",201,"X","low",359
241,14.4542,"","C",14,"","low",90,"","medium",31,"D","high",NA,"Y","low",NA,"Z","low",483
242,15.5,"","Q",58,"","unknown",63,"","unknown",NA,"C","",NA,"Z","medium",398,"","low",171
243,10.5,"","S",9,"B","unknown",73,"B","",NA,"C","low",54,"X","high",289,"Z","low",53
244,7.125,"","S",64,"C","unknown",78,"A","low",NA,"D","",54,"Y","high",225,"X","low",196
245,7.225,"","C",51,"D","low",62,"D","unknown",29,"D","high",3,"Z","high",236,"Y","low",299
246,90,"C78","Q",8,"D","high",5,"","medium",25,"C","low",NA,"X","low",419,"Z","medium",315
247,7.775,"","S",51,"B","high",42,"","unknown",NA,"B","high",NA,"X","high",422,"Z","high",240
248,14.5,"","S",41,"B","high",14,"A","",28,"D","",NA,"Y","high",23,"","low",466
249,52.5542,"D35","S",78,"","unknown",51,"B","",68,"C","",NA,"X","",342,"Z","low",289
250,26,"","S",4,"A","",51,"","low",NA,"","high",44,"Z","low",234,"X","low",320
251,7.25,"","S",17,"C","high",51,"C","unknown",NA,"","",NA,"Z","low",391,"Z","medium",478
252,10.4625,"G6","S",49,"B","high",51,"A","high",NA,"C","",NA,"X","low",393,"Y","high",469
253,26.55,"C87","S",18,"","",2,"C","medium",NA,"B","low",70,"X","high",354,"","low",170
254,16.1,"","S",51,"C","unknown",51,"D","unknown",58,"D","medium",63,"Z","low",337,"Y","low",143
255,20.2125,"","S",51,"B","",50,"D","unknown",NA,"","high",10,"Y","high",105,"Y","low",374
256,15.2458,"","C",14,"","unknown",7,"","",25,"","medium",29,"Z","low",426,"Z","medium",262
257,79.2,"","C",51,"C","low",51,"","",98,"C","unknown",84,"Z","high",350,"Z","medium",223
258,86.5,"B77","S",10,"A","",75,"C","high",20,"C","unknown",NA,"Y","high",136,"Z","medium",349
259,512.3292,"","C",51,"","high",70,"A","medium",13,"C","unknown",NA,"X","medium",116,"X","low",330
260,26,"","S",58,"A","low",17,"A","",82,"D","low",52,"Y","medium",250,"Y","high",456
261,7.75,"","Q",79,"B","medium",51,"D","",89,"B","",11,"Y","low",171,"Z","medium",182
262,31.3875,"","S",17,"D","",63,"","",9,"D","low",12,"Y","low",338,"","high",NA
263,79.65,"E67","S",29,"A","high",39,"","",59,"","high",98,"X","high",203,"Y","high",113
264,0,"B94","S",92,"","low",0,"","",NA,"A","medium",3,"X","high",84,"Z","low",468
265,7.75,"","Q",98,"C","medium",51,"","",22,"C","",2,"","high",197,"Y","low",41
266,10.5,"","S",58,"D","",79,"C","medium",NA,"A","",1,"Y","medium",407,"X","high",375
267,39.6875,"","S",44,"","high",3,"C","low",68,"D","low",62,"Y","low",415,"Z","high",50
268,7.775,"","S",34,"C","medium",51,"D","unknown",57,"","high",NA,"X","low",155,"Y","medium",440
269,153.4625,"C125","S",61,"D","high",38,"D","high",51,"","high",NA,"Z","high",397,"Y","low",479
270,135.6333,"C99","S",51,"","high",51,"A","high",88,"C","high",79,"Z","low",46,"X","low",408
271,31,"","S",29,"A","",47,"","low",NA,"B","medium",71,"Z","low",492,"X","high",394
272,0,"","S",51,"D","",42,"A","low",62,"B","",NA,"Z","low",382,"Y","high",239
273,19.5,"","S",15,"A","unknown",51,"B","low",31,"D","",7,"Y","medium",20,"Z","",122
274,29.7,"C118","C",95,"C","low",5,"B","",97,"","",48,"X","high",352,"X","",492
275,7.75,"","Q",41,"B","",3,"D","unknown",25,"D","unknown",8,"Y","medium",247,"Z","low",264
276,77.9583,"D7","S",48,"C","low",9,"","medium",NA,"B","medium",11,"Y","high",441,"Z","low",408
277,7.75,"","S",51,"","low",69,"","high",63,"","low",46,"Z","medium",119,"","medium",357
278,0,"","S",78,"","",78,"","",NA,"C","unknown",NA,"X","high",446,"Z","medium",350
279,29.125,"","Q",51,"C","",51,"B","unknown",75,"A","medium",99,"X","",435,"Z","",176
280,20.25,"","S",51,"","high",7,"","medium",24,"A","low",NA,"X","medium",139,"Z","low",213
281,7.75,"","Q",51,"B","medium",41,"","medium",26,"","low",27,"X","low",216,"","high",NA
282,7.8542,"","S",51,"","",98,"","",34,"","medium",32,"Y","high",320,"Z","medium",NA
283,9.5,"","S",67,"D","medium",51,"D","low",68,"A","low",NA,"X","medium",120,"Z","",359
284,8.05,"","S",49,"A","low",51,"A","unknown",39,"C","",NA,"X","low",499,"X","high",99
285,26,"A19","S",44,"B","medium",53,"C","",56,"A","high",51,"Y","low",NA,"Y","medium",113
286,8.6625,"","C",51,"C","high",51,"B","medium",55,"D","",76,"Z","medium",121,"","medium",24
287,9.5,"","S",51,"","high",51,"","high",19,"D","",84,"Y","medium",250,"Y","low",NA
288,7.8958,"","S",57,"D","medium",47,"C","high",23,"","low",5,"X","low",236,"X","high",334
289,13,"","S",51,"B","",51,"","",30,"A","unknown",28,"X","medium",25,"Z","high",105
290,7.75,"","Q",47,"D","high",51,"","high",NA,"B","",25,"Z","",455,"","low",355
291,78.85,"","S",51,"","",51,"D","unknown",NA,"","",55,"Y","high",120,"Z","high",1
292,91.0792,"B49","C",26,"C","medium",5,"","",NA,"","high",NA,"Y","low",51,"X","high",433
293,12.875,"D","C",95,"C","",0,"","",NA,"C","",NA,"Z","",259,"X","medium",345
294,8.85,"","S",33,"A","unknown",41,"A","",67,"C","",91,"Y","high",464,"Y","high",341
295,7.8958,"","S",51,"A","",51,"D","",NA,"C","unknown",33,"Y","low",1,"X","medium",353
296,27.7208,"","C",51,"","",51,"","unknown",68,"","high",NA,"Z","low",244,"Y","",179
297,7.2292,"","C",84,"C","",7,"B","medium",NA,"A","medium",43,"X","",455,"Y","low",497
298,151.55,"C22 C26","S",51,"","high",67,"D","",NA,"","unknown",NA,"Y","high",446,"X","low",NA
299,30.5,"C106","S",28,"A","high",45,"","high",89,"","medium",88,"Y","high",85,"Z","medium",90
300,247.5208,"B58 B60","C",2,"","",23,"","",20,"D","",NA,"X","medium",NA,"X","low",461
301,7.75,"","Q",36,"D","unknown",20,"D","medium",16,"C","low",33,"","high",417,"Z","high",369
302,23.25,"","Q",82,"","unknown",66,"D","unknown",39,"B","low",NA,"Z","medium",335,"X","low",155
303,0,"","S",0,"B","unknown",52,"B","unknown",83,"C","unknown",38,"X","high",328,"Y","high",473
304,12.35,"E101","Q",89,"","unknown",51,"B","medium",96,"C","",NA,"Y","high",386,"Z","medium",124
305,8.05,"","S",51,"D","unknown",28,"","medium",NA,"","",30,"Y","high",226,"X","high",322
306,151.55,"C22 C26","S",14,"B","",52,"A","",NA,"B","",10,"X","medium",33,"Z","high",335
307,110.8833,"","C",51,"B","low",86,"C","",23,"C","",NA,"X","medium",319,"X","high",481
308,108.9,"C65","C",55,"C","",31,"","medium",59,"A","",65,"","low",313,"Z","medium",285
309,24,"","C",31,"A","low",39,"D","",18,"A","high",93,"Z","high",425,"Z","high",497
310,56.9292,"E36","C",51,"D","low",16,"","low",53,"A","",0,"Y","low",461,"X","low",142
311,83.1583,"C54","C",66,"D","unknown",51,"C","",NA,"","medium",63,"Y","medium",168,"Y","medium",400
312,262.375,"B57 B59 B63 B66","C",67,"","unknown",3,"C","medium",7,"A","low",56,"Y","medium",478,"Z","low",122
313,26,"","S",51,"C","high",24,"C","unknown",96,"B","unknown",62,"Z","",4,"X","low",499
314,7.8958,"","S",28,"C","high",51,"A","unknown",89,"","unknown",98,"Z","high",484,"X","medium",381
315,26.25,"","S",24,"","",1,"B","unknown",NA,"B","medium",39,"X","high",NA,"X","low",312
316,7.8542,"","S",51,"D","",98,"","",62,"A","",NA,"Y","high",322,"","medium",33
317,26,"","S",51,"","unknown",40,"B","",NA,"D","low",1,"Y","",341,"Z","medium",NA
318,14,"","S",51,"","medium",51,"D","high",57,"B","",NA,"X","medium",316,"Y","",72
319,164.8667,"C7","S",93,"C","high",53,"","unknown",NA,"A","",17,"","medium",495,"Y","medium",458
320,134.5,"E34","C",51,"","",51,"B","low",53,"","",NA,"X","high",276,"Z","high",189
321,7.25,"","S",51,"D","low",51,"","high",NA,"","low",NA,"Z","medium",65,"X","medium",415
322,7.8958,"","S",51,"D","",88,"A","low",39,"","",27,"X","medium",303,"Z","low",453
323,12.35,"","Q",51,"C","",51,"B","",84,"","low",11,"Y","low",145,"X","medium",55
324,29,"","S",91,"B","",51,"B","medium",25,"","high",NA,"Z","medium",306,"X","medium",379
325,69.55,"","S",51,"B","medium",70,"D","high",96,"B","high",65,"Y","medium",190,"","high",151
326,135.6333,"C32","C",23,"B","high",30,"","unknown",75,"","",28,"X","low",21,"Y","medium",54
327,6.2375,"","S",23,"C","unknown",99,"A","low",89,"B","low",13,"X","high",318,"Y","low",130
328,13,"D","S",3,"","high",25,"","high",50,"","medium",57,"Y","high",44,"X","low",274
329,20.525,"","S",51,"C","medium",29,"","low",22,"A","low",NA,"Z","high",163,"Y","low",NA
330,57.9792,"B18","C",55,"D","medium",71,"A","low",3,"D","high",NA,"Y","low",309,"Z","medium",345
331,23.25,"","Q",54,"","high",78,"C","",53,"","low",38,"X","low",440,"X","",116
332,28.5,"C124","S",51,"C","medium",12,"C","high",39,"D","high",NA,"Z","low",157,"X","high",147
333,153.4625,"C91","S",30,"","high",55,"","low",11,"C","unknown",24,"Y","high",149,"X","low",152
334,18,"","S",82,"C","",51,"B","medium",NA,"D","high",28,"X","high",150,"Y","medium",368
335,133.65,"","S",51,"","",61,"","",97,"","",14,"Y","medium",287,"Z","low",259
336,7.8958,"","S",80,"","unknown",55,"","medium",NA,"D","",NA,"X","low",96,"X","high",11
337,66.6,"C2","S",96,"","medium",51,"B","unknown",NA,"C","",14,"Z","medium",NA,"Z","medium",38
338,134.5,"E40","C",31,"","medium",51,"","",NA,"D","",68,"Z","high",400,"Z","medium",37
339,8.05,"","S",20,"","high",65,"","",NA,"","",NA,"X","medium",NA,"Y","medium",480
340,35.5,"T","S",95,"","",67,"D","",62,"","unknown",NA,"Y","low",482,"Z","low",252
341,26,"F2","S",63,"","unknown",51,"C","high",41,"C","unknown",NA,"X","",265,"","low",245
342,263,"C23 C25 C27","S",29,"","low",51,"","medium",NA,"A","medium",63,"Y","high",313,"Z","high",380
343,13,"","S",62,"B","unknown",72,"B","",18,"","medium",75,"X","high",308,"Y","low",95
344,13,"","S",51,"C","",77,"","medium",66,"A","low",56,"Z","medium",472,"X","high",15
345,13,"","S",51,"A","",12,"B","low",98,"A","",NA,"X","high",332,"Z","low",NA
346,13,"F33","S",25,"C","high",88,"","low",85,"","high",25,"Z","low",441,"Y","low",NA
347,13,"","S",99,"","unknown",51,"","medium",4,"","",NA,"X","high",142,"X","high",399
348,16.1,"","S",51,"","low",51,"C","unknown",11,"A","medium",NA,"X","low",108,"Z","high",409
349,15.9,"","S",51,"","high",48,"","low",62,"B","low",NA,"Z","medium",321,"Y","high",317
350,8.6625,"","S",16,"B","low",48,"","",92,"B","low",49,"Z","medium",76,"Z","high",454
351,9.225,"","S",51,"A","low",91,"","medium",84,"C","",90,"X","high",55,"Z","medium",232
352,35,"C128","S",51,"B","unknown",96,"A","high",90,"","low",27,"X","low",105,"X","low",120
353,7.2292,"","C",29,"C","high",80,"A","low",14,"C","",51,"Z","low",135,"Z","medium",165
354,17.8,"","S",43,"A","medium",65,"B","low",51,"B","",NA,"Z","high",48,"","medium",70
355,7.225,"","C",96,"C","high",10,"B","low",72,"D","",63,"Y","medium",364,"Z","high",450
356,9.5,"","S",99,"A","medium",91,"C","medium",62,"B","",NA,"X","high",291,"X","",302
357,55,"E33","S",15,"D","medium",13,"A","",77,"B","high",41,"X","medium",100,"Z","low",386
358,13,"","S",89,"C","medium",16,"B","unknown",21,"A","medium",0,"X","medium",141,"Z","medium",140
359,7.8792,"","Q",51,"B","medium",6,"D","",45,"D","",NA,"Z","high",464,"Z","high",359
360,7.8792,"","Q",51,"C","unknown",94,"D","",44,"","low",NA,"X","high",NA,"Y","high",165
361,27.9,"","S",84,"A","medium",51,"D","",93,"B","high",NA,"Y","",61,"Z","medium",223
362,27.7208,"","C",51,"A","medium",51,"","",20,"B","unknown",NA,"Z","high",306,"","medium",325
363,14.4542,"","C",22,"D","high",8,"A","medium",32,"D","high",14,"X","low",161,"X","medium",490
364,7.05,"","S",89,"D","unknown",41,"","medium",NA,"","medium",NA,"","low",179,"Z","medium",279
365,15.5,"","Q",51,"","medium",72,"A","high",15,"A","high",79,"Z","high",299,"Y","medium",355
366,7.25,"","S",51,"B","unknown",99,"","",NA,"A","unknown",45,"X","medium",492,"X","low",297
367,75.25,"D37","C",46,"A","medium",51,"","medium",84,"C","low",5,"X","low",291,"Y","medium",211
368,7.2292,"","C",31,"","high",60,"D","medium",NA,"A","high",6,"X","low",476,"X","medium",466
369,7.75,"","Q",51,"B","unknown",83,"C","high",70,"","low",67,"X","medium",410,"Y","",NA
370,69.3,"B35","C",77,"","",90,"B","high",59,"A","",NA,"X","medium",389,"Y","high",155
371,55.4417,"E50","C",33,"C","low",27,"B","low",NA,"D","unknown",NA,"Z","high",395,"Z","high",447
372,6.4958,"","S",66,"A","high",51,"D","",30,"D","medium",40,"X","high",395,"Z","low",225
373,8.05,"","S",41,"D","",51,"D","high",99,"","",49,"X","high",127,"Y","medium",369
374,135.6333,"","C",51,"C","medium",93,"C","high",NA,"","medium",16,"Z","medium",488,"Z","medium",258
375,21.075,"","S",51,"","unknown",11,"D","",71,"B","low",NA,"X","high",459,"X","",383
376,82.1708,"","C",9,"","",9,"B","high",NA,"","",76,"X","high",300,"Z","medium",435
377,7.25,"","S",51,"C","high",51,"B","high",NA,"C","",42,"X","high",355,"X","",211
378,211.5,"C82","C",74,"","high",67,"D","medium",NA,"","low",49,"Z","medium",440,"Z","high",350
379,4.0125,"","C",37,"A","low",17,"B","high",84,"C","low",NA,"Z","low",76,"Z","",253
380,7.775,"","S",51,"","medium",89,"D","medium",63,"A","unknown",NA,"","low",32,"X","high",399
381,227.525,"","C",0,"B","high",10,"B","medium",28,"B","",98,"Z","high",497,"X","high",95
382,15.7417,"","C",51,"D","low",51,"B","low",96,"","unknown",81,"X","high",277,"Z","high",364
383,7.925,"","S",94,"B","medium",51,"A","medium",70,"","high",NA,"Y","high",361,"Z","high",297
384,52,"","S",51,"","",51,"C","low",42,"","",NA,"Y","",251,"Z","medium",225
385,7.8958,"","S",3,"A","unknown",51,"B","",13,"","medium",72,"X","medium",258,"X","medium",NA
386,73.5,"","S",12,"B","low",84,"B","medium",97,"B","",33,"Z","low",18,"Y","medium",350
387,46.9,"","S",6,"B","unknown",10,"C","high",NA,"C","unknown",51,"Y","low",144,"Y","high",173
388,13,"","S",83,"A","medium",51,"A","unknown",NA,"","low",14,"Z","high",43,"Z","medium",16
389,7.7292,"","Q",89,"B","high",61,"","low",83,"","",NA,"X","low",216,"Z","high",474
390,12,"","C",15,"","high",2,"D","unknown",60,"D","high",NA,"Z","medium",10,"Z","high",223
391,120,"B96 B98","S",74,"A","",74,"C","medium",NA,"","unknown",72,"X","high",401,"Y","",82
392,7.7958,"","S",17,"","unknown",51,"C","",23,"A","unknown",60,"X","medium",147,"X","medium",112
393,7.925,"","S",36,"C","low",75,"","",7,"A","low",NA,"Y","high",370,"Z","medium",414
394,113.275,"D36","C",59,"D","low",51,"C","unknown",NA,"","",50,"X","medium",26,"X","high",165
395,16.7,"G6","S",51,"C","unknown",19,"B","low",NA,"C","",NA,"X","high",16,"X","low",140
396,7.7958,"","S",87,"A","high",51,"","",NA,"","low",NA,"Z","low",NA,"X","low",243
397,7.8542,"","S",4,"","unknown",6,"A","",16,"A","",1,"Y","medium",394,"Y","low",14
398,26,"","S",19,"B","medium",53,"C","",57,"C","",NA,"Y","low",406,"X","",280
399,10.5,"","S",51,"B","",51,"C","high",12,"A","low",NA,"X","",272,"","high",20
400,12.65,"","S",31,"A","low",51,"","medium",NA,"A","",36,"Z","high",306,"X","high",417
401,7.925,"","S",99,"D","medium",20,"","medium",79,"A","high",87,"Z","medium",344,"Z","medium",214
402,8.05,"","S",77,"","low",76,"D","",NA,"C","unknown",64,"Z","medium",336,"Y","low",109
403,9.825,"","S",51,"C","unknown",69,"","",94,"B","low",60,"Y","medium",370,"X","medium",227
404,15.85,"","S",97,"","",51,"C","",31,"B","",NA,"Y","low",15,"Z","high",87
405,8.6625,"","S",51,"D","unknown",51,"D","unknown",94,"C","low",50,"X","low",214,"Y","low",160
406,21,"","S",51,"A","low",6,"","",78,"A","high",70,"X","",419,"X","medium",65
407,7.75,"","S",43,"","low",44,"A","unknown",33,"","unknown",NA,"X","low",219,"Y","medium",334
408,18.75,"","S",14,"B","",51,"B","unknown",NA,"","unknown",60,"Y","medium",73,"","",488
409,7.775,"","S",51,"","",11,"D","medium",10,"C","medium",17,"Z","low",332,"Z","medium",242
410,25.4667,"","S",1,"B","medium",55,"B","high",NA,"","medium",67,"Z","high",151,"Y","medium",49
411,7.8958,"","S",17,"A","medium",51,"D","",20,"C","",7,"X","low",255,"","high",37
412,6.8583,"","Q",22,"","",51,"","",26,"","unknown",31,"X","medium",258,"X","high",416
413,90,"C78","Q",27,"B","",51,"","high",41,"A","",91,"X","high",348,"Z","medium",174
414,0,"","S",13,"A","low",8,"B","medium",NA,"C","low",NA,"X","medium",464,"Z","high",148
415,7.925,"","S",1,"","",67,"C","high",80,"A","unknown",90,"Y","medium",346,"Y","high",50
416,8.05,"","S",67,"A","low",33,"","medium",69,"B","",35,"Z","",499,"Y","medium",331
417,32.5,"","S",96,"","low",51,"","high",15,"","unknown",68,"X","medium",9,"Y","high",31
418,13,"","S",12,"B","",19,"C","medium",16,"","low",70,"Z","low",NA,"X","medium",452
419,13,"","S",51,"","medium",97,"","medium",NA,"C","",NA,"Y","medium",208,"Z","medium",104
420,24.15,"","S",50,"C","",25,"D","",94,"D","medium",NA,"Y","medium",364,"Z","low",34
421,7.8958,"","C",92,"A","medium",68,"D","",NA,"C","high",96,"Z","high",42,"Z","high",NA
422,7.7333,"","Q",69,"","medium",51,"B","",NA,"B","medium",11,"Z","medium",263,"X","low",177
423,7.875,"","S",51,"D","medium",18,"","low",14,"A","medium",NA,"","high",14,"Z","high",348
424,14.4,"","S",51,"A","high",30,"","low",23,"C","medium",44,"Y","low",332,"","high",19
425,20.2125,"","S",41,"B","",1,"B","",NA,"D","unknown",67,"X","medium",108,"Z","high",430
426,7.25,"","S",51,"A","low",51,"C","",20,"B","",55,"Z","medium",72,"Z","low",154
427,26,"","S",86,"","medium",33,"","low",61,"","",NA,"Z","high",39,"Z","medium",378
428,26,"","S",80,"","low",49,"A","unknown",92,"","low",9,"Z","medium",134,"Z","high",467
429,7.75,"","Q",2,"A","medium",15,"B","",NA,"C","high",51,"Y","high",NA,"X","medium",267
430,8.05,"E10","S",71,"A","",82,"","high",60,"C","high",83,"X","low",492,"X","medium",167
431,26.55,"C52","S",8,"B","medium",21,"B","low",NA,"A","high",NA,"","high",40,"X","medium",156
432,16.1,"","S",73,"C","low",51,"","unknown",NA,"A","low",27,"Y","high",489,"Y","low",343
433,26,"","S",82,"B","high",87,"C","high",0,"","unknown",86,"Y","medium",293,"Z","medium",2
434,7.125,"","S",13,"","low",71,"","",11,"B","unknown",35,"X","low",161,"","high",73
435,55.9,"E44","S",43,"","low",60,"B","",NA,"","unknown",56,"Z","medium",471,"Y","low",323
436,120,"B96 B98","S",12,"D","",51,"A","medium",NA,"B","unknown",NA,"Y","high",120,"Z","low",12
437,34.375,"","S",56,"A","unknown",51,"D","",32,"","medium",52,"X","medium",90,"X","",144
438,18.75,"","S",92,"C","unknown",96,"D","unknown",52,"C","",NA,"Y","low",114,"","medium",NA
439,263,"C23 C25 C27","S",51,"D","high",51,"D","",57,"A","medium",NA,"Z","medium",72,"Y","low",125
440,10.5,"","S",39,"A","high",40,"A","high",66,"","",47,"Y","high",242,"X","medium",465
441,26.25,"","S",97,"D","high",25,"C","high",NA,"","medium",NA,"","low",70,"Y","high",487
442,9.5,"","S",51,"","high",51,"","unknown",37,"","high",65,"Z","medium",111,"Z","low",16
443,7.775,"","S",51,"B","high",97,"D","medium",88,"A","unknown",41,"Y","medium",185,"Z","low",87
444,13,"","S",48,"","unknown",69,"","low",5,"A","high",52,"Y","high",NA,"","low",453
445,8.1125,"","S",50,"C","",3,"C","",NA,"C","unknown",NA,"X","medium",429,"Z","",16
446,81.8583,"A34","S",66,"","low",46,"A","high",95,"","unknown",86,"Z","medium",37,"Y","high",243
447,19.5,"","S",51,"","medium",51,"C","",17,"A","low",12,"Z","medium",315,"X","",474
448,26.55,"","S",51,"C","unknown",51,"D","medium",99,"","unknown",87,"Y","medium",51,"Z","low",294
449,19.2583,"","C",52,"D","medium",77,"A","high",28,"A","unknown",NA,"X","medium",495,"Y","low",153
450,30.5,"C104","S",28,"B","low",70,"","",36,"A","",NA,"Y","low",138,"Y","high",3
451,27.75,"","S",51,"","unknown",6,"","",NA,"C","",2,"Z","low",428,"X","low",196
452,19.9667,"","S",51,"B","high",55,"A","unknown",94,"A","",NA,"X","high",388,"","medium",270
453,27.75,"C111","C",51,"D","",51,"","",NA,"A","unknown",5,"Y","medium",162,"Z","medium",40
454,89.1042,"C92","C",2,"D","medium",48,"","high",16,"D","",NA,"Y","medium",161,"Z","low",264
455,8.05,"","S",59,"","low",51,"B","",48,"A","low",NA,"Y","",158,"X","medium",202
456,7.8958,"","C",51,"C","medium",51,"D","medium",15,"C","low",76,"Y","high",235,"Z","low",162
457,26.55,"E38","S",51,"D","medium",86,"D","high",78,"D","low",70,"Z","high",221,"Y","medium",486
458,51.8625,"D21","S",63,"B","unknown",46,"B","low",NA,"D","",84,"X","medium",328,"X","low",446
459,10.5,"","S",84,"","",53,"A","",49,"D","unknown",0,"Y","low",232,"Y","high",347
460,7.75,"","Q",10,"","low",62,"","high",39,"B","high",78,"Z","high",NA,"Y","high",295
461,26.55,"E12","S",72,"A","",65,"A","high",3,"D","low",31,"Z","low",233,"Y","low",236
462,8.05,"","S",51,"","unknown",63,"D","medium",5,"","",NA,"Y","low",153,"X","medium",35
463,38.5,"E63","S",51,"A","medium",78,"C","high",51,"","medium",76,"Z","",163,"Y","medium",153
464,13,"","S",51,"","medium",98,"C","low",39,"A","",68,"X","medium",365,"Z","low",5
465,8.05,"","S",0,"","high",82,"A","high",12,"C","",41,"Y","medium",70,"Z","high",183
466,7.05,"","S",96,"B","high",13,"","unknown",13,"D","medium",61,"Z","low",143,"Z","medium",236
467,0,"","S",16,"B","medium",51,"C","unknown",NA,"","",46,"Y","low",155,"Y","low",305
468,26.55,"","S",59,"B","unknown",51,"","unknown",NA,"D","",62,"Y","low",322,"Z","medium",177
469,7.725,"","Q",18,"B","high",50,"B","",60,"","medium",45,"Y","medium",64,"X","high",127
470,19.2583,"","C",93,"B","low",52,"","low",83,"D","high",39,"Y","low",NA,"Z","medium",NA
471,7.25,"","S",51,"C","",71,"","high",6,"C","",20,"Z","medium",337,"Y","high",75
472,8.6625,"","S",51,"D","unknown",51,"B","low",NA,"B","",38,"Y","medium",463,"Y","low",62
473,27.75,"","S",43,"C","medium",26,"C","medium",NA,"A","",NA,"X","high",218,"Y","high",348
474,13.7917,"D","C",46,"C","high",45,"B","high",20,"","unknown",87,"X","high",491,"","low",292
475,9.8375,"","S",51,"D","",51,"","high",53,"","",NA,"Z","medium",303,"X","medium",434
476,52,"A14","S",78,"D","",31,"C","high",NA,"B","medium",18,"Y","medium",387,"Y","medium",369
477,21,"","S",84,"","unknown",2,"","unknown",NA,"C","low",50,"X","low",121,"Z","low",450
478,7.0458,"","S",1,"C","low",97,"","low",NA,"","",NA,"X","medium",457,"Y","high",332
479,7.5208,"","S",51,"A","high",51,"B","unknown",66,"B","high",NA,"X","medium",129,"X","medium",420
480,12.2875,"","S",51,"A","high",60,"","",75,"A","",32,"X","low",68,"Y","medium",84
481,46.9,"","S",51,"D","low",51,"A","medium",0,"B","",4,"Z","high",39,"Z","medium",265
482,0,"","S",82,"","",27,"","medium",NA,"A","",5,"Y","low",327,"Z","low",472
483,8.05,"","S",25,"D","",34,"","high",50,"A","low",NA,"Y","low",314,"X","medium",394
484,9.5875,"","S",79,"","medium",28,"B","high",36,"","high",72,"X","high",99,"Y","low",201
485,91.0792,"B49","C",51,"D","",51,"","medium",NA,"","unknown",86,"Z","high",439,"Z","high",463
486,25.4667,"","S",23,"C","low",15,"B","low",NA,"C","medium",49,"Z","medium",138,"X","high",156
487,90,"C93","S",33,"D","",51,"D","low",75,"C","unknown",NA,"Z","medium",304,"X","high",11
488,29.7,"B37","C",53,"A","",45,"","medium",82,"C","low",92,"Y","high",261,"X","low",398
489,8.05,"","S",76,"D","",53,"B","",41,"","",27,"Y","low",296,"Y","medium",206
490,15.9,"","S",51,"A","",1,"","high",93,"A","unknown",15,"X","medium",370,"Y","medium",17
491,19.9667,"","S",93,"B","",84,"C","unknown",92,"C","high",13,"Z","",463,"X","high",102
492,7.25,"","S",51,"A","low",67,"","low",66,"D","high",35,"Z","medium",360,"X","medium",35
493,30.5,"C30","S",75,"B","medium",7,"B","medium",58,"A","unknown",73,"X","high",453,"Y","high",NA
494,49.5042,"","C",51,"","high",84,"C","low",NA,"","medium",NA,"Y","medium",434,"Z","low",423
495,8.05,"","S",51,"B","unknown",3,"C","",60,"C","",NA,"X","high",179,"X","high",464
496,14.4583,"","C",41,"","unknown",51,"A","",NA,"D","",34,"Y","medium",279,"Y","medium",NA
497,78.2667,"D20","C",51,"C","high",46,"D","low",97,"B","low",NA,"X","high",99,"Z","high",401
498,15.1,"","S",37,"C","low",51,"C","",19,"D","high",68,"Z","low",NA,"","low",281
499,151.55,"C22 C26","S",92,"D","",95,"A","high",66,"A","medium",66,"Z","low",483,"Y","low",147
500,7.7958,"","S",51,"","low",51,"C","unknown",73,"","unknown",43,"Z","low",443,"X","medium",334
501,8.6625,"","S",11,"B","low",51,"C","",NA,"D","unknown",NA,"X","high",371,"Z","medium",476
502,7.75,"","Q",65,"D","high",57,"D","medium",34,"B","medium",NA,"X","medium",424,"Z","low",230
503,7.6292,"","Q",96,"","",51,"","high",86,"C","high",65,"Z","low",397,"Z","medium",14
504,9.5875,"","S",86,"","low",72,"B","high",48,"A","",81,"X","low",114,"Z","medium",421
505,86.5,"B79","S",27,"B","low",88,"A","high",38,"C","medium",NA,"Y","medium",131,"Y","low",94
506,108.9,"C65","C",51,"A","high",51,"C","low",15,"C","unknown",85,"Z","low",265,"Y","medium",91
507,26,"","S",51,"","medium",51,"","",32,"","medium",NA,"Y","",NA,"Z","high",308
508,26.55,"","S",51,"","high",51,"B","",97,"A","",NA,"X","high",368,"","low",399
509,22.525,"","S",26,"A","medium",51,"","unknown",NA,"","high",95,"Z","high",368,"X","high",396
510,56.4958,"","S",23,"C","high",51,"C","unknown",NA,"","unknown",56,"Z","low",488,"X","medium",433
511,7.75,"","Q",99,"A","",51,"B","high",NA,"D","high",27,"X","medium",394,"Y","low",441
512,8.05,"","S",74,"C","",70,"","high",NA,"A","unknown",60,"Y","medium",NA,"X","high",64
513,26.2875,"E25","S",84,"","medium",51,"B","",66,"C","medium",62,"Y","medium",170,"Y","high",150
514,59.4,"","C",81,"","high",51,"","unknown",37,"D","medium",NA,"Y","medium",163,"Y","high",360
515,7.4958,"","S",95,"B","high",42,"B","medium",84,"C","medium",20,"Z","low",316,"","high",NA
516,34.0208,"D46","S",10,"","high",49,"D","medium",42,"B","low",NA,"Z","low",171,"Y","low",357
517,10.5,"F33","S",51,"","",51,"C","high",85,"A","",54,"X","medium",489,"X","low",227
518,24.15,"","Q",51,"A","low",55,"C","",74,"B","medium",14,"Z","low",144,"Z","",225
519,26,"","S",47,"C","",79,"","",77,"A","unknown",77,"Z","low",NA,"Y","high",13
520,7.8958,"","S",59,"C","high",2,"C","high",92,"A","unknown",NA,"X","medium",408,"X","low",304
521,93.5,"B73","S",35,"A","high",75,"A","high",79,"B","",93,"X","high",183,"Y","low",431
522,7.8958,"","S",51,"C","",50,"","medium",NA,"","medium",67,"Y","medium",22,"X","high",NA
523,7.225,"","C",19,"A","",51,"B","high",52,"A","high",33,"Z","low",166,"Y","",168
524,57.9792,"B18","C",51,"A","high",47,"C","",NA,"","unknown",37,"Z","high",179,"Z","medium",338
525,7.2292,"","C",51,"D","",47,"C","medium",6,"","low",69,"Y","high",306,"X","low",99
526,7.75,"","Q",51,"D","",12,"B","",59,"","unknown",8,"X","",355,"Z","low",316
527,10.5,"","S",51,"B","high",51,"B","",NA,"","unknown",71,"X","low",274,"Y","medium",204
528,221.7792,"C95","S",14,"D","medium",70,"C","unknown",NA,"D","unknown",55,"Z","high",203,"Z","high",463
529,7.925,"","S",91,"D","high",51,"","high",10,"C","low",22,"Y","medium",251,"Z","low",355
530,11.5,"","S",92,"","",9,"A","unknown",50,"A","unknown",89,"Y","low",72,"Z","low",36
531,26,"","S",59,"A","unknown",21,"B","",57,"A","high",62,"Z","low",90,"X","medium",435
532,7.2292,"","C",16,"","",87,"","unknown",10,"C","high",16,"X","low",305,"Z","",362
533,7.2292,"","C",15,"C","",51,"D","high",63,"","low",65,"X","medium",432,"Y","",107
534,22.3583,"","C",51,"","low",50,"","unknown",16,"","medium",41,"Z","medium",261,"Z","medium",141
535,8.6625,"","S",57,"","",51,"D","unknown",14,"D","medium",76,"X","",30,"Z","high",86
536,26.25,"","S",15,"B","unknown",51,"C","unknown",40,"D","unknown",49,"Z","low",490,"Y","medium",155
537,26.55,"B38","S",45,"A","",85,"B","",NA,"C","",99,"Z","medium",162,"","high",471
538,106.425,"","C",11,"D","",89,"","high",91,"C","",92,"X","medium",374,"","high",451
539,14.5,"","S",51,"","low",28,"D","unknown",NA,"D","",4,"Y","high",NA,"X","medium",275
540,49.5,"B39","C",2,"","unknown",58,"A","medium",NA,"A","low",NA,"Z","high",493,"Z","low",181
541,71,"B22","S",70,"D","",51,"A","low",73,"C","unknown",NA,"Y","low",58,"Y","medium",NA
542,31.275,"","S",51,"","",51,"B","unknown",NA,"","unknown",NA,"X","",93,"X","medium",478
543,31.275,"","S",19,"","high",0,"A","high",98,"A","medium",14,"X","medium",322,"X","",99
544,26,"","S",17,"A","medium",97,"D","",74,"A","high",53,"X","medium",380,"Z","medium",378
545,106.425,"C86","C",83,"","high",35,"D","high",NA,"B","unknown",15,"X","",NA,"Z","medium",497
546,26,"","S",5,"","",51,"C","low",94,"B","high",NA,"X","medium",275,"Z","low",427
547,26,"","S",42,"B","low",61,"","medium",10,"D","high",45,"X","low",79,"","medium",359
548,13.8625,"","C",51,"C","",78,"A","medium",45,"B","low",99,"Z","medium",356,"X","",449
549,20.525,"","S",51,"B","",51,"C","",NA,"C","",87,"Y","high",334,"Y","high",108
550,36.75,"","S",68,"D","unknown",51,"B","unknown",0,"","",NA,"X","low",233,"X","high",NA
551,110.8833,"C70","C",80,"D","low",89,"B","high",45,"D","high",NA,"X","high",318,"X","high",NA
552,26,"","S",51,"","unknown",93,"B","low",68,"C","unknown",NA,"X","low",106,"X","",6
553,7.8292,"","Q",82,"D","high",15,"","medium",79,"D","",66,"X","high",405,"Y","low",99
554,7.225,"","C",51,"C","",90,"C","low",41,"C","high",13,"Z","medium",22,"X","high",NA
555,7.775,"","S",51,"B","unknown",90,"A","unknown",86,"A","",NA,"X","medium",419,"X","low",123
556,26.55,"","S",50,"C","low",51,"C","medium",67,"C","",99,"Y","low",419,"X","low",316
557,39.6,"A16","C",51,"D","low",21,"D","",4,"B","low",NA,"Y","high",343,"Z","low",55
558,227.525,"","C",51,"","unknown",51,"A","medium",27,"B","high",1,"X","medium",407,"Y","medium",348
559,79.65,"E67","S",79,"","low",99,"D","low",93,"C","medium",NA,"X","medium",456,"Y","low",114
560,17.4,"","S",85,"","",51,"C","unknown",0,"B","unknown",NA,"X","medium",81,"Y","medium",261
561,7.75,"","Q",53,"A","",51,"B","high",10,"A","unknown",NA,"X","medium",272,"Y","low",58
562,7.8958,"","S",4,"","unknown",19,"C","medium",34,"","unknown",63,"Z","medium",322,"Y","low",485
563,13.5,"","S",49,"C","",8,"","",99,"C","unknown",35,"Z","",471,"Z","medium",188
564,8.05,"","S",18,"","high",25,"D","high",NA,"","medium",35,"Y","low",368,"Z","medium",302
565,8.05,"","S",88,"D","low",6,"A","low",NA,"","",NA,"Z","low",297,"X","medium",243
566,24.15,"","S",23,"D","",19,"A","",39,"C","high",85,"Z","high",278,"","medium",297
567,7.8958,"","S",22,"","",7,"C","",93,"C","",49,"Z","high",71,"X","medium",227
568,21.075,"","S",24,"","low",76,"B","low",21,"D","medium",31,"X","medium",158,"X","low",36
569,7.2292,"","C",64,"","high",58,"A","high",57,"B","high",NA,"Z","medium",216,"Y","medium",414
570,7.8542,"","S",51,"D","low",51,"B","unknown",46,"","",1,"","low",440,"Y","high",321
571,10.5,"","S",94,"","medium",80,"C","",NA,"","unknown",48,"Y","low",430,"Z","low",126
572,51.4792,"C101","S",41,"C","",41,"","high",75,"","low",55,"Z","high",321,"Z","low",42
573,26.3875,"E25","S",51,"D","high",40,"D","",83,"","medium",67,"Y","medium",52,"","high",443
574,7.75,"","Q",4,"D","",20,"B","unknown",11,"D","",80,"X","low",NA,"Y","medium",166
575,8.05,"","S",0,"A","low",51,"A","high",NA,"D","",36,"X","high",229,"Z","low",454
576,14.5,"","S",37,"A","unknown",51,"","high",NA,"D","high",NA,"X","medium",326,"Z","high",382
577,13,"","S",92,"B","high",58,"D","unknown",NA,"","low",NA,"X","",216,"Y","low",479
578,55.9,"E44","S",52,"","",51,"A","unknown",66,"D","medium",76,"Y","high",360,"Y","medium",329
579,14.4583,"","C",89,"C","",53,"B","",63,"","unknown",NA,"","high",108,"","medium",90
580,7.925,"","S",10,"","",29,"","high",37,"D","medium",3,"Y","low",72,"X","low",17
581,30,"","S",9,"B","high",51,"C","low",NA,"B","medium",NA,"Y","medium",109,"Y","high",122
582,110.8833,"C68","C",83,"A","high",82,"B","unknown",NA,"","low",NA,"X","low",461,"Z","medium",219
583,26,"","S",10,"A","",51,"","unknown",82,"B","",NA,"Y","high",NA,"X","low",311
584,40.125,"A10","C",5,"A","medium",25,"","medium",89,"A","low",50,"Z","high",142,"Z","high",447
585,8.7125,"","C",40,"","unknown",71,"","high",29,"C","medium",46,"X","medium",171,"X","medium",70
586,79.65,"E68","S",92,"C","",51,"A","",NA,"A","high",37,"","low",418,"X","high",317
587,15,"","S",68,"B","",51,"","",32,"A","",41,"Z","high",179,"Z","high",42
588,79.2,"B41","C",9,"B","medium",31,"C","",3,"","",1,"Y","medium",446,"Y","low",240
589,8.05,"","S",83,"B","unknown",35,"A","unknown",16,"","medium",10,"","low",494,"Y","high",36
590,8.05,"","S",84,"C","medium",51,"B","unknown",30,"A","low",75,"X","medium",325,"","low",186
591,7.125,"","S",80,"D","low",1,"A","low",98,"D","medium",36,"Z","medium",171,"Y","",303
592,78.2667,"D20","C",90,"","high",51,"D","unknown",20,"D","",NA,"Y","low",299,"Y","medium",369
593,7.25,"","S",23,"C","unknown",12,"","",50,"D","medium",39,"","high",334,"Z","medium",402
594,7.75,"","Q",51,"","low",51,"D","low",NA,"B","medium",99,"Y","high",54,"Y","low",NA
595,26,"","S",51,"C","medium",55,"","",35,"A","medium",NA,"Z","low",416,"X","low",129
596,24.15,"","S",80,"A","medium",51,"","high",91,"","",18,"","high",218,"X","high",456
597,33,"","S",57,"","low",34,"B","unknown",9,"C","high",58,"","medium",422,"Y","high",466
598,0,"","S",77,"A","high",77,"","low",87,"A","high",NA,"Y","",305,"Y","high",483
599,7.225,"","C",51,"B","medium",51,"","",74,"D","unknown",14,"Z","high",430,"","medium",395
600,56.9292,"A20","C",64,"","low",1,"A","",NA,"B","high",NA,"Z","medium",40,"X","high",388
601,27,"","S",51,"","medium",51,"D","medium",76,"","high",NA,"Y","high",21,"X","low",38
602,7.8958,"","S",77,"","unknown",2,"","",42,"A","high",73,"X","high",55,"X","high",NA
603,42.4,"","S",73,"","unknown",52,"D","unknown",97,"B","high",56,"Z","high",437,"Z","low",203
604,8.05,"","S",51,"A","high",87,"A","unknown",3,"","low",65,"Y","medium",496,"Y","medium",129
605,26.55,"","C",82,"A","medium",51,"D","medium",2,"","medium",26,"Y","",499,"Z","medium",34
606,15.55,"","S",51,"","unknown",51,"","",NA,"C","",28,"Z","high",166,"Y","high",106
607,7.8958,"","S",51,"C","low",51,"B","high",93,"D","low",63,"Y","high",132,"X","low",457
608,30.5,"","S",51,"","high",78,"A","low",6,"C","unknown",35,"Y","low",174,"Y","medium",454
609,41.5792,"","C",51,"D","",51,"","high",77,"","",NA,"X","medium",408,"Z","low",371
610,153.4625,"C125","S",85,"D","high",28,"","unknown",93,"C","",15,"Z","medium",125,"Y","low",50
611,31.275,"","S",83,"A","low",0,"","",NA,"","low",30,"Y","medium",273,"X","medium",343
612,7.05,"","S",51,"","high",44,"B","low",86,"","unknown",10,"Z","medium",323,"X","high",63
613,15.5,"","Q",78,"B","high",61,"","low",75,"D","low",8,"X","high",180,"Z","low",341
614,7.75,"","Q",38,"A","unknown",51,"C","high",NA,"C","",NA,"Z","medium",236,"X","",16
615,8.05,"","S",68,"","low",93,"A","low",85,"B","low",48,"Y","high",332,"Z","medium",142
616,65,"","S",63,"","",51,"","unknown",69,"B","unknown",14,"X","high",395,"Z","high",61
617,14.4,"","S",51,"","unknown",78,"B","low",1,"","low",9,"X","low",94,"X","low",466
618,16.1,"","S",26,"B","",2,"","low",NA,"","unknown",87,"X","medium",256,"Y","low",284
619,39,"F4","S",6,"B","high",85,"","medium",NA,"A","high",51,"X","medium",77,"Y","high",461
620,10.5,"","S",13,"A","low",75,"A","unknown",NA,"","low",71,"Y","high",7,"Z","low",10
621,14.4542,"","C",43,"B","high",51,"C","",NA,"","",72,"Z","medium",322,"Z","",369
622,52.5542,"D19","S",47,"A","",58,"D","medium",NA,"B","unknown",10,"Z","medium",241,"X","high",239
623,15.7417,"","C",51,"D","",51,"D","high",29,"","low",NA,"Z","high",129,"X","high",234
624,7.8542,"","S",41,"","low",90,"","",19,"D","unknown",NA,"Y","low",27,"Z","low",436
625,16.1,"","S",60,"D","high",55,"A","unknown",8,"D","",44,"Y","medium",472,"Y","high",23
626,32.3208,"D50","S",23,"","",51,"","low",63,"","",86,"X","",413,"X","",472
627,12.35,"","Q",33,"D","medium",61,"D","unknown",95,"D","medium",NA,"X","high",NA,"Y","low",14
628,77.9583,"D9","S",36,"C","",68,"C","unknown",NA,"D","",NA,"Y","low",56,"X","medium",181
629,7.8958,"","S",50,"B","unknown",51,"C","",NA,"D","medium",10,"Z","high",7,"X","low",69
630,7.7333,"","Q",36,"C","high",81,"B","",NA,"","unknown",61,"X","low",108,"Z","low",261
631,30,"A23","S",73,"B","",20,"C","medium",17,"B","",88,"X","low",50,"X","low",297
632,7.0542,"","S",32,"A","",89,"A","unknown",21,"","",57,"X","high",229,"Z","low",321
633,30.5,"B50","C",43,"B","low",55,"","unknown",28,"D","unknown",80,"X","medium",322,"X","medium",399
634,0,"","S",37,"","high",32,"","high",68,"","medium",53,"X","medium",97,"X","high",375
635,27.9,"","S",51,"","high",51,"","",29,"D","low",41,"X","medium",198,"Z","medium",474
636,13,"","S",68,"A","unknown",1,"A","",82,"","unknown",NA,"X","high",269,"X","low",224
637,7.925,"","S",23,"","unknown",74,"A","high",36,"C","",15,"Y","low",158,"Y","medium",87
638,26.25,"","S",29,"C","",37,"","",10,"A","",NA,"Z","low",230,"Y","high",77
639,39.6875,"","S",79,"","",84,"D","unknown",9,"B","",NA,"X","medium",295,"","high",137
640,16.1,"","S",94,"","medium",23,"C","high",40,"C","unknown",NA,"X","high",476,"Y","high",301
641,7.8542,"","S",67,"A","",92,"","high",40,"A","unknown",NA,"Z","medium",155,"","medium",27
642,69.3,"B35","C",91,"","high",94,"B","low",NA,"A","high",99,"X","high",44,"X","medium",477
643,27.9,"","S",85,"D","unknown",10,"C","",47,"C","",23,"Z","high",434,"X","low",494
644,56.4958,"","S",48,"C","",64,"D","",16,"A","medium",72,"Y","high",288,"X","medium",82
645,19.2583,"","C",51,"","",93,"B","",21,"","high",87,"Z","medium",236,"Y","medium",390
646,76.7292,"D33","C",32,"B","",32,"C","high",56,"B","unknown",83,"X","medium",360,"Y","low",NA
647,7.8958,"","S",51,"A","unknown",51,"C","medium",33,"","low",NA,"","low",490,"X","low",240
648,35.5,"A26","C",51,"A","high",51,"D","unknown",67,"","",17,"Y","low",63,"X","high",367
649,7.55,"","S",96,"A","low",47,"D","",92,"","high",46,"X","",430,"Z","low",287
650,7.55,"","S",84,"D","low",2,"C","low",35,"C","high",77,"X","high",318,"X","",161
651,7.8958,"","S",51,"C","unknown",84,"C","",55,"C","unknown",61,"Z","high",292,"Y","medium",281
652,23,"","S",65,"B","unknown",51,"D","medium",NA,"B","",NA,"X","medium",432,"Z","low",67
653,8.4333,"","S",20,"D","unknown",51,"","low",21,"","low",21,"Y","medium",152,"Z","high",127
654,7.8292,"","Q",51,"A","low",25,"","",51,"D","low",65,"Z","high",393,"Z","high",486
655,6.75,"","Q",51,"A","high",1,"C","high",30,"D","unknown",42,"X","low",285,"Y","high",92
656,73.5,"","S",53,"B","unknown",51,"C","",62,"D","",NA,"X","low",467,"Y","low",299
657,7.8958,"","S",76,"D","high",2,"A","low",74,"","high",93,"Y","high",233,"Z","",NA
658,15.5,"","Q",63,"C","high",79,"C","unknown",14,"C","medium",0,"X","medium",360,"Z","low",232
659,13,"","S",51,"D","",51,"","unknown",18,"A","medium",23,"Z","low",248,"X","low",123
660,113.275,"D48","C",28,"","low",51,"","high",2,"D","unknown",91,"X","low",196,"Z","",284
661,133.65,"","S",51,"","medium",81,"C","low",1,"A","",NA,"X","",187,"Z","high",278
662,7.225,"","C",73,"A","",89,"","",NA,"","",30,"X","low",460,"Z","low",308
663,25.5875,"E58","S",3,"A","low",12,"D","high",70,"D","unknown",NA,"X","medium",418,"X","high",154
664,7.4958,"","S",51,"C","low",51,"C","high",NA,"","unknown",NA,"X","high",112,"Y","low",289
665,7.925,"","S",51,"","",12,"B","",40,"D","high",NA,"Y","high",432,"X","high",364
666,73.5,"","S",69,"D","unknown",68,"D","unknown",NA,"B","low",30,"Y","high",291,"X","medium",359
667,13,"","S",50,"D","high",56,"B","unknown",72,"","high",53,"Y","high",NA,"Y","low",283
668,7.775,"","S",86,"C","high",8,"B","high",80,"A","high",NA,"X","low",382,"X","high",149
669,8.05,"","S",91,"B","",23,"","",73,"","high",NA,"X","low",81,"X","high",266
670,52,"C126","S",51,"A","low",53,"D","high",NA,"","low",79,"X","low",436,"X","high",268
671,39,"","S",51,"C","medium",51,"C","low",52,"B","",62,"X","high",227,"","medium",475
672,52,"B71","S",61,"C","",34,"","",52,"A","unknown",NA,"Z","medium",458,"X","high",188
673,10.5,"","S",51,"D","unknown",51,"D","",64,"A","medium",98,"X","high",241,"Z","high",NA
674,13,"","S",9,"C","",99,"A","low",79,"B","medium",NA,"X","",42,"Z","high",NA
675,0,"","S",62,"A","",76,"","high",NA,"","low",89,"Y","high",383,"Z","medium",317
676,7.775,"","S",51,"","medium",51,"C","high",67,"C","unknown",NA,"X","medium",363,"Z","low",213
677,8.05,"","S",58,"","medium",51,"D","",83,"A","low",92,"Y","high",151,"Y","medium",0
678,9.8417,"","S",51,"A","unknown",51,"B","high",NA,"","medium",78,"Y","low",102,"Y","medium",352
679,46.9,"","S",52,"D","medium",51,"D","unknown",41,"C","medium",21,"","high",431,"","low",368
680,512.3292,"B51 B53 B55","C",93,"A","unknown",44,"A","unknown",NA,"B","",20,"X","medium",389,"Y","low",465
681,8.1375,"","Q",72,"","",83,"D","medium",2,"","",54,"","low",148,"Y","",251
682,76.7292,"D49","C",13,"D","",51,"A","",NA,"D","unknown",50,"Z","low",350,"Y","",257
683,9.225,"","S",95,"","",51,"","",80,"B","unknown",23,"Y","",120,"X","",104
684,46.9,"","S",95,"A","medium",51,"","high",17,"","high",26,"X","low",90,"Z","high",229
685,39,"","S",16,"D","",6,"D","low",NA,"B","low",89,"Y","high",NA,"","high",0
686,41.5792,"","C",80,"A","",69,"D","",90,"","unknown",NA,"Y","low",416,"Z","low",250
687,39.6875,"","S",51,"C","",65,"","high",49,"","medium",NA,"Z","medium",459,"X","low",NA
688,10.1708,"","S",59,"D","unknown",58,"D","medium",48,"B","",NA,"Z","medium",230,"Z","high",392
689,7.7958,"","S",44,"C","low",5,"B","high",42,"A","medium",15,"Y","medium",71,"X","high",331
690,211.3375,"B5","S",78,"A","low",49,"C","low",37,"","",NA,"X","medium",271,"X","medium",402
691,57,"B20","S",99,"D","high",89,"A","medium",38,"A","",NA,"","high",340,"","high",332
692,13.4167,"","C",79,"A","medium",23,"A","high",55,"C","",64,"X","high",485,"X","low",389
693,56.4958,"","S",51,"C","",69,"A","high",NA,"A","",NA,"Z","high",56,"X","medium",218
694,7.225,"","C",94,"","low",85,"C","unknown",NA,"A","",23,"Y","",328,"Z","medium",301
695,26.55,"","S",9,"","",51,"","unknown",86,"D","medium",18,"Y","high",256,"X","low",319
696,13.5,"","S",25,"","medium",51,"D","",11,"A","unknown",NA,"","",294,"Z","high",286
697,8.05,"","S",72,"A","medium",51,"","low",30,"B","",7,"Y","high",46,"X","medium",285
698,7.7333,"","Q",59,"D","high",69,"C","",75,"C","unknown",NA,"Y","low",8,"Y","low",390
699,110.8833,"C68","C",5,"A","",51,"","low",54,"B","medium",86,"X","low",303,"Y","low",119
700,7.65,"F G63","S",9,"","medium",51,"B","",33,"B","medium",30,"Y","high",99,"Z","",158
701,227.525,"C62 C64","C",52,"","low",51,"A","low",31,"","low",NA,"X","high",306,"Z","",259
702,26.2875,"E24","S",61,"C","high",71,"","",11,"","",NA,"X","low",13,"Z","high",322
703,14.4542,"","C",16,"C","low",24,"C","low",NA,"D","low",25,"X","high",400,"Z","low",257
704,7.7417,"","Q",17,"C","medium",75,"","high",NA,"C","medium",6,"Y","low",166,"X","medium",99
705,7.8542,"","S",51,"C","",54,"C","",41,"D","unknown",NA,"Z","low",NA,"X","medium",411
706,26,"","S",56,"D","low",93,"D","high",NA,"C","high",2,"X","high",172,"Y","medium",272
707,13.5,"","S",51,"","medium",65,"C","high",27,"","high",42,"X","low",209,"X","",216
708,26.2875,"E24","S",51,"D","",51,"A","low",NA,"","unknown",3,"Y","low",265,"Y","high",439
709,151.55,"","S",47,"D","unknown",97,"B","",NA,"C","unknown",NA,"X","high",322,"Y","high",218
710,15.2458,"","C",51,"D","unknown",99,"D","unknown",40,"C","unknown",NA,"X","medium",344,"X","medium",80
711,49.5042,"C90","C",51,"","low",74,"A","high",25,"D","",32,"Y","medium",495,"X","high",492
712,26.55,"C124","S",51,"D","high",59,"A","medium",63,"","",NA,"Y","high",89,"Z","low",191
713,52,"C126","S",72,"A","high",11,"D","unknown",54,"B","",NA,"X","low",435,"Y","low",447
714,9.4833,"","S",76,"D","medium",51,"","",57,"A","",NA,"X","high",300,"Z","low",258
715,13,"","S",51,"C","medium",47,"D","",NA,"","high",NA,"X","low",154,"","low",121
716,7.65,"F G73","S",79,"","",78,"","low",72,"","medium",36,"Z","medium",458,"Y","high",188
717,227.525,"C45","C",51,"C","medium",58,"C","",NA,"D","",NA,"Y","low",353,"Z","low",455
718,10.5,"E101","S",51,"B","low",43,"C","",83,"C","low",25,"","low",92,"X","",472
719,15.5,"","Q",51,"","",51,"A","low",42,"A","",NA,"X","low",87,"X","medium",68
720,7.775,"","S",59,"D","medium",51,"","",40,"C","medium",73,"Z","medium",329,"Z","high",493
721,33,"","S",13,"A","",51,"","",38,"B","low",75,"","high",364,"Z","low",426
722,7.0542,"","S",93,"B","low",51,"D","medium",42,"","unknown",51,"Z","low",22,"X","high",323
723,13,"","S",84,"","low",51,"","low",66,"B","medium",75,"Z","medium",314,"Y","medium",91
724,13,"","S",51,"","unknown",87,"D","low",49,"C","medium",59,"Y","high",265,"Y","low",293
725,53.1,"E8","S",78,"D","low",11,"D","unknown",12,"A","medium",NA,"Z","high",NA,"Z","low",212
726,8.6625,"","S",11,"A","high",40,"A","unknown",56,"C","medium",35,"Z","high",370,"Y","high",62
727,21,"","S",51,"C","high",51,"","",NA,"D","unknown",51,"Z","low",454,"X","high",491
728,7.7375,"","Q",8,"D","high",51,"C","low",10,"","high",NA,"X","medium",17,"Z","high",301
729,26,"","S",48,"D","unknown",16,"C","",NA,"A","low",76,"X","medium",382,"Z","medium",48
730,7.925,"","S",65,"A","",51,"D","",31,"A","low",NA,"Z","medium",166,"Y","high",170
731,211.3375,"B5","S",72,"","",59,"","medium",NA,"","",5,"Z","low",276,"Z","low",419
732,18.7875,"","C",41,"","low",51,"","medium",17,"D","",49,"Y","low",438,"X","low",221
733,0,"","S",51,"","",16,"B","high",NA,"D","",7,"X","high",434,"X","high",247
734,13,"","S",51,"B","high",42,"D","",NA,"","unknown",19,"Y","low",112,"Z","low",71
735,13,"","S",20,"","unknown",72,"D","",13,"B","medium",37,"Y","high",120,"Y","medium",NA
736,16.1,"","S",51,"","medium",73,"","unknown",NA,"A","",0,"Y","low",361,"X","medium",488
737,34.375,"","S",51,"B","",19,"C","unknown",31,"B","low",22,"Y","medium",NA,"Z","low",476
738,512.3292,"B101","C",51,"","unknown",51,"","medium",58,"B","medium",54,"","medium",306,"X","high",47
739,7.8958,"","S",51,"","high",89,"","",56,"C","medium",37,"Y","high",27,"X","low",274
740,7.8958,"","S",89,"A","unknown",22,"A","",NA,"D","",89,"Z","high",81,"Y","high",340
741,30,"D45","S",81,"A","",2,"C","medium",58,"D","",9,"X","low",374,"Y","low",440
742,78.85,"C46","S",76,"C","medium",95,"","unknown",56,"","low",NA,"Z","high",370,"Z","",279
743,262.375,"B57 B59 B63 B66","C",51,"B","",52,"A","",8,"A","high",59,"Z","low",448,"Y","low",434
744,16.1,"","S",27,"","high",77,"","",NA,"","medium",64,"Y","high",266,"X","medium",NA
745,7.925,"","S",79,"D","low",32,"","",11,"B","medium",67,"Y","high",213,"Z","low",7
746,71,"B22","S",36,"A","unknown",51,"A","",43,"B","low",5,"Y","low",56,"Y","low",232
747,20.25,"","S",53,"B","low",51,"D","medium",36,"C","low",79,"Y","medium",390,"","medium",132
748,13,"","S",31,"C","medium",51,"A","",NA,"C","medium",33,"Z","high",474,"","high",377
749,53.1,"D30","S",31,"D","",47,"C","unknown",NA,"D","medium",65,"","high",22,"Y","high",168
750,7.75,"","Q",51,"C","high",51,"","unknown",NA,"C","",NA,"Y","medium",245,"Y","high",203
751,23,"","S",51,"B","high",51,"B","low",41,"","unknown",39,"","low",177,"X","high",267
752,12.475,"E121","S",14,"","unknown",51,"A","unknown",6,"A","",70,"Y","medium",372,"Y","high",480
753,9.5,"","S",51,"D","",91,"","",0,"","medium",93,"Y","high",381,"Y","high",35
754,7.8958,"","S",93,"B","",51,"A","",54,"D","",87,"Y","medium",108,"Z","medium",276
755,65,"","S",55,"D","",51,"","medium",NA,"D","high",NA,"Y","low",476,"Z","high",194
756,14.5,"","S",43,"D","unknown",51,"D","medium",54,"B","medium",53,"Y","low",68,"Z","high",18
757,7.7958,"","S",73,"","medium",51,"D","",72,"","",52,"Z","low",390,"Y","medium",407
758,11.5,"","S",38,"A","",82,"","unknown",75,"A","",96,"Z","medium",NA,"Y","low",456
759,8.05,"","S",51,"D","unknown",72,"D","",87,"A","medium",20,"Z","",81,"Y","low",86
760,86.5,"B77","S",51,"A","",14,"","",NA,"C","",95,"Y","medium",336,"X","medium",379
761,14.5,"","S",17,"B","low",58,"D","medium",88,"C","low",64,"Z","high",135,"X","medium",350
762,7.125,"","S",55,"","unknown",53,"","low",79,"C","unknown",NA,"Z","medium",137,"Z","medium",352
763,7.2292,"","C",51,"C","high",51,"","low",43,"","",NA,"X","medium",43,"X","high",230
764,120,"B96 B98","S",93,"B","high",51,"B","medium",50,"B","medium",81,"Z","medium",373,"Z","",160
765,7.775,"","S",36,"C","unknown",51,"B","",61,"A","high",NA,"Z","medium",403,"Z","medium",35
766,77.9583,"D11","S",78,"","medium",51,"","",NA,"","",NA,"Y","high",252,"Z","high",17
767,39.6,"","C",61,"D","",51,"B","unknown",67,"C","",NA,"Z","low",387,"X","high",88
768,7.75,"","Q",47,"","high",51,"","unknown",58,"B","medium",72,"X","medium",174,"Y","medium",263
769,24.15,"","Q",51,"A","low",51,"A","high",52,"C","unknown",91,"Z","low",282,"Z","medium",70
770,8.3625,"","S",37,"B","low",4,"B","",NA,"B","low",NA,"Y","low",393,"Y","low",343
771,9.5,"","S",65,"A","",35,"","unknown",68,"C","unknown",NA,"Z","low",215,"Y","medium",309
772,7.8542,"","S",98,"D","",51,"D","medium",93,"B","high",4,"Y","medium",308,"Z","low",172
773,10.5,"E77","S",0,"","high",51,"A","medium",97,"B","low",63,"Y","high",72,"Z","medium",43
774,7.225,"","C",51,"B","medium",51,"C","low",82,"A","low",NA,"Y","high",253,"X","medium",258
775,23,"","S",51,"","low",51,"D","high",29,"C","high",96,"Y","low",425,"","low",411
776,7.75,"","S",51,"","high",44,"D","low",NA,"D","",NA,"Z","high",386,"Y","high",196
777,7.75,"F38","Q",42,"B","unknown",75,"D","high",29,"C","low",91,"Z","low",150,"Y","low",NA
778,12.475,"","S",11,"","medium",33,"A","",NA,"","high",NA,"X","low",272,"Z","medium",143
779,7.7375,"","Q",51,"A","low",15,"B","low",NA,"","unknown",0,"Y","medium",309,"X","medium",40
780,211.3375,"B3","S",85,"B","",84,"D","high",88,"A","high",NA,"X","high",469,"X","",324
781,7.2292,"","C",87,"B","",77,"D","medium",68,"D","high",63,"X","medium",414,"Z","medium",444
782,57,"B20","S",63,"D","",51,"C","medium",68,"A","low",NA,"Z","low",409,"Y","low",441
783,30,"D6","S",12,"D","medium",51,"D","high",95,"C","high",17,"Z","medium",376,"Z","low",479
784,23.45,"","S",51,"D","medium",77,"C","",68,"D","high",91,"Z","low",179,"X","high",53
785,7.05,"","S",51,"","low",74,"A","unknown",14,"D","low",NA,"Y","",188,"Y","low",21
786,7.25,"","S",58,"","medium",51,"D","medium",NA,"B","medium",41,"Y","low",232,"Y","medium",284
787,7.4958,"","S",51,"B","unknown",51,"A","medium",35,"D","",29,"Z","medium",213,"Z","low",475
788,29.125,"","Q",68,"B","medium",59,"B","unknown",63,"","unknown",NA,"X","low",478,"X","medium",498
789,20.575,"","S",51,"","high",51,"A","low",63,"A","low",NA,"","high",437,"X","medium",139
790,79.2,"B82 B84","C",51,"D","low",77,"C","",29,"","high",11,"","low",447,"Y","medium",187
791,7.75,"","Q",51,"A","low",46,"A","unknown",NA,"D","high",NA,"Y","low",303,"Y","high",332
792,26,"","S",45,"B","high",90,"","medium",8,"D","high",98,"Y","high",95,"Z","low",456
793,69.55,"","S",51,"C","low",51,"D","low",29,"D","high",23,"X","high",71,"Z","medium",87
794,30.6958,"","C",51,"C","medium",51,"","medium",82,"B","unknown",77,"Y","",137,"X","low",487
795,7.8958,"","S",43,"B","medium",91,"","unknown",65,"B","",2,"Z","low",325,"X","medium",408
796,13,"","S",29,"C","low",47,"D","unknown",94,"","high",89,"X","low",182,"Y","low",34
797,25.9292,"D17","S",96,"","high",51,"B","unknown",NA,"A","high",65,"Y","high",327,"Z","low",420
798,8.6833,"","S",51,"A","unknown",51,"C","",85,"","high",22,"X","high",439,"Y","high",320
799,7.2292,"","C",31,"","low",87,"","",17,"C","unknown",88,"X","high",167,"Z","",489
800,24.15,"","S",51,"C","unknown",75,"A","medium",NA,"C","low",NA,"Y","high",463,"X","low",104
801,13,"","S",1,"","high",16,"A","",5,"B","unknown",99,"Y","low",255,"Z","low",496
802,26.25,"","S",51,"","",49,"A","unknown",9,"D","high",59,"Y","high",401,"X","low",23
803,120,"B96 B98","S",51,"","low",37,"D","",23,"C","unknown",44,"X","medium",NA,"Z","low",NA
804,8.5167,"","C",91,"C","unknown",64,"D","unknown",28,"A","medium",5,"Y","high",137,"Z","high",223
805,6.975,"","S",51,"C","low",51,"","",1,"","",26,"X","medium",465,"X","medium",328
806,7.775,"","S",51,"","",71,"","",NA,"D","",5,"Y","high",443,"X","medium",83
807,0,"A36","S",51,"D","high",74,"","unknown",52,"A","",85,"Z","",285,"Y","medium",136
808,7.775,"","S",11,"D","medium",51,"D","low",65,"C","unknown",NA,"Y","high",16,"Z","medium",194
809,13,"","S",51,"A","low",15,"","",65,"A","",11,"Z","medium",29,"X","medium",NA
810,53.1,"E8","S",99,"D","",62,"","",96,"","low",NA,"Y","low",211,"X","medium",87
811,7.8875,"","S",4,"A","low",51,"","",NA,"","high",97,"Z","medium",449,"Z","high",74
812,24.15,"","S",87,"","high",94,"","low",34,"B","high",97,"Z","medium",188,"Z","low",477
813,10.5,"","S",68,"","unknown",77,"B","",NA,"","high",71,"Z","low",442,"X","medium",468
814,31.275,"","S",28,"B","medium",95,"","unknown",55,"A","low",7,"Y","high",267,"Z","low",314
815,8.05,"","S",51,"","",53,"B","medium",52,"C","",50,"X","low",67,"Z","medium",341
816,0,"B102","S",83,"B","low",93,"","medium",79,"D","medium",94,"Y","medium",280,"","high",68
817,7.925,"","S",4,"C","",1,"","medium",56,"B","high",9,"Z","",182,"X","high",25
818,37.0042,"","C",10,"A","low",28,"","",23,"D","unknown",79,"Y","high",112,"Z","medium",188
819,6.45,"","S",66,"C","low",0,"B","high",NA,"B","high",1,"Z","medium",337,"X","",492
820,27.9,"","S",99,"B","high",67,"","high",96,"A","",NA,"Z","high",102,"X","high",238
821,93.5,"B69","S",51,"C","",51,"A","",NA,"C","unknown",NA,"Z","high",452,"X","medium",403
822,8.6625,"","S",66,"D","",28,"","medium",59,"D","",NA,"","low",401,"Y","high",184
823,0,"","S",13,"","",30,"C","unknown",17,"B","unknown",41,"X","high",391,"","",154
824,12.475,"E121","S",65,"","",51,"","unknown",0,"D","",NA,"Y","medium",38,"","low",406
825,39.6875,"","S",62,"B","high",18,"B","high",NA,"C","unknown",84,"Y","",480,"X","high",235
826,6.95,"","Q",9,"","",51,"A","",2,"","",32,"Z","low",246,"X","",365
827,56.4958,"","S",68,"B","unknown",61,"","medium",45,"","",64,"","medium",366,"X","high",363
828,37.0042,"","C",89,"A","",23,"","high",88,"B","",46,"X","high",95,"Z","low",363
829,7.75,"","Q",51,"C","",22,"C","medium",NA,"A","low",43,"X","high",384,"X","medium",NA
830,80,"B28","",2,"B","medium",51,"","",NA,"","",79,"Y","high",NA,"X","",404
831,14.4542,"","C",51,"A","",51,"","",85,"","low",22,"X","high",353,"X","low",231
832,18.75,"","S",51,"A","high",25,"D","low",NA,"C","medium",NA,"Y","medium",138,"X","high",151
833,7.2292,"","C",45,"","unknown",37,"","",65,"C","unknown",48,"X","high",466,"Z","low",256
834,7.8542,"","S",14,"D","unknown",54,"C","",78,"A","",NA,"Z","low",354,"X","low",162
835,8.3,"","S",85,"","medium",18,"B","low",NA,"","low",NA,"Y","high",226,"Y","low",21
836,83.1583,"E49","C",77,"A","",56,"D","unknown",42,"B","medium",34,"Z","low",228,"Y","high",180
837,8.6625,"","S",80,"B","low",13,"","",39,"C","",66,"Y","medium",0,"X","low",250
838,8.05,"","S",19,"D","unknown",14,"B","unknown",NA,"B","",47,"X","high",149,"Y","medium",260
839,56.4958,"","S",1,"C","low",23,"C","medium",40,"D","",NA,"X","",394,"X","low",170
840,29.7,"C47","C",91,"A","",28,"","unknown",NA,"A","high",52,"Z","high",415,"Y","medium",362
841,7.925,"","S",28,"","medium",2,"D","",18,"A","",NA,"Y","high",499,"X","medium",142
842,10.5,"","S",65,"B","unknown",96,"B","",17,"B","low",NA,"Z","medium",42,"Y","low",323
843,31,"","C",90,"D","",51,"D","low",71,"A","unknown",44,"Z","low",125,"Y","low",134
844,6.4375,"","C",3,"A","medium",51,"","",76,"A","",43,"Y","high",383,"Y","medium",493
845,8.6625,"","S",0,"D","",51,"","medium",67,"C","medium",27,"Y","medium",180,"X","",324
846,7.55,"","S",0,"C","low",80,"B","",NA,"D","",NA,"X","high",124,"Z","medium",278
847,69.55,"","S",15,"","",83,"D","low",0,"C","",NA,"X","medium",140,"X","medium",214
848,7.8958,"","C",5,"","low",10,"C","unknown",NA,"","medium",NA,"X","high",459,"X","low",377
849,33,"","S",81,"","",37,"","high",46,"","",69,"X","medium",428,"X","low",212
850,89.1042,"C92","C",60,"D","medium",51,"D","unknown",NA,"B","",41,"Y","low",2,"Z","medium",401
851,31.275,"","S",51,"A","",57,"","high",92,"A","unknown",70,"Z","low",420,"X","high",79
852,7.775,"","S",51,"B","medium",0,"D","low",86,"D","medium",71,"Y","high",278,"Y","low",410
853,15.2458,"","C",96,"A","",51,"D","medium",77,"","low",52,"Y","high",422,"Z","medium",480
854,39.4,"D28","S",23,"A","low",51,"","medium",2,"B","",NA,"Z","low",311,"X","high",121
855,26,"","S",51,"A","",51,"","low",NA,"","unknown",NA,"Z","high",344,"X","medium",111
856,9.35,"","S",84,"","",38,"","unknown",43,"C","high",15,"","",288,"","low",477
857,164.8667,"","S",24,"A","",51,"B","unknown",NA,"A","",NA,"X","medium",367,"Z","high",203
858,26.55,"E17","S",51,"","",30,"A","",NA,"A","unknown",95,"Y","high",407,"Z","medium",347
859,19.2583,"","C",66,"A","",29,"B","high",29,"C","",40,"X","low",254,"Y","medium",95
860,7.2292,"","C",80,"A","unknown",34,"A","high",11,"","high",31,"X","medium",56,"Z","high",213
861,14.1083,"","S",96,"D","high",30,"C","high",32,"C","medium",79,"Y","",46,"Z","",351
862,11.5,"","S",92,"A","",51,"C","low",79,"B","high",60,"Y","medium",207,"X","high",447
863,25.9292,"D17","S",51,"","medium",4,"C","high",NA,"A","unknown",NA,"","low",236,"X","medium",218
864,69.55,"","S",77,"A","high",27,"C","unknown",NA,"","low",9,"X","",431,"X","high",37
865,13,"","S",84,"A","",31,"B","",59,"B","",80,"Z","medium",16,"Z","high",206
866,13,"","S",69,"C","high",51,"C","high",9,"","unknown",NA,"Y","low",444,"","high",321
867,13.8583,"","C",81,"D","",87,"D","",NA,"","",NA,"Y","medium",27,"Z","low",437
868,50.4958,"A24","S",51,"C","",67,"A","high",15,"","",NA,"","medium",249,"Y","low",416
869,9.5,"","S",51,"C","high",51,"B","",26,"","",NA,"X","high",211,"Z","high",379
870,11.1333,"","S",4,"A","high",51,"D","medium",97,"","medium",NA,"Y","medium",278,"","medium",82
871,7.8958,"","S",45,"D","medium",51,"","",50,"A","low",NA,"X","medium",21,"Z","high",NA
872,52.5542,"D35","S",51,"A","low",90,"D","unknown",19,"","low",63,"X","medium",381,"Z","high",288
873,5,"B51 B53 B55","S",11,"C","low",45,"","low",50,"A","low",84,"Z","medium",67,"X","medium",234
874,9,"","S",12,"B","",68,"B","medium",7,"B","",61,"Z","low",389,"Z","",461
875,24,"","C",69,"D","medium",38,"A","",31,"A","unknown",77,"Y","high",283,"Z","low",479
876,7.225,"","C",50,"B","",49,"D","",NA,"D","",34,"X","medium",444,"X","high",105
877,9.8458,"","S",51,"","",48,"","medium",NA,"A","unknown",28,"X","medium",489,"Z","low",478
878,7.8958,"","S",74,"","",51,"A","high",89,"","",26,"Y","low",421,"Y","low",423
879,7.8958,"","S",54,"C","medium",51,"A","low",NA,"A","medium",11,"","high",226,"X","low",352
880,83.1583,"C50","C",63,"D","high",73,"C","medium",65,"A","medium",27,"Y","medium",207,"Z","high",190
881,26,"","S",8,"C","",2,"D","unknown",70,"C","high",24,"Y","low",NA,"","medium",380
882,7.8958,"","S",85,"","high",13,"D","high",55,"D","",75,"X","low",324,"Y","high",293
883,10.5167,"","S",51,"B","low",84,"D","unknown",3,"A","",NA,"X","medium",395,"Z","medium",449
884,10.5,"","S",51,"C","medium",56,"","low",91,"A","unknown",NA,"X","high",241,"X","medium",355
885,7.05,"","S",81,"B","",51,"D","medium",NA,"B","medium",73,"Y","low",231,"X","low",482
886,29.125,"","Q",73,"","high",60,"D","unknown",65,"D","",NA,"X","low",58,"","medium",209
887,13,"","S",5,"B","",51,"","",55,"A","low",NA,"X","medium",84,"Z","medium",41
888,30,"B42","S",19,"A","low",89,"B","",65,"A","unknown",NA,"Y","medium",NA,"Y","high",245
889,23.45,"","S",1,"A","",66,"D","medium",35,"B","high",21,"Y","high",494,"Y","high",498
890,30,"C148","C",27,"B","",51,"D","unknown",84,"B","unknown",78,"Z","high",300,"Z","high",327
891,7.75,"","Q",51,"D","unknown",51,"A","medium",22,"A","high",3,"Y","medium",172,"Z","high",351
