"id","DR1","DR2","DR3","DR4","DR5"
1,0.764725853755209,-0.11790522287212,1.00833989840444,-0.019365389666632,-0.78739331673547
2,0.263384246709824,-1.26450387978061,1.12981001133897,-1.30127316828815,-0.970720959326146
3,0.425298894102124,0.0587140978768527,-1.44218711062662,-0.996063212093231,1.92432621794725
4,-0.202245477123865,0.398257028609735,-0.160669455777427,-0.106610185390686,-1.29086649047313
5,0.711590688165221,1.81487596601144,0.66187517207011,-2.15074810384028,-0.391480825774225
6,-0.680850742233746,-2.06902448741027,1.45381649762916,-0.104377095680761,0.295546399844625
7,-0.502412468601365,-0.288849926201648,-0.0904613052878877,0.259168345016846,0.317595217200863
8,0.842627359499037,3.3583134121954,1.01806247766019,1.31558276902396,1.4360250946828
9,-1.13113958344928,-0.485713936124985,1.82649413794639,1.25657330666191,0.0925210526072027
10,-0.753650962765159,-1.8407793035281,1.21491649551156,1.36641296561773,-0.243678902057258
11,-0.404766898857031,-0.135633040794013,-1.00502129514503,1.15061605717194,-0.0491843433628174
12,-1.39832404898616,1.67120527847549,-0.00455893429082991,-1.18450097497223,-0.327134322724116
13,0.291755479437642,-1.1976700254192,1.51080421117903,1.2755355798818,0.461520965265778
14,-0.855444966115733,-0.918905241287152,0.992494316550032,0.917042023113416,-1.83733945567489
15,0.511896547193877,-0.764625344479014,0.218077093663093,0.598330035186861,-2.35793818340195
16,1.31778125418255,0.326236209898408,0.136902063076247,-1.99334724489836,-0.736102126712136
17,-1.02751874624997,-0.416935303661187,-0.235004886736183,-0.826814564462133,1.35181326552407
18,0.068999666621587,1.42502905745074,0.302914729283511,2.41209763249958,1.54635901642069
19,1.06306860025822,0.478152238764654,0.272795507075176,-1.12853626852969,0.421118251706577
20,-0.899554093655633,0.245305007968634,-0.570209930203931,-1.04943946753892,-0.66780014283662
21,0.949900308077974,0.0461134504958142,2.01686097658333,0.416008918096263,1.12549690284406
22,-0.61828330312619,-0.493345687057437,-1.07273858545437,-0.161793477901779,-1.59784692549184
23,-1.42026946746897,-0.589016978261134,0.778607362748877,0.799580271632603,-1.81654128230258
24,-0.936332999368468,1.21581102461146,0.424188056806166,0.265817485387039,-1.98231101663907
25,1.45444317464676,0.518588844507833,1.12705248264644,-1.56806167652645,1.17857443904662
26,-0.491365003860889,-0.270780923454115,-0.826482028455975,-0.35332271926838,0.495910381699345
27,-0.0208618175179516,-1.00802773177067,-0.0861531223004539,-1.53525008027046,0.166904521327504
28,1.09761918710097,0.548433784330455,-0.822446155707152,-1.29621575022835,1.54700488603968
29,0.218659917696172,-1.45578000803918,0.290909623953878,0.965549814078829,-0.749731668039277
30,1.5125613981563,0.860647220351467,-0.5628303963647,0.812863140993701,-0.973499549397394
31,0.11763882137556,-1.78558509981226,-0.610185654679277,0.419451700927622,-0.027536468359682
32,-0.668501596676302,-1.82002072328043,-0.410187104804068,1.22102364919671,-0.364499374480899
33,1.28853873404292,0.307627530043273,1.35058901052817,0.848425181483843,0.276866999891857
34,-0.762061483403525,-1.76537665517183,-0.445616232120824,1.20156679465694,-0.361054278278125
35,-0.822954582563104,-1.80030221604024,1.18867269749915,1.35200048077346,-0.241126978944093
36,-1.60084342265519,0.166967668460932,-0.295081489580046,-1.45519271014984,0.89994801971525
37,1.41611007654323,-0.593613997968149,0.358012052137144,-1.54469692663626,0.857686023061152
38,1.76646892146377,0.253054042782846,0.327826042696585,0.503673623024644,-0.146688589062764
39,-1.78428987542319,-1.16833961472597,-0.832712252803896,0.988982643203938,-0.323413412358923
40,1.57093862737096,0.437744827356323,-1.40356493956931,0.29991374298432,-0.257173772878081
41,-1.31616773387003,0.389508478391193,0.675559853786001,-0.870901512161311,0.170990223785764
42,2.48585300940618,0.600050465582514,-0.480626677401828,-1.43571826858083,-0.101522014511022
43,1.19538529019238,-1.5326563751626,0.163081518612802,0.203612199131488,-0.419786550479267
44,-1.2112616349223,2.07916042713075,0.69408472109819,1.40293584095109,-0.681498860931076
45,1.56031250373178,0.370310645710831,0.0174113419151105,-0.456980377558432,-1.28693867877892
46,-1.54519238712028,-1.30798556655907,-0.742171149661075,1.03870571591667,-0.332217547099346
47,1.2188806706464,0.751435094676733,1.93484311698821,0.0437447695087991,-0.48181643942901
48,-0.744943718150594,-0.332924362014078,0.0290294158732375,-1.27719852232308,0.868431769267647
49,0.657541201384037,0.805463289878335,-0.989094273085966,-1.38773502898948,1.56320959780829
50,0.991346596472941,-0.547915876528689,0.134289139277519,0.650759699653238,-0.86184095652715
51,2.02628769239341,0.00604081199319696,-0.470779262340836,-1.10308845331511,1.51280911632325
52,0.432284585939745,1.21085003766389,1.63697600954734,-0.119836933473683,-0.452852112094573
53,-1.36435350677496,0.718453364114921,1.84952779448943,-0.586137594835817,1.38670872253886
54,-1.81990825859386,0.485190152236065,-1.87859554643627,-0.617841002391746,-0.700013455105392
55,1.48225427697956,0.323785948772859,-0.676793076738268,-1.21622645934265,1.53284171276161
56,-3.23786572441412,2.92615832249349,-0.0832700336293421,0.694377440571951,1.37114472514133
57,-0.0114642675635306,0.804936170344179,-1.32632196142932,-1.64678244033239,-0.753259092613226
58,-0.472971302583492,-2.00471150785391,1.32120387746183,1.42478352923703,-0.254014190665583
59,-0.864230992813587,-0.820162783693059,0.113189681704496,1.65813159655845,0.437984191581771
60,0.353162163984092,0.399191819059837,0.501662234764037,-0.311110586931906,0.081348230160876
61,0.56850486129187,-0.122393582112941,1.78854504999148,0.216773318857082,-1.2015622684971
62,-0.49194174467287,0.587425945760971,0.278651378613049,-0.17862342338107,-0.0353552489759631
63,1.09836022247526,-1.47598845267961,0.126340201395425,0.183434720349508,-0.416213858120834
64,-1.33882484181013,1.06208126341056,-0.59106774318098,-0.342974936836749,-1.24901495141721
65,-0.121458666927344,-1.64593914797916,-0.700726757822097,0.369728628214886,-0.0187323336192585
66,-0.926604250631735,-0.783733404953989,0.0895702634933261,1.64516036019861,0.440280922383621
67,-2.38914390884755,1.48159300219289,-0.727733863784339,2.3881451668538,0.475686872136634
68,-0.375946234866372,-2.06137943033691,1.3579451946792,1.44496100801901,-0.257586883024016
69,-1.10881914183337,0.0653245893170819,-0.320094537896492,0.13305910262947,0.339924544441066
70,1.57209202507589,0.0657789632666103,-0.937995191050288,0.168466008744199,-1.35347535691978
71,1.96261067993171,0.90565247611582,-0.678767352395536,-1.54453252915508,-0.0822549950066165
72,0.456364448854009,0.404855711267069,0.172621662864068,0.150275353225571,1.02598498841536
73,0.444555644728473,0.836247512245377,-0.193769791880148,-2.17494455393618,-0.70394789548624
74,1.36804558877466,2.85291033684562,-1.14637252207776,1.78266867873096,0.527125357561111
75,-2.01751322943161,0.779161912316284,-0.139047292181964,-1.00498680744402,-1.04802851719313
76,-0.953658904317954,1.22593029648343,0.417627107303063,0.262214364175971,-1.98167303586078
77,1.69221996201736,0.366909924252577,-1.35763829304759,0.325135591461795,-0.261639638326122
78,0.387692899725874,0.743309578075662,2.11778319815535,0.83594860262911,-0.81712059552667
79,-2.08042009282967,3.13253839653211,0.720177507377011,0.495112296346729,0.975959931441603
80,-0.769110330666256,-0.497369442133161,-1.79449899202078,-0.936172668772479,1.22461298531751
81,-0.261595262199766,-2.12816662469187,1.40124746139968,1.46874160801206,-0.26179755616074
82,0.252345154323444,0.157272671434996,-0.72872987166608,-0.626861346672584,-1.12888363389891
83,0.593076320532186,0.0759583903184365,0.0673623382297373,0.687854844394364,1.49392734983712
84,-0.987506387443394,-0.191254555806586,-0.0628238771702029,-1.32764221927803,0.877363500163729
85,-0.500144441552647,1.26891169787339,0.303002341172847,-2.0944606817306,-1.09055607762566
86,0.488815129206988,-0.819179158304251,1.08773337819832,0.351457510436403,0.820175217848908
87,-0.946794292614211,-0.4037990741535,-0.615555931173658,0.854867802935187,0.389442224303613
88,-0.257824319581585,-1.17433729921179,0.342822914313099,1.78424083894583,0.415654864341566
89,-0.90738297776454,-0.545909530853031,0.253878133655583,1.14000895992943,-0.0334032660427707
90,-0.848633089418875,0.341006554253943,-0.351139683747443,-1.21781494334715,-0.252182576701883
91,-0.574765305934063,-1.08283744561297,1.0987816985003,0.975412586732717,-1.84767474428321
92,-0.0387614685714884,0.513020680903909,-1.05029783752278,0.798529387366454,-1.66007037799432
93,-0.329911852681652,-0.199322986732899,-1.52569790337398,1.17795059214507,-1.29678462320917
94,-1.11426934515459,-0.00198264154161583,1.33518943013341,0.295022776621407,0.457810305284565
95,1.04403195598068,0.48612070547543,0.0332390609272122,-2.05027656003323,-0.726022030415129
96,-0.710233673581576,-0.346030724477917,-1.9835357779148,0.562001113730131,0.68053902950062
97,-0.332073279027995,-1.06048141774206,-1.34264142143107,1.60570280738298,0.300703815078209
98,0.338438788685216,0.0358047124679986,-0.0500790069558566,-1.76881106596468,0.897368427470888
99,-1.07371994873568,-0.977146657720331,1.1211703670155,-0.614280474531018,-1.28739607669771
100,-1.62341139122935,-1.33279185555552,0.885556830455792,1.18553628082213,-0.211652266987023
101,-0.102315421947433,-0.957304421624053,0.115349816729512,-0.634407891791107,1.3177450919633
102,-0.412317762864039,-0.341470139935862,-0.0563443678717549,0.277904575314399,0.314277717153745
103,-0.596157042799682,-1.55441534070727,-0.669152760002549,-1.21492006335335,0.540653160876634
104,-0.0737185881866369,0.535893369809329,-1.84248647052056,0.386090067412993,1.40079524319134
105,0.659992976086368,-1.21680814197054,0.192687580661472,1.01005261188086,0.747769116547768
106,-0.164720099509154,-0.735130800865062,-0.119613615686227,0.838544042234027,0.778137001594447
107,1.83536555657721,-0.652756135249751,0.305443015907666,0.0284217770565645,0.300342067055793
108,0.383835207506295,-1.18095915392032,-0.111675009335354,1.1315875119452,0.340445300530821
109,0.515211823157265,0.683054547456401,-1.33821311073956,-0.0513243851309422,-1.31455852944399
110,0.636851338500867,0.727086326814963,0.111396149298844,-1.21717305032196,0.436812578852549
111,-0.342468821997687,-1.05440985461888,-1.34657799113294,1.60354093465634,0.301086603545184
112,-1.9577570646146,0.375424669023386,-0.430237049343966,-1.52941700709783,0.913090423748056
113,0.629504561153824,0.60913517182135,0.730776248775157,-1.85953717876897,-1.13215242437027
114,0.211305308805158,-1.14362597485498,0.00176360104112508,-1.48696825604215,0.158355578898397
115,0.426247753234993,-1.35962503537706,1.19148293666813,-1.26740382890411,-0.976717978642106
116,-1.00356824094898,-1.38695546413641,0.833917179555364,-1.13654880145819,0.673340075776497
117,0.650414584288249,0.291519866301074,0.246104297298821,0.190630310789532,1.01883960369849
118,0.235847486261743,0.0718964378287634,1.66257481953191,0.147593391604579,-1.1893130375539
119,0.773932526239796,1.96419082929229,0.474150576076709,-0.651853697095459,-0.935682377746778
120,-1.95386763671348,0.0652944902135815,-0.142403216331833,0.922380438780927,0.00513077296603991
121,-1.21415626509895,2.81231904495384,0.836880968327588,2.1611915272851,0.402156071356321
122,-0.936318525913653,0.154851528785833,-1.75533113598259,1.05184134975769,-1.27445529596897
123,0.626007960420355,0.796903268215664,0.518120044669968,-0.374334632626207,-1.67392964938532
124,0.691936053642019,0.579837974362371,-1.27129142580792,-0.0145725487780499,-1.32106593338257
125,-1.62801954950596,-0.48930412373909,-1.6220564300586,-0.149733829589876,0.890329598465121
126,1.16379221840662,0.380486287521413,1.30335017410583,0.822482708764154,0.281460461495556
127,1.23070104241683,-0.482175056589751,0.520149294148493,-0.665473465423316,2.0123544783667
128,0.138992174672109,-1.59497559944807,0.472073270444174,-0.536947713877063,-0.204892135288432
129,-0.477267173361289,0.200346644270376,2.1854484090483,-0.40165778882914,1.35404410669033
130,1.66557168807225,-0.553587270904506,0.241145710777258,-0.00688881081190111,0.30659427868305
131,-0.719828484448248,2.55223583868716,1.27788770998245,2.16191222771255,-0.321810842158364
132,-1.47000520234511,-0.283941305640115,-0.602352591962798,-0.739869628024043,0.950614064978722
133,0.616801287935765,-1.28519278394874,1.0523093669977,0.258153674802618,-1.52564058837402
134,-2.27956323002024,0.0697925593865795,-0.054405052785599,-0.631281410372129,0.559029632768625
135,1.21174462187016,0.0905155761835361,-0.863118926510259,-1.39240208283099,-0.79830053556061
136,0.324626868712921,0.794366538048003,-1.4103835552737,-0.090958718452689,-1.30754074088279
137,1.41284405647924,-0.332340156805163,-1.27955700315433,0.695237867322618,1.34605649241392
138,-0.930149592216934,-0.31119879336209,-1.19083567651022,-0.226649659701001,-1.58636327148259
139,-1.44993623451982,-0.299519333680851,1.70577266708929,1.19027587637826,0.104259898927767
140,-0.527441642560605,0.976996208433119,0.579026465079395,0.350851145968241,-1.99736736300676
141,1.01806992935985,-0.854721311368315,0.704975870881859,-0.66241506323925,0.506432347506204
142,1.90466917637516,-0.693233222737606,0.331686813920078,0.0428342619008357,0.297790143942627
143,0.628394924664116,2.04919271301678,0.419038600250645,-0.68211991526843,-0.930323339209129
144,0.550037274125946,1.90417603213033,0.88278114846591,3.1689121465344,1.90642982366038
145,1.52718055569103,0.661832144665506,0.943264456354906,-0.0670053970549894,0.633990098607088
146,-1.69638833171374,0.152280651336446,1.32608554103372,-1.31196526645545,1.02115128060587
147,1.81749732526725,0.682548035404904,-0.447357685110088,0.876278074308496,-0.984728011095326
148,-2.07713399369121,0.0667983080842376,1.46826629507697,1.0598428885376,0.127354803101921
149,0.266174458539461,0.334921495957347,-0.934825126268166,0.86194432068125,-1.67129883969225
150,-0.401301717867135,-0.137656895168405,-1.00370910524441,1.15133668141415,-0.0493119395184749
151,-0.486380887612681,-0.179121139492404,-0.938900331707202,-0.0144428241019762,0.738399169056712
152,-0.17304387054612,0.310711254007108,1.50773641125868,0.0625597310233769,-1.17425669118622
153,0.308873244690573,0.234782267738553,1.98544985917309,-1.20322973709823,1.69100701281155
154,0.0900239741587576,-1.07279107175124,-0.0441630454805953,-1.51219010451962,0.162821444346438
155,0.0888391567102459,-0.515080965641601,-0.721076808204185,0.105180800105478,0.717218207217433
156,0.0821249019451169,0.623431983701486,0.0309051535970451,0.0724479350665049,1.03976537322645
157,-1.26605604102229,1.01958032154831,-0.563511755267948,-0.327841827750264,-1.25169447068603
158,0.340118108269694,0.223699759649108,-0.0284275245155651,0.635249274712773,1.50324186920018
159,-0.262750902823349,2.94296346180105,-1.58004529342653,1.87172750012849,2.1845839890079
160,0.664471563363831,0.80141558112955,-0.986469893284725,-1.38629378050505,1.56295440549697
161,0.36608505564559,-0.862733557612942,-0.40475760194997,-1.32309243090242,1.24891533593547
162,0.00130282637762623,-1.78812899069039,1.00310823653076,0.558355399168725,0.0944323694648829
163,-2.27115270938188,-0.00561008896968892,1.60612767484678,-0.466435239411338,0.67640500898949
164,-0.924501058955438,0.0702928447750824,1.93220087434466,-0.614585248670379,-0.970590737693313
165,1.14933994430844,0.312689196942527,-1.098082358926,0.0805498511941425,-1.33790862592946
166,0.287813632467606,-0.0465533492172309,-1.24044897233699,0.329587254363085,0.291223658961176
167,2.46506192346679,0.612193591828871,-0.488499816805552,-1.44004201403411,-0.100756437577072
168,1.34438807275795,-1.61968211326149,0.219505684339486,0.234599041546672,-0.425273185172574
169,-0.345590295745197,0.123440178043451,2.23531162527188,-0.374274067625024,1.34919545277532
170,-0.431389130704726,-2.02899776034662,1.33695015626927,1.4334310201436,-0.255545344533482
171,0.367423140821623,0.0855100609115672,0.604074473966954,9.13886878979665e-05,-0.066999095579225
172,0.424993132473841,-0.89713908197762,-0.38245037363942,-1.31084181878478,1.24674620128928
173,1.22557392608618,0.268164400705886,-1.06921418111235,0.096403584522841,-1.34071574135395
174,-1.53100895524365,0.514987449603543,0.594204079947524,-0.915580215178552,0.17890118543658
175,-0.620761517935595,0.361811794508051,-1.55194681750253,1.23738508839482,1.0550282023297
176,2.13683630269826,-0.828831465821921,0.419603537261657,0.0911160861291456,0.28924120151352
177,1.02968912525923,-0.179047260855051,0.23269826570793,0.778653498913275,1.47785023422418
178,-0.552878605047681,-0.515591292213163,1.75910820823851,-1.07415926652497,0.979044549238622
179,-1.49426146927439,-0.269774325019366,-0.611537921267141,-0.744913997719537,0.95150723806833
180,0.409126386857579,-0.303132494340899,-0.983178311610705,-1.13111406754442,0.828662614683838
181,-1.75699267441523,-0.876424125285696,-1.10873637671044,-1.4563291844949,0.583397873022169
182,-0.762931876391074,0.0950197477598333,1.13887382375141,-0.857930199616232,-0.555145824375112
183,0.872532327784168,-0.769719427643819,0.649863895055794,-0.69268128141222,0.511791386043852
184,-1.0963981191367,-0.684564540608744,0.0252729583629178,1.60984977233014,0.446533134010878
185,2.08169916848819,0.159403384022834,-0.661128238135475,0.394364704945282,0.968862756662017
186,-0.358103440710436,1.37167791054321,0.145458112893722,-0.578991917414863,-1.63769234117836
187,-0.731024759520959,-0.33388759823156,-1.99140891731852,0.55767736827685,0.68130460643457
188,-0.703577653486493,-1.49167585510109,-0.709830646921786,-1.23725941486197,0.544608641702042
189,0.666327228081891,0.70672083228424,-0.109789638240431,-2.12882460243451,-0.712114049448373
190,-0.0922570603495966,-1.73348492258178,0.967679109214009,0.538898544628957,0.0978774656676573
191,0.822856482611534,-1.311929297567,0.25436050599064,1.0439219512649,0.741772097231828
192,1.2222591020349,-0.221028166213562,-1.35172744768846,0.655603534000872,1.35307428097513
193,-0.696995499713333,0.406336590744692,-1.58081499531618,1.22153135506612,1.05783531775418
194,0.102886705103075,0.738148975989218,-1.28301969470885,-1.62300184033934,-0.75746976574995
195,-0.0631731401904371,-0.919881939623653,-0.280947506515409,1.03862698469965,0.356905204610743
196,0.69670498927547,-0.285368165395576,-1.08561056406376,0.414620914944287,0.276167312593495
197,-0.553579030928579,3.10320090280846,1.11448458170716,0.384434747682794,-0.677670815335433
198,1.08166684010768,-0.209405076470942,0.25238111421724,0.789462862546478,1.4759362918893
199,-0.523082480383558,-0.641063102715047,-1.70133350907672,-0.885008347575314,1.21555365826577
200,-1.54671241707287,2.91608897558582,1.81927429965655,2.2668973241534,-0.712757293590169
201,-0.239199639625043,-0.694780664164003,-0.380165100244119,-0.0947262371449329,-0.366961742036725
202,-0.427135629412574,0.556582273977469,-1.76498582617929,-1.17333677567777,1.95571487223919
203,0.986932104438068,-0.0860402139163467,-0.661889626939085,1.01183416306167,-1.69783884006918
204,1.70269068594585,1.2431857962152,-0.988525609146649,-0.112656176936121,-0.614590104502947
205,1.61016021197747,-0.706949842934143,0.431494686571897,-1.5043419690723,0.850540638344287
206,2.3378168001123,-0.9462150195367,0.495710551497651,0.132912292177533,0.281840624485338
207,-0.951834833414518,2.66611567382996,-1.13196141212938,1.20755375679458,2.38595321169895
208,-0.938046590603992,0.290907215324781,0.19658407367609,-0.151430589797447,1.72630243835315
209,-0.556285551367532,-0.506435256558681,-0.267891074456352,0.757113502863893,0.792555367183836
210,1.979815510724,1.25988950700361,0.930792661492672,-0.401076460805134,-0.980085839915871
211,-1.25034624135074,-0.52416000852798,-1.69037174509553,1.41473738319638,0.334516796327662
212,0.472567441003638,-2.0633731856078,1.18156606301516,0.656360296109771,0.0770792922953526
213,1.44760246708059,0.344024492516787,-0.689914975744473,-1.22343270176478,1.53411767431819
214,0.167847621107354,-0.750808760066935,1.82069969336302,0.561653746240431,0.41059972769099
215,0.230686039398612,-0.989190008783663,-0.751252059802327,0.0147594614405471,-1.62910798362813
216,2.05747432130249,-0.0121738773763381,-0.458969553235251,-1.09660283513519,1.51166075092233
217,0.740685694040591,1.03072699834293,1.75376091070257,-0.0557013759166745,-0.464208169948163
218,-0.544002923936209,-0.792945810547089,0.824069764494372,-1.46917861672391,-0.940991055057779
219,-0.0144737818986367,0.313109458263239,-0.829768494013865,-0.682349413323029,-1.11905872991322
220,-0.573580036573446,-0.682060226706638,-0.0631080097548867,-0.732412788732155,1.33509816913283
221,-1.03560295784681,-0.999409055838651,1.13560445592233,-0.606353607866668,-1.28879963440995
222,0.957633011902732,0.61022280960392,-1.42447853777458,-1.31355991827246,0.307315567844144
223,0.55325363308733,-0.221555285747719,-1.68895513603182,0.396556122657964,-0.963394409446385
224,0.851484284203797,-0.9629630731695,0.346671703923915,0.66895121092379,-2.37044260665647
225,0.86395205101832,1.02922318047228,0.143091399293767,-0.19316382567335,-0.586432200084045
226,0.866600080836643,-0.47505711905055,0.0870503028551774,0.62481722693355,-0.857247494923451
227,-0.75361954302159,-2.02652354554802,1.42626050971613,-0.119510204767245,0.298225919113444
228,-1.81517074270398,-0.194271745501961,-1.90425869889668,1.29727563171557,0.355314969699966
229,0.456214091915395,0.896072132560909,0.453822739539559,-0.409645220494673,-1.66767743775806
230,-0.0304261288919275,-0.444729402538159,0.245058775910527,1.4033291994518,-1.1901273240636
231,1.04701503020871,-0.189166532727015,0.239259215211034,0.782256620124343,1.47721225344589
232,-1.05648594111846,3.89051035355074,0.426351388801092,-0.685209418689745,-0.293242139309323
233,-0.312242240489779,0.966383919683077,2.06406485243456,-0.795540664683011,-0.249441350912987
234,0.280171065982849,0.896569152991566,0.968741749447577,0.638723526999692,0.313997481188426
235,-1.31260132982392,0.296964534707071,1.78523560547515,-0.6952951637983,-0.956299968259583
236,-0.203883887400588,0.355700654408849,-0.0230973247084281,-0.963811901699737,2.06517928680924
237,-1.24847317843182,1.21484782144838,-0.26163175403669,-1.69019494432849,1.63066711816995
238,-0.314761847533324,-0.00964119378839296,0.84343872086078,0.823282064223392,-0.407789886370192
239,1.70664295333411,0.561567133365551,-0.278003747725378,-0.632705071827318,-0.438740112943556
240,1.20262141380045,-0.580850904056919,-0.89403083857316,0.519832054307469,0.257538273867381
241,1.20883957127529,0.354176180654307,1.32040864281389,0.83185082391293,0.279801711471999
242,-1.12764298271582,-0.673482032519299,2.03915034205158,-0.228629239480857,0.634298277622247
243,-1.04081927667898,0.88802978721278,-0.47821941172761,-0.281001252006381,-1.25998822080382
244,-0.862684690848294,0.618234121801075,0.349591073451216,-1.7416533876829,0.52020236085018
245,0.601751693491075,0.811070248836414,0.508934715365624,-0.379379002321702,-1.67303647629571
246,0.396639220854185,-1.06299520951669,0.0929611482143079,0.955285169472626,0.7574664243778
247,-1.64543510886906,-0.300572791127295,0.185725699027967,-0.499407174047044,0.535679536283154
248,-0.238882309354166,0.349164487120571,1.48280480314689,0.048867870421319,-1.17183236422871
249,1.33336997969692,-0.853147817418134,0.613041137633763,0.889084913187165,-0.0470837238294064
250,1.55606987476996,-0.78728405024498,-0.760187468709861,0.593335727013255,0.244523465990233
251,0.103461308952909,-0.0611737697400349,-1.27769912827283,1.38799555501746,1.02836060579711
252,-0.485302670866545,-1.43343443866792,-0.838506697387258,0.29406308278246,-0.00533473727513527
253,-0.807388098911964,-0.45338863607332,0.512999317842639,-0.0380228887471625,-1.47319856839845
254,0.211591219332463,0.0860634184495123,1.65338949022756,0.142549021909084,-1.18841986446429
255,0.496180158516227,-0.661835178136129,-0.663851920983678,1.33797836014747,-0.082359343833978
256,0.264429220584566,3.01670228424373,1.5081364357772,0.674469001440885,1.63331124039277
257,0.256627003558532,-0.0283386598476964,-1.25225868144258,0.323101636183163,0.292372024362101
258,-0.0372111135696054,0.420960077220092,-0.952684316470056,-0.349234512094334,-0.875549173310588
259,-1.43257890982677,-0.495382847572736,1.92367763079696,-0.292044172795652,0.645526739320179
260,0.167937275520973,-0.929420820806767,0.00635661477334912,0.90772396948653,0.765887770651249
261,1.79974717340654,1.00077363171228,-0.740440277724704,-1.57840186853912,-0.0762579756906758
262,0.461774948975584,0.129525047307535,-0.763728970780692,-0.245464621215579,-0.893923019725385
263,-0.134381558588842,-0.384013771306376,0.20569307889191,1.3817104721854,-1.18629943939385
264,0.0835178590901827,-1.37684968743786,0.239734217829676,0.937445468632499,-0.744755417968603
265,-1.96643288948559,-1.31817451451055,0.966994044498923,-0.371728689541998,0.342884573593854
266,1.18760729213593,-0.200789622469634,-1.36484934669466,0.648397291578736,1.35435024253171
267,0.702363016355282,0.388022169219271,-1.05601084190149,-1.49833384643639,-0.779543900678838
268,0.256352661673821,-1.16993608172209,0.0188220697491926,-1.47760014089337,0.15669682887484
269,1.32422950940048,-0.351074882678435,0.34423440726068,0.839906559501429,1.46700456099322
270,-0.235472458222095,-0.809043015789645,-1.59242174732521,-0.825196535471587,1.20496317734613
271,-0.0586520474531898,-0.685154409170117,1.09175138810484,-1.24832429021832,1.38224023161363
272,-1.88866955203132,-0.799517659058771,-1.15859959293403,-1.48371290569902,0.588246526937185
273,-1.69203374333952,-0.359801397451016,-0.98165179733067,0.579966658263581,-1.92421935069342
274,1.92717100164259,-0.703225543822775,0.572555449968662,0.965295177646592,1.44480282990867
275,-0.438084629063152,3.15343715602743,1.82528444806264,1.65231036300586,1.95343391851839
276,-0.714561416015051,1.08628434465033,0.508168210445883,0.311937436888707,-1.99047717060121
277,1.28125392846455,0.715005715937663,1.95846253519938,0.0567160058686435,-0.48411317023086
278,0.0403923731277371,1.13893465748804,0.29635995146509,-0.496120129560302,-1.65236589907906
279,-0.0757618451880103,0.459430103296149,1.83979678020421,-1.28321902798393,1.70517018608962
280,0.57727931934713,-0.309228011137139,-0.254856955541191,-0.353131755462652,-1.99443527690381
281,0.876804746336504,-0.211996532124168,0.796966389358179,0.106023152293294,-0.0857557304609966
282,0.504541938302861,-0.452471311294812,-0.0710689292496553,-1.85418803493412,-1.44985093646428
283,-0.566225427682432,-0.994214259890835,0.226038013157867,1.72010528138882,0.427010922195156
284,0.962241170179344,-0.233264922212505,1.08313472273981,0.0217101921395399,-0.794666297608
285,1.38120130900327,-0.778762225996258,0.0495711014027834,-0.185946931269102,-2.02403758501654
286,0.19994105560162,0.554620934972133,0.075519610218145,0.096949159301767,1.03542710393407
287,-1.03888345136562,0.322824281149965,1.67755459341961,0.847557321721552,-1.50828488572729
288,0.650976851645416,0.494272492911619,1.32049008301855,-0.770092849468435,0.84224951370369
289,-0.904283809015817,-0.232694879511922,-2.05701841234955,0.521646156166171,0.687684414217485
290,0.45842134832456,-0.5247060975555,0.725396603626185,0.138980979814625,1.67488118762285
291,-0.926211346371382,1.02662936462986,-0.139598093278976,-1.62317688980262,1.61880067569373
292,-0.110226514715775,-0.307660662617397,-0.89348515359228,1.21186911776009,-0.0600300165937731
293,-2.95873870404008,0.46646801676756,-0.311594273307234,-0.77252376184599,0.584038479277654
294,0.69740725628859,-0.00809705015117239,-0.674500057538492,-0.196462172745056,-0.902599558310151
295,1.53399603351237,-0.56720089398731,1.29964605634221,0.14061319210478,-0.815719663291622
296,-0.485717397199302,-0.0668886021915868,1.24384901580106,-0.800280260239146,-0.565353516827777
297,-1.07046259150437,-1.58525361585087,-0.562401133276056,1.13743123709994,-0.349698220424535
298,0.936129238532004,-0.124403192746446,0.197269138391175,0.759196644373508,1.48129533042695
299,-0.0444777303213464,-0.167501834991028,0.945789533109185,0.879490755116051,-0.41774238651154
300,1.15055404453838,-0.371881027701196,0.900629391507206,0.162952467428166,-0.0958358267580032
301,-1.74246017658618,-0.243904868644297,0.148984381810591,-0.519584652829024,0.539252228641586
302,-1.24224148234066,-1.55541583673872,1.02989771952406,1.26480494746562,-0.225687844109438
303,-0.489960026161123,-1.2244832981474,0.466250205176088,0.250035844332541,0.966108627941377
304,-3.01977542926526,1.66419025631245,-0.755208411492716,0.771068384385951,1.04081419363715
305,0.881200017042688,2.84220044762174,1.5303622238831,2.28866328693988,1.06869430351489
306,0.987881415483043,-0.545892022154296,0.132976949376898,0.650039075411025,-0.861713360371491
307,-0.713243187916683,-0.837857436558857,-1.48698231049934,1.52643414073949,0.314739392200623
308,0.650945431901844,0.680016734931541,1.10914606881398,0.715830320916545,0.300344692532987
309,-1.86711703780886,-0.34965817190599,-1.71259753320142,-0.199456902302613,0.899133733205544
310,0.627422368802874,-0.900133333279962,1.14022097422315,0.380282480124946,0.815071371622576
311,0.639335788702217,1.37065852269844,-0.893502251321087,0.63126583195588,-0.9413453181715
312,-2.01857768262511,2.70761214916258,-0.119244845926978,-0.017116477420439,1.69215811180526
313,-0.0377634755562175,-1.30601478433412,0.193807571307955,0.912223620155024,-0.740289552520562
314,-1.20412449145179,-1.57767823485704,1.04433180843088,1.27273181412997,-0.227091401821679
315,0.970485707220917,-0.630996902992525,-0.770603547710171,-1.01437294030582,0.807992037467192
316,0.337762563769505,-1.21433392717193,0.281997934108327,-0.542888613029983,1.30154038019469
317,0.073449077074122,-1.07016719983245,1.42813624743993,1.23013625262234,0.469559523072252
318,-0.0941833650844959,-0.109839904478048,1.18078246036662,0.767073449515968,-1.12167670358787
319,-0.787739990259296,0.375932115122357,-1.98542861336741,-1.36824862946367,-0.372109876035914
320,-0.885327840381253,-1.76387283730117,1.16505327928798,1.33902924441362,-0.238830248142244
321,0.187473288787097,-1.43756531866964,0.279099914848293,0.959064195898907,-0.748583302638352
322,0.22354548965813,1.42777680560565,-0.839621025190988,-0.941132247494728,-0.384128958321799
323,0.622663853587648,0.434570819830304,-1.08619120961576,-1.5149082040073,-0.776609189098697
324,1.79408914632673,0.327383297097433,-0.770039999886984,0.334552892841555,0.979453237581657
325,-0.942706561532968,-1.16628566124807,-1.01171576426917,0.198940682810268,0.0115079552717616
326,-1.11562842965597,-0.294984004693885,-1.92571798208284,-1.00823509299384,1.23737260088335
327,-0.623246420049051,-1.24024772639139,1.29175505409618,-0.520599323043253,-1.30398357693329
328,0.28003518249905,0.326826078459775,-0.929576366665684,0.864826817650103,-1.67180922431488
329,0.193010693621826,0.558668643720918,0.0728952304169039,0.0955079108173395,1.03568229624539
330,0.161784361513102,0.234245438272222,0.780018855696459,-0.144754007811797,-0.76519158565093
331,0.0201466082567634,0.478615156539232,-1.02799060921223,0.810779999484085,-1.66223951264051
332,-1.42956939549166,-0.0035561354917961,1.4271241633815,-1.25647719980501,1.01132637662018
333,0.278120356511035,0.236789329150351,-0.833275035513583,-0.283657706052899,-0.887160423475495
334,0.391693881205718,-0.989616415534813,-1.56625938951745,0.791159622754049,0.639963452001276
335,1.55260469378007,-0.785260195870587,-0.761499658610482,0.592615102771041,0.244651062145892
336,1.19776282375338,0.46296729644086,0.734631378272364,-0.255431632660967,-1.69498301506894
337,-1.18788623393119,0.409850019248853,1.62113042769293,0.816570479306368,-1.50279825103399
338,-0.122682260975596,-1.25326761981311,0.393998320437302,1.81234518439216,0.410678614270892
339,-1.54140449821334,0.521059012726722,0.590267510245663,-0.917742087905193,0.179283973903554
340,-0.679863712917693,-0.180657936939152,-1.44688506913209,-0.380755626703479,-0.741992590316977
341,-0.682601880076017,-0.183609498733227,-0.15869518012016,0.221695884421741,0.324230217295094
342,-0.628995634558943,1.22904178864039,-1.7389398691473,0.807471000430267,-0.542077447490708
343,0.353447532703582,-1.13137985149489,0.952582934550534,0.203386232394386,-1.51594328054399
344,-1.26122290769586,1.99310508595981,-0.770850271137071,-0.256480991301244,-0.255438262113338
345,2.32611750249906,-0.0769611710299684,0.307405309952259,-0.297722420029231,-1.31513742917941
346,1.55730298939668,-0.121516066370109,0.513964809330571,0.507452649450924,-1.65273831607892
347,-0.0544254381802184,-0.225175650145372,0.531192498334339,0.0323285919670156,1.69376541866028
348,-0.0898795267885886,0.262138749021683,1.53922896887357,0.0798547128365025,-1.17731899892202
349,1.08606979451424,-0.0320161134726156,0.546850997050741,-1.0764754178751,-1.09348041773868
350,1.56402521167992,1.31700778991082,0.984673887622771,-1.97347454025574,-0.42286948006617
351,-0.354061518908557,0.511447186953729,-0.958363104274682,-0.75297058905996,-1.10655430665871
352,1.08365186243901,-0.140073991237852,-1.40421504371328,0.626778564312328,1.35817812720146
353,-0.378928857182298,-0.427604867118501,-0.686878430583395,-1.47802664297833,1.27634850940201
354,1.79107963199162,-0.164443414983508,-0.273486532471523,1.29898591985091,0.613653600281661
355,-0.278372858199229,1.13938501791225,0.386982494812565,-2.04834073022893,-1.0987222315878
356,1.30530450859739,0.0358715080749315,-0.827689799193504,-1.37294522829123,-0.801745631763385
357,-0.814901307783454,0.653759700213877,0.188913626652396,0.850959907584757,0.706885544086303
358,0.128415306932338,0.0465439520048357,-1.30080970776554,0.29643853922126,0.297093082121458
359,0.813399164970605,-0.167957592055138,-1.29522184175712,-0.915353296965309,1.91003544851351
360,1.47745392160254,1.37473633055073,-1.07381795268699,-0.159496752680004,-0.606296354385156
361,-0.702097494827923,-1.56303079470858,0.948077700909355,-1.07385449238561,0.662239210234224
362,1.82668075293557,-0.644533766965384,0.534501942850665,0.944397074622398,1.44850311842277
363,0.0332021427180455,-1.0595745514632,-0.614702869933133,-1.51223929075061,-1.0799301815849
364,-0.123760477721733,0.0010456793624042,0.293604686117358,1.50383927750772,1.15441252060274
365,-0.932717461439956,0.722570748943231,0.144299170031296,0.826458683349496,0.711223813378685
366,-0.0793456474349832,-1.2817285318414,0.178061292500508,0.903576129248461,-0.738758398652663
367,0.152821478888126,-1.41732677492572,0.265978015842087,0.951857953476771,-0.74730734108177
368,1.27456088300624,3.78990184004002,-0.816625535195442,1.32325818306663,0.178002776054036
369,-0.120560312892596,3.64468059694693,1.97298126128077,-0.195788216575594,0.886239051236812
370,1.1676638422732,-1.51646554016746,0.152583999407837,0.19784720519378,-0.418765781234
371,1.19107247312582,-0.202813476844027,-1.36353715679404,0.649117915820949,1.35422264637605
372,1.33108199559073,2.50320687087422,-0.69523686246557,1.64329407782649,-0.567772668768345
373,2.40928184625659,-0.125533676015394,0.338897867567154,-0.280427438216105,-1.31819973691521
374,-1.1882473254173,-1.70218680914144,-0.395671575692587,-0.372993157520306,0.196544870038551
375,-0.045660410807711,0.331324147632774,-0.84157820311945,-0.688835031502952,-1.1179103645123
376,-0.131075835325204,-0.30264971765113,1.12432879979824,-0.624448021324267,0.127352338550621
377,-0.200626982081383,-1.21089362873766,0.132134645978788,0.878354280770986,-0.734292533204622
378,-0.512808011571056,-0.282778363078472,-0.0943978749897518,0.257006472290205,0.317978005667836
379,2.66384957479092,-0.180604150875149,-0.440680334831218,0.515429577637163,0.947426602511421
380,-1.06706056593958,0.832865682600439,1.16919141689857,-0.123361323467726,-1.14133688302637
381,0.551092206740986,-1.08271371675688,-1.50589865408891,0.824308337895874,0.634094028840994
382,2.48712534430616,-0.0773875777811184,-0.507602019762868,0.478677741284271,0.953934006449995
383,2.03642627772211,-0.205417522902019,-0.762161744367129,0.265029657200818,-1.37057324177799
384,-0.321334028815917,0.109273197422702,2.24449695457623,-0.369229697929529,1.34830227968571
385,-1.35907060668111,0.40176176246175,-1.9154183038583,0.963925192207638,-1.25888856497865
386,0.314468432283242,1.27966108639324,1.59236155292624,-0.144338157708945,-0.448513842802191
387,0.473956412232129,1.00795172443134,-0.161620790234892,0.234880780678979,-0.0990952230022137
388,0.932358295913824,-1.07823251822652,1.25569368547776,0.443697413439741,0.803842909924645
389,1.16531329062708,0.415285802371684,0.0791657074489331,-2.02505471155576,-0.730487895863169
390,0.617364007205038,-0.123952832322234,0.28789168173865,-0.793023956295119,2.03493899791822
391,-0.810366193503498,-1.13095959017418,1.22089679946267,-0.559513032122785,-1.29709338452774
392,2.45247353440719,-0.057149034037191,-0.520723918769073,0.471471498862135,0.955209968006578
393,0.78195053564848,-0.0375044054343528,-0.0934627138809908,-0.190647992576364,0.33913129837592
394,0.523370758821809,-1.06652288176174,-1.51639617329387,0.818543343958165,0.63511479808626
395,0.43921494791954,1.2068023289151,1.63960038934858,-0.118395684989256,-0.45310730440589
396,-0.511296433168915,-0.539877544705876,1.77485448704596,-1.06551177561841,0.977513395370723
397,0.120804160191152,0.803922212193711,1.1197250282236,-0.880348358527112,0.861771725519412
398,1.12175437987307,0.898623106469459,0.789738237982297,-0.151318433393978,0.648918848819111
399,-0.211262084491201,0.423493741435157,0.384938760563317,-0.12025285976177,-0.0456905375842865
400,-1.48847747231991,0.0308493888728809,1.40481693507095,-1.26872781192264,1.01349551126637
401,0.356419521215401,-0.208915139070706,-1.18190926552752,1.44060112469905,1.01904608643405
402,-0.295715709437472,0.274289035978506,-2.01044166168386,0.220003183315637,-0.932133351310098
403,0.50367982877139,1.936307228475,0.583143778032873,-2.1939855583731,-0.383825056434726
404,-1.81168861542532,0.678919653929356,0.487916697997257,-0.973950778797852,0.189236474044903
405,0.403263821205695,-2.02289609811995,1.15532226500275,0.641947811265499,0.0796312154085188
406,1.46708979837642,1.19506365165398,-0.86641050818428,-1.64758179579162,-0.0640087447474777
407,0.325624861728192,-1.02466892719002,-0.166278146442964,0.0227355143358804,-0.38775991540903
408,0.593134328226433,3.50403092715167,0.923584804815507,1.26369782358459,1.44521201789018
409,1.04132820327386,0.95014717324896,-0.52994420864453,-0.771064926332324,-0.41424165105716
410,-1.47208640496059,-0.580377570586764,-1.56300788453068,-0.117305738690265,0.884587771460497
411,-0.1973001374754,0.324878234627858,1.49855108195433,0.0575153613278817,-1.17336351809661
412,-0.87958634888656,0.320247069237626,0.629551767059625,0.705820312742579,-0.386991712997887
413,-1.49105324592548,-0.477184951165796,-0.905544783094676,0.621762864311968,-1.9316199277216
414,1.0702323316794,0.435130355630018,1.26792104678907,0.803025854224387,0.284905557698331
415,-1.54406399422387,1.29587885927647,-0.694081171144429,0.112900660317366,1.35238546478236
416,1.09176704186732,-0.701831806096271,-0.72467690118845,-0.989151091828344,0.803526172019151
417,-0.841423464799305,-0.948719066726246,-1.32418932261773,0.0138478733926057,0.861365271130684
418,0.491984968986827,-1.30755817918079,0.108050982991392,-1.42859769242285,0.148020290290074
419,-0.488767851856442,-1.43141058429352,-0.839818887287879,0.293342458540246,-0.00520714111947715
420,0.564347326897987,0.544868852271439,1.28768533550303,-0.788108455523774,0.845439417595149
421,-1.26422143876514,0.544894904795222,0.483898688090741,0.625831021856872,-0.372828539719814
422,-0.494951259007976,0.0955992336800306,0.77520484602851,0.785809603628286,-0.40115488627596
423,-0.597717818219789,-1.93185275037577,1.27396504103948,1.39884105651734,-0.249420729061883
424,-0.281324137864289,0.654690487111402,-1.14215113056622,0.748085690411504,-1.65113864709824
425,-0.649212974394275,-0.269744225915865,-0.789229242831801,-1.53423533387099,1.28630100954336
426,-2.19426887965994,1.06812272743024,-0.417312991318183,0.444184526588066,-1.58342593442526
427,-1.00085321007815,-0.669877523484258,-1.59589407225085,1.46662232863576,0.325329873120263
428,0.253617489223426,-0.520165371928636,-0.755705214027118,1.28753466319252,-0.0734276129378961
429,-0.715092263628646,0.697787476019861,-0.354873561069275,-0.213262573238305,-1.2719822594357
430,-0.589704246639788,0.179571271060116,0.993139304577873,0.664024182879426,-1.10343045332873
431,-1.26591168273401,2.38780046850025,0.322562617221707,1.18541494063382,0.174100281932471
432,0.482013672928355,-1.60959294049303,0.390636056401043,1.02031725648706,-0.759428975869309
433,-1.17271226150973,-0.169528987154596,-1.28268896955366,-0.277093356655952,-1.57743154058651
434,1.27724587930635,-0.718046594764476,0.0102054043841659,-0.207565658535509,-2.02020970034679
435,0.00723519534214947,0.0268587657988536,-0.238372792498727,0.446102414864582,-0.825603648320189
436,-2.17694297471045,1.05800345555827,-0.41075204181508,0.447787647799134,-1.58406391520355
437,-1.83240989805206,0.786286932885906,1.3770631061775,0.682534370254643,-1.47906536608154
438,-0.962302857533272,0.30507419594553,0.187398744371745,-0.156474959492942,1.72719561144275
439,0.0353110868599059,-0.392662546341893,-0.838373177766215,1.24213533593306,-0.0653890551314223
440,-0.98352730512866,-0.679996795356222,-1.58933312274774,1.47022544984683,0.324691892341971
441,-1.39053157747489,-0.721620970043107,-0.656147261772111,-0.843262203048817,-1.39341539506499
442,-0.543374138452918,-0.0546788658183027,-1.05750889116985,1.1217910874834,-0.044080497136484
443,-0.785925239103124,0.175082911819293,1.77334445616491,0.900162891403143,-1.51759940509035
444,-0.0905574067377594,-0.133582166793961,-1.13983774850301,-0.138282572931484,1.57741081168468
445,-0.71498566292627,1.39439066908574,0.221646567334371,-2.13913938474784,-1.08264511597485
446,-0.762061483403525,-1.76537665517183,-0.445616232120824,1.20156679465694,-0.361054278278125
447,-0.317810613155973,0.114381524328398,0.220122051682606,1.46348431994376,1.16155790531961
448,-0.980607445207172,-0.0095580225354504,-0.271543511573531,0.159722199591373,0.335203486681709
449,1.40046349117822,-0.395599678915076,0.373102585074333,0.855760292830127,1.46419744556874
450,-1.08606081083705,-0.697768285012012,2.05489662085902,-0.219981748574294,0.632767123754348
451,-0.347526121058558,0.688645684106267,0.0795376201246613,-1.50283264135296,1.59749211769879
452,-1.07937797581549,-1.65053699233518,1.09157064485322,1.29867428684966,-0.231684863425378
453,-0.017876902157697,2.21274834029292,-0.113646088022713,2.14479402640554,-0.465343430289183
454,-1.09901337100561,2.84419090510346,-0.523049337016334,1.91995926283491,-0.42553342972379
455,-0.698663733581598,-1.37931040706305,0.738045876605407,0.412789302241582,0.120206792907862
456,0.904615848669299,-0.406799427859141,-1.00687917002653,0.457858369477102,0.268511543253996
457,-1.81374746050961,1.93746052181976,0.96362933570629,2.2427008740575,-1.02522436330218
458,-2.17932050827146,-0.937620216045191,-0.982301901474642,0.90683147959159,-0.308867450613875
459,-0.683784560562381,0.315216483890574,-1.9460629163488,-1.34662990219726,-0.375937760705664
460,-1.65426083876657,-0.544468228351431,0.0253543985675727,0.00790609894877829,1.00898093624257
461,-1.57634759628578,-1.47551511920945,-0.542636844562092,-0.453703072648227,0.210835639472282
462,-0.188944946694862,-0.906708062264234,0.0825450692139972,-0.652423497846447,1.32093499585476
463,-0.59965364353315,-1.36664724431296,-0.881808964107738,0.270282482789412,-0.0011240641384113
464,0.121210603067832,-1.09100576112077,-0.0323533363750103,-1.5057044863397,0.161673078945513
465,-2.59619845474444,1.11714559283987,-0.358183005585602,-1.12533105589369,-1.02671995919819
466,1.10640521379883,0.44969132673636,0.0568584791383826,-2.03730532367339,-0.728318761216978
467,0.00368979062138725,-0.535839545889265,0.904026792111442,0.250570116526502,0.838038679641072
468,1.85862383049122,1.15211234936752,-0.929477063618722,-0.0802280860365101,-0.620331931507571
469,0.794769505377565,0.70534396520038,-1.48615146310375,-1.3474292576565,0.313312587160085
470,1.59074268399428,-1.46276484936115,1.50500976659567,0.580616019460321,0.779599640349565
471,-0.330142433351132,-0.27282873150157,-0.100785052187703,0.42321834432896,-2.32693231757698
472,-0.392740777154592,0.330956958461504,-2.04718297890124,0.199825704533657,-0.928560658951665
473,-0.367149335838186,-0.73213654956272,-1.64228496354879,-0.852580256675704,1.20981183126115
474,-0.0984747348980463,-0.982668085236272,-0.664566086156714,-1.53962301195472,-1.07508152766988
475,-1.03289646842214,1.88287050648772,0.0969823550907351,0.69701595309068,2.12883941509074
476,1.86181466959641,0.00849107311873961,0.342915877473669,-1.88020923887083,-0.75613472315049
477,-2.22195890783554,0.898569320405456,-0.216466496318579,-1.04750363773462,-1.04050034400929
478,1.88984187914387,0.948153417978068,-0.706323340308569,-1.55966563824157,-0.079575475737792
479,-1.83994091095809,0.306613620294032,-0.385622592722866,-1.50491578286257,0.908752154455674
480,-1.67863817985303,-0.16594494497093,1.61916813364833,1.14271467639216,0.112681245201216
481,1.39475900805243,1.6035952067516,-0.487248772410869,2.08473815366646,1.02729144256153
482,-1.6329095592966,0.740258318778609,-0.204738227417648,0.560925653826666,-1.6040965116419
483,-1.11509758204238,0.0935128639365809,-1.06267621056768,-0.483035082866824,0.518877689717841
484,2.36930919064966,-0.00857652905176486,-0.552216476383967,0.454176517049009,0.958272275742377
485,-0.360122793574242,-0.509079078597947,0.977590866750849,-1.3110185992909,1.3933410971559
486,-0.947819583482338,-0.46348395427222,-0.20482451902191,-0.810240206891221,1.34887855394393
487,-0.00833128830899086,-1.32005481416807,0.437300587157781,1.83612578438521,0.406467941134168
488,-0.708040827491662,0.329383464511323,-1.95524824565314,-1.35167427189276,-0.375044587616055
489,-2.27959464976381,0.255536801406501,-0.265749066990168,0.85464176001285,0.017124811597921
490,-1.13803852568551,-0.667410469396121,2.03521377234971,-0.230791112207498,0.634681066089222
491,-1.50165692859173,0.971458176987096,-0.441396654305579,-1.86276744660577,-0.701113110930561
492,0.630967773523637,-0.337435021591843,-0.0021786103870219,0.575814778463026,-0.848570956338685
493,-1.15114280099852,1.15554575380389,0.554176297172259,-1.26478438801518,-1.43249523381756
494,-0.0516241995158061,-1.29791936683654,0.188558811705473,0.90934112318617,-0.739779167897929
495,-0.105099335249557,-0.022767196633016,-1.72692720294516,-1.2262856537476,-0.397246318700602
496,1.9670424341933,-0.729662601476675,0.355306232131248,0.0558054982606804,0.295493413140777
497,1.2456528075206,1.19509606791954,1.15047405987719,0.411304851097156,-1.31896268837196
498,0.786493933384513,-1.29384155898426,0.00824311033957311,0.118578538550286,-0.404730204111586
499,-0.363242961648313,-0.167051474566815,1.03641207645666,-0.672729845552577,0.135901280979728
500,-0.924501058955438,0.0702928447750824,1.93220087434466,-0.614585248670379,-0.970590737693313
501,0.228830374680552,-0.894495259938353,-1.62793231484662,0.757290283370011,0.645960471317217
502,-0.448833520937148,-0.754918984184777,-0.0158691733325459,-0.706470316012466,1.33050470752913
503,0.813384691515791,0.893001903770493,0.884297351031634,-1.70137716133597,1.2021797278434
504,1.92622169059761,-0.243373735584825,-0.222311126347321,1.32709026529724,0.608677350210987
505,-1.57421758968301,-0.42861244618037,-0.93703734070957,0.604467882498842,-1.9285576199858
506,-0.257824319581585,-1.17433729921179,0.342822914313099,1.78424083894583,0.415654864341566
507,0.69464478598534,-1.23704668571447,0.205809479667678,1.01725885430299,0.746493154991185
508,-0.982561047794928,-0.264633349788461,1.59639666056156,-1.16351667255946,0.994866472540253
509,0.433276053084484,-1.01390266802753,-1.55051311071001,0.799807113660612,0.638432298133376
510,-0.917345159078227,0.457376149818255,2.01880029166949,-0.493177067590264,1.37024881845894
511,1.75921179853034,-0.0435091729505983,-0.867136936416776,0.207379717823732,-1.36036554932533
512,-0.783276816254128,-1.44512720449006,-0.740011014636059,-1.25383377243289,0.547543353282183
513,-0.121668854688031,0.766979957661373,-0.786471343409516,-0.584721832235963,1.22599149937575
514,1.73495553160106,-0.0293421923298491,-0.87632226572112,0.202335348128237,-1.35947237623572
515,-1.09784685805169,-0.798953843021182,-1.42129137526365,-0.0394783205311992,0.8708073866494
516,-0.858604385477346,0.0389717929417098,-0.068554610337792,1.23110000556276,-1.15963184286127
517,1.46881779993119,0.0237750418350188,-0.395520193229237,1.23196786532505,0.625520042757884
518,0.206054266409841,-0.951683218925087,0.0207907036801755,0.91565083615088,0.764484212939007
519,-0.0534273820293835,-1.00897819210338,-0.647507617448647,-1.53025489680594,-1.07674027769344
520,-0.525404684086741,-1.48050312578269,0.803655371636436,0.448820514352261,0.113826985124947
521,1.02342555751239,1.81847331433601,0.568628248921392,-0.599968751656082,-0.944869300954177
522,0.357444013219179,0.213580487777144,-0.0218665750124624,0.638852395923841,1.50260388842189
523,1.55818249712901,-0.676592027318251,0.411811838062588,-1.5151513327055,0.852454580679162
524,0.178924431764819,0.175633047426531,-0.0163285667091647,-0.0273415187472021,-1.30490206759555
525,0.295220660427539,-1.19969387979359,1.51211640107965,1.27625620412401,0.461393369110119
526,-0.963073716499099,0.586405809348736,1.41990112812175,-1.5876657665863,-0.603259946525418
527,2.55296378311421,-0.115840810894581,-0.482670411651076,0.492369601886328,0.951509679492487
528,1.22106194809372,1.33875731223587,-0.959575991128341,-1.69874611698879,-0.0549494176957376
529,1.06979113847942,-0.131978573740281,-1.40946380331576,0.623896067343474,1.35868851182409
530,-0.798847737733951,1.32107847170555,0.222449918516537,-1.05983298106928,-0.349208457653006
531,1.57339577971945,-0.797403322116943,-0.753626519206758,0.596938848224322,0.243885485211942
532,0.624086093514138,-1.69257096984313,0.444435842326487,1.04986285041782,-0.7646604182513
533,-0.117886885235072,-0.95135980928767,-0.122894439517831,-1.55542755905244,0.170477213685937
534,0.0127919993657493,0.79076918972343,-1.31713663212498,-1.64173807063689,-0.754152265702834
535,-0.579860550609039,0.440245094678713,-2.11804123353475,0.160911995454124,-0.921670466546116
536,1.74472852447941,0.725048977267152,-0.47491367302312,0.861144965222011,-0.982048491826501
537,-0.990587024721721,-0.839974920685836,0.941318910425828,0.888937677667088,-1.83236320560421
538,-0.339331707634859,-0.521222204844304,0.985464006154572,-1.30669485383762,1.39257552022195
539,1.13301203237423,-1.49622699642353,0.139462100401631,0.190640962771644,-0.417489819677417
540,-0.691485844643567,-0.434637117237453,1.70662061221369,-1.10298423621352,0.984148395464955
541,-1.05768008429092,-0.339035734172932,-0.657546007993516,0.831807827184353,0.393525301284679
542,1.80451610903999,0.135567491954333,-0.554759415980553,-1.14920840481678,1.52097527028539
543,1.21057675071041,1.52344093609888,0.850830517759471,-2.04697821296153,-0.409854672189022
544,0.854724379208382,-0.397630616319888,-1.57479461467783,0.459250431730545,-0.974495274988658
545,0.828650393175145,-0.0687958884203608,2.18227834426618,-1.09513610076619,1.6718675894628
546,1.00556176403111,-0.959341771171864,-0.470960005592452,1.44391012375287,-0.10111597871575
547,0.492409215898046,-1.61566450361621,0.394572626102904,1.0224791292137,-0.759811764336284
548,1.03211534079053,0.457392753748338,1.25348695788224,0.795098987560038,0.286309115410572
549,-0.196803620394285,-1.09805080064974,1.5371294493961,-0.311995608655295,1.0214168443843
550,1.55260469378007,-0.785260195870587,-0.761499658610482,0.592615102771041,0.244651062145892
551,0.492527837155122,0.127517985895737,2.05499592390598,-1.16503665226091,1.68424441656166
552,0.359234917396661,-0.293963682801645,-1.551093756262,-1.12972200529098,-0.414344203558816
553,0.453519769891325,0.616764373532096,-0.779991834111068,1.02082496235647,0.66290571636577
554,-0.845808114711261,1.95932661229043,-0.0435034044803226,2.22185283255519,1.58004440151449
555,0.279986378511756,-0.423640329622657,0.425479422049675,-0.815908026830742,0.533610328661424
556,-1.33697576609817,-0.473563649168161,-1.72317649261104,1.39672177714104,0.337706700219119
557,-0.145409172228341,-0.675918987503936,-1.76964882411364,0.679462865210944,0.659740856128315
558,0.331794337232727,1.26954181452128,1.59892250242934,-0.140735036497877,-0.449151823580482
559,-0.245781251590389,0.167467953849435,1.69152443755021,-1.43849654844809,-0.629672350746688
560,0.878299378449888,-1.34431096755728,0.275355544400569,1.05545193914031,0.739730558741295
561,0.844539900681293,1.06053145642088,0.684763045932651,-0.208968372771064,0.659126541271776
562,1.44620905802342,1.38581883864017,0.940059431001671,-1.997975764491,-0.418531210773787
563,-0.399189095508086,-0.0269648722416775,0.16829020152804,-0.957150378304603,0.558619175170454
564,0.280434424601741,2.99455004394961,-1.06053449355655,2.52154631792746,0.201263316982167
565,0.547004475659745,-0.320227129662307,-1.10973882099339,1.48023545802079,1.01202829787285
566,0.952822620899576,-1.39098656895511,0.0712282255693609,0.153168502176538,-0.410854819583185
567,0.841779271510265,3.72764513112361,1.33155946313274,1.85226358079541,-0.527262980904589
568,-1.71541050253646,-0.900710377778409,-1.092990097903,-1.44768169358834,0.581866719154269
569,0.260784957743233,-0.0449900954553604,2.25360084367592,1.23775834514733,0.784961304364408
570,-0.864992421096661,-1.2821653970922,0.675060761375619,0.37819933861533,0.126331408379461
571,1.08859720208748,-0.213452785219728,0.255005494018481,0.790904111030906,1.47568109957798
572,-1.32788397777203,0.383547073092215,-1.90360859475271,0.97041081038756,-1.26003693037958
573,0.94351526716659,-0.622301467950565,0.697759175508498,1.72579154410951,1.11511290465998
574,0.0861354040034236,-0.051054497868071,-1.28426007777593,1.38439243380639,1.0289985865754
575,-0.492518401565829,0.101184940635598,-1.292051776975,-0.221874985028259,1.59221196574104
576,-0.50902809018223,-1.0307705894167,0.0153497448235561,0.814218723213977,-0.722936475351032
577,0.100867563218434,2.33932773869785,-1.52624039138495,1.82742611296523,-0.169908355799794
578,0.674610148692534,0.589957246234334,-1.27785237531102,-0.0181756699891178,-1.32042795260428
579,-1.21727252798003,-0.822813688762745,-0.590537766741081,-0.807230990938138,-1.3997952028479
580,0.377735219376433,-1.33129107413556,1.17311227805945,-1.2774925682951,-0.97493163246289
581,-0.602813062894764,-0.408770210084092,-1.94285789099556,0.584340465238752,0.676583548675212
582,0.97883387129852,1.35093285474778,1.04943543752941,0.355816784446711,-1.30913778438627
583,-0.979311974019695,-1.40112244475716,0.843102508859708,-1.1315044317627,0.672446902686889
584,1.40253526311095,0.644170812833917,2.0043891817211,0.0819378543461186,-0.4885790356789
585,0.647494724366762,-0.378918906519697,-1.07168531387539,1.50113356104499,1.00832800935875
586,0.435679963617001,1.1136020305793,0.741268651863991,-1.77992520373725,1.21608770881016
587,1.03211534079053,0.457392753748338,1.25348695788224,0.795098987560038,0.286309115410572
588,-0.436498848834515,0.555044275770687,0.299646417022979,-0.167093435505653,-0.0373967874664965
589,-0.307066861979648,-1.79375019338935,1.0976673495801,-0.991703328773263,0.647693248489177
590,2.46125956110504,-0.155891491631286,0.358580716076462,-0.269618074582902,-1.32011367925008
591,-1.73855199227836,3.48988691957686,0.173170544814859,2.18382500095097,1.51772467490242
592,1.50973976658309,-0.55303391336656,1.29046072703787,0.135568822409285,-0.814826490202014
593,-0.611241360807523,-1.15364839504365,0.420323558654368,0.224813995855065,0.970574493389418
594,0.143756672476878,1.65293751695652,0.944541685684413,-1.30377682831174,-0.736482289701916
595,-0.495048744965566,0.704316482597672,1.68102180222912,-1.37041456129178,1.72060932092428
596,-0.0684072362969965,0.147276070111951,2.12894280311696,1.16929904213704,0.797082939151947
597,-0.034523380551632,-0.740682327484504,-1.72765874729379,0.702522840961779,0.655657779147248
598,0.363989379575297,-0.0982103267339611,0.814106298270902,-1.48655240593929,0.475033321747137
599,-0.0749311554001111,-1.74360419445374,0.974240058717112,0.542501665840026,0.097239484889366
600,-2.22199032757911,1.08431356242538,-0.427810510523148,0.438419532650358,-1.58240516517999
601,-2.32829187109347,-1.03633871996622,-0.827382052996759,-0.610078533208573,0.238524005250135
602,-1.08109769391419,0.0491337543219401,-0.309597018691527,0.138824096567179,0.3389037751958
603,-0.190439578808246,0.22560637316888,0.604155914171609,-1.60185228469347,0.495448706652467
604,-2.10608671510488,3.31328446947054,-0.049896622174509,1.98747189868065,-0.809844881061363
605,0.481805533231801,-0.167021375463315,0.858720754892002,-1.46205118170403,0.470695052454755
606,-0.554283582747447,0.438111082480119,0.466375974606447,-1.67751783012589,0.50884630299659
607,1.04900005254004,-0.119835447493924,-1.41733694271949,0.619572321890193,1.35945408875804
608,1.86901937346091,1.14604078624435,-0.925540493916861,-0.0780662133098695,-0.620714719974546
609,2.18922100223122,0.00614380910692993,0.487913210572296,0.5915897805747,-0.162255320053079
610,1.68299881607795,-0.654226632086198,1.35607022206889,0.171600034519964,-0.821206297984929
611,-0.628431319137645,0.461446874640121,-0.110724799349192,-1.68117013756794,-0.733267342156456
612,0.09900916178252,-0.912283542556738,-0.801115276025909,-0.0126242597635688,-1.62425932971311
613,0.533751828336686,-0.0116349490592851,0.667059589196742,0.0346813523141493,-0.0731237110508237
614,0.0860164668083806,0.254417681405849,-0.791714986895868,-0.661451310298835,-1.12275901842731
615,-1.15886103136846,-0.469523101129843,1.81599661874142,1.2508083127242,0.0935418218524685
616,-1.47947243359517,-0.0824792953826458,-2.063497921648,-1.08390063842626,1.25077019722747
617,0.777809129742871,-1.28561919069989,0.237302037282572,1.03455383611612,0.743430847255386
618,1.09176704186732,-0.701831806096271,-0.72467690118845,-0.989151091828344,0.803526172019151
619,0.547733626453464,-0.384086669316609,-0.930690715585881,-1.10228909785588,0.823558768457506
620,-0.796376111930642,-0.975029173593352,-1.30713085390966,0.0232159885413823,0.859706521107126
621,0.232471959685464,-0.104691768536676,-0.153080448958389,0.492942990608465,-0.833897398437979
622,-1.80984989699602,-0.290990348721663,-1.02626625395177,0.555465434028319,-1.91988108140103
623,-0.847179429748813,-1.97187947743941,1.39083138239937,-0.138967059307012,0.301671015316218
624,0.371394164616587,3.44781336509289,1.05094866538036,-0.268345298302063,1.99528299302302
625,1.42475117785107,-0.595510901555746,0.593631928583246,-0.625118507859356,2.00520909364983
626,-0.437652246539455,0.927010139860399,-0.165923331496042,-0.0356457012655314,1.0589047965752
627,-0.22834843000056,-1.19470279374251,0.121637126773823,0.872589286833277,-0.733271763959355
628,-1.55369810891049,1.76395303579878,-1.25988882051741,1.39067104553385,1.66442103645165
629,0.0887125358148335,2.6671992303799,0.210394234367291,2.10791547106842,2.28932734581859
630,-0.193379289830712,-0.170996186201868,1.99772892917103,1.02338963682167,-1.53941834770792
631,0.689806047039248,-0.467064698666712,-0.876890929660437,-1.07274350392512,0.818327326075515
632,-0.688553559331397,0.145189700368502,0.291061746520772,-0.0995456443580696,1.71711551514575
633,0.600135588213142,-0.722550809367912,-0.62448622396506,1.35959708741388,-0.0861872285037276
634,1.01750766200268,-1.05747393797886,-0.369409914837869,0.298308097018716,0.683022437501004
635,0.580744500337027,-0.311251865511532,-0.253544765640571,-0.352411131220438,-1.99456287305947
636,1.25006729955547,0.733220405307198,1.94665282609379,0.0502303876887212,-0.482964804829935
637,0.442367841410621,-0.15679194576715,-1.73094521285167,0.373496146907129,-0.959311332465319
638,0.877368823811617,3.15946280771163,-0.783158701923279,1.6688592346922,1.79003717608646
639,-0.306417014035447,-0.675492580752786,-0.954641494398518,-0.0969372961025572,-1.60933057950109
640,1.30845624425863,1.95480249059365,0.672285079385736,2.3615752043276,2.24441349902686
641,0.100930965553173,0.541957772222039,1.69537445093129,0.239455978753937,1.15675796098035
642,0.768851239971966,0.432593625462355,-0.660582553154595,1.08640176839791,0.651294466200863
643,0.179695290730647,-0.105698565976675,-1.24883095045917,1.40384928834615,1.02555349037263
644,1.02212624069752,-1.43146365644297,0.0974720235817723,0.16758098702081,-0.413406742696351
645,-0.593553971341256,0.832339344688153,-0.0136278628193997,-1.55399696255012,1.60655144475053
646,-0.0372111135696054,0.420960077220092,-0.952684316470056,-0.349234512094334,-0.875549173310588
647,0.221986762302155,0.0799918553263343,1.65732605992942,0.144710894635725,-1.18880265293126
648,0.395234243154418,-0.109292834823407,-1.19977108541776,0.351926605871706,0.287268178135768
649,0.316971477830122,-1.20219080092558,0.274124794704603,-0.547212358483265,1.30230595712865
650,-0.58051039855324,-0.678012517957853,-0.0657323895561277,-0.733854037216581,1.33535336144415
651,-0.166912462672687,0.275298932202432,0.434293138068444,0.985716640878696,0.683025062978198
652,0.0851484378229313,-0.904188125059167,-0.806364035628392,-0.0155067567324233,-1.62374894509048
653,-0.509236229878784,0.411800975613013,0.483434443314515,-1.66814971497712,0.507187552973032
654,-0.332263114229952,3.46752478930266,0.700599078030794,-0.534598952067107,-0.319909735841911
655,0.306454860703241,-0.831762935042646,1.87318728938785,0.590478715928974,0.405495881464657
656,-0.759900057057182,-0.904218224162667,-0.628672714063733,0.773814579419033,-1.9585427165655
657,2.55859039045045,0.743293765740188,-0.664414703693365,0.0653380108906327,-0.64610635495055
658,-1.48035194132751,0.472596665565496,-1.96134495038002,0.938703343730163,-1.25442269953061
659,-0.250324649326422,1.42380510739934,1.58981861332965,-1.74772307957474,0.114189151740818
660,-0.658385316346387,-0.540414374172208,0.569423483569324,-0.0070360463319788,-1.47868520309176
661,1.69971259135432,0.565614842114337,-0.28062812752662,-0.634146320311744,-0.438484920632239
662,-0.547283417455012,0.529287526441526,1.36601990199165,-0.0152676871356897,-1.16047630637512
663,0.0369586118814111,0.955214269842511,0.506391775769037,-1.98276392418749,-1.1103334817527
664,0.0236432089902322,0.290847060144918,-0.815334405107038,-0.67442254665868,-1.12046228762546
665,0.0542675705421402,0.0698797441648383,-1.87791048172118,0.292786231779208,-0.945020563031588
666,-1.26327212772017,0.0850430965572725,1.27876526440672,0.264035934206223,0.463296939977872
667,0.43116435097631,1.0246293009584,0.419043186408381,0.0837028372545493,0.927087978347275
668,0.368215062248361,0.184169115416139,-0.799158098097448,-0.264921475755346,-0.890477923522611
669,1.08681128180063,-1.09795102546671,-0.343166116825457,0.312720581862988,0.680470514387839
670,1.73360297297021,0.0833736849712718,0.294364851150708,-1.90687233583273,-0.751413665391132
671,2.70066281103623,0.660315736390085,-0.610614917767921,0.094883604821389,-0.651337797332541
672,0.926109201621802,-0.141671438861094,-0.587895524097534,-0.14890097275896,-0.9110209045836
673,1.0124921260109,-0.96338947992065,-0.468335625791211,1.44535137223729,-0.101371171027066
674,-0.834538996017897,0.29393696237052,0.646610235767693,0.715188427891356,-0.388650463021445
675,1.137776530179,1.75168611998105,0.611930515641871,-0.576188151663034,-0.949079974090901
676,1.25806430963881,-0.613232574047203,-0.873035800163231,0.531362042182887,0.255496735376848
677,0.0383520209385832,-0.0865800762808737,-1.12358263097711,-1.20822086146127,0.842315403339277
678,1.32575841316491,-0.746380556005975,0.0285760629928543,-0.197476919144519,-2.021996046526
679,0.676388326397582,3.27684636142641,-0.859265716159273,1.62706302864381,1.79743775311464
680,1.18750935426623,-0.550559698567955,1.37977108048472,-1.41737240250156,-0.261055226555087
681,-1.14000577074244,0.0835392786866166,-0.331904247002077,0.126573484449548,0.341072909841991
682,1.25006729955547,0.733220405307198,1.94665282609379,0.0502303876887212,-0.482964804829935
683,0.76570284744513,-1.2816984327379,0.000369970935849516,0.114254793097005,-0.403964627177636
684,-0.509788976657489,1.26748786104338,1.77792601389462,0.649306923895793,-0.784073191211167
685,-0.831073815028,0.291913107996128,0.647922425668313,0.715909052133569,-0.388778059177104
686,-0.311175592386237,-0.376021350922538,-0.758248153623705,-0.315850258673274,0.489275381605113
687,0.0183433626076221,-0.26767659200762,0.558748486247371,0.0474617010535004,1.69108589939145
688,-1.13500171349755,1.70313658804156,-0.116176516048228,0.356189637820986,-0.878736451724853
689,-1.37361259832847,-0.522656190657324,-0.079702233686729,1.55219983295306,0.456740826463543
690,0.530508944560191,-0.464487486754374,0.171111896699549,-0.931006494946146,-0.302965846653891
691,-0.911182751252039,-0.414391412783058,-1.84829877794622,-0.965718262703235,1.22984442769951
692,1.10559634608333,-0.524182981573921,-0.930772155790537,0.499654575525489,0.261110966225814
693,0.705978554283794,-0.105218106448962,-1.33589972867636,-0.93769264847393,1.91399092933892
694,0.312803586153578,0.0308065433865024,-0.608809122302808,-1.76237463401574,-0.346531563861375
695,-0.975482313805087,1.24568298405975,-1.65881484500479,-0.75051459417607,0.0125869892458272
696,2.13556396779828,-0.151393422458288,0.446578879622695,-1.82327992373596,-0.766214819447497
697,-1.14280746131896,0.197795670361826,1.84953291060556,-0.659984575929835,-0.96255217988684
698,-2.22056549877837,-0.143225025717929,-1.84644090306472,-0.272960575008398,0.912148541082692
699,0.797977665590909,-0.537299584226069,0.642647199682433,1.69552532593653,1.12047194319763
700,-0.104675088338338,-0.330873521068428,-1.44040555983365,1.22479116788895,-1.30507837332696
701,0.834039893971374,0.311115702992346,-1.0061476256779,-1.47095012523227,-0.784392554593855
702,0.703361009370553,-1.43101329601875,0.188094566929248,-1.38463961364782,0.140236924794917
703,1.84584132327777,-0.0941055323104172,-0.834332188901262,0.225395323879071,-1.36355545321678
704,1.46049402889422,1.06961709670719,1.23182983371567,0.455983554114398,-1.32687365002278
705,1.7501200102042,-0.900619895210974,-0.686704834275108,0.633690684577215,0.237378081273368
706,-0.0861888079012734,0.651245908439248,1.62451619629778,0.200542269674403,1.16364815338589
707,-2.40582960751476,-0.12863163834603,-1.04061890265394,-1.0544051060174,-1.3560297214571
708,-0.399760793548005,0.513616727950121,-0.235464280112802,-0.14768576719687,-1.28359350960061
709,0.24541479234365,0.161320380183782,-0.731354251467321,-0.628302595157011,-1.1286284415876
710,2.23982515912348,0.7437441261644,-0.573792160345889,-1.486882589778,-0.0924626874592818
711,-2.5706384331716,0.239796326835571,-0.164629004437728,-0.691813846718068,0.569747709843923
712,0.338668917442589,-0.849176867779293,0.363811612836638,-0.923624347308798,-1.80965355444833
713,-0.922457801954065,0.146756111288262,-1.7500823763801,1.05472384672655,-1.2749656805916
714,0.512560489519361,0.30609451783777,0.562022970192584,-0.277961871790081,0.0754788070005935
715,0.227526620036997,-0.0313129745547996,-1.81230098669015,0.328817443889887,-0.951400370814504
716,0.485253767932941,-1.04426048364342,-1.5308302622007,0.810616477293815,0.636518355798502
717,1.33083311042665,-0.655733515909451,-0.845479812250199,0.546495151269372,0.252817216108024
718,0.1895769323755,0.37494825607539,0.282927054720851,-1.39113588380985,1.57771471357175
719,1.71232978026897,-0.577746572610424,0.491199676130186,0.92061647462935,1.45271379155949
720,-2.88596990325224,0.423967074905312,-0.284038285394201,-0.757390652759505,0.581358960008829
721,1.47669747295596,-0.440124475151716,0.401970762887986,0.871614026158827,1.46139033014425
722,-0.81602422058331,-1.80434992478903,1.19129707730039,1.35344172925789,-0.24138217125541
723,-0.94766967845583,-1.91318770058202,1.35277787528137,-0.159865162331205,0.30537130383031
724,-0.576444173606436,-0.312245167778113,-0.761673254918768,-1.51910222478451,1.28362149027453
725,0.208954905002641,3.23482819625393,1.2757973831627,2.14886218395045,1.0934479577126
726,-0.189925677483409,-0.261112012006364,-0.923665521306553,1.19529476018918,-0.0570953050136319
727,-0.263048921869828,0.184719407001489,-0.340723604747133,0.389893723971923,-0.815651148178841
728,-0.161164781179257,0.770077206077447,-1.35045021835895,-0.581167897255879,-0.0173981073338759
729,-0.429377609384891,0.281864416972341,-0.40370871997692,0.355303760345672,-0.809526532707242
730,0.416352090047431,0.179174963412467,0.000440653298087754,0.651103008041472,1.5004347537757
731,-1.07197448584448,0.720500234562394,-0.278685106628626,-1.77341004057128,-0.716935034232192
732,0.71287704460791,-0.882008898193789,0.294184107899092,0.640126241235247,-2.36533876043014
733,-0.116297220064212,-0.584852701366729,1.71310012151214,0.502562558378917,0.421062612454971
734,0.220622635028713,0.104615761197352,-0.0946934635769564,-1.79331229019994,0.90170669676327
735,-2.49115537761863,-0.941217564369765,-0.889054978325926,-0.643947872592611,0.244521024566077
736,1.99030070810731,1.0752058831406,-0.87961384739514,-0.0528443648323942,-0.625180585422587
737,1.77329806038735,0.339526423343789,-0.777913139290707,0.330229147388274,0.980218814515607
738,-1.45868134765579,-0.0946224216290025,-2.05562478224428,-1.07957689297298,1.25000462029352
739,-1.75677656720056,0.258041115308606,-0.354130035107973,-1.48762080104945,0.905689846719874
740,-1.98201333154388,0.389591649644135,-0.43942237864831,-1.53446137679333,0.913983596837665
741,-0.848353826779099,-0.94467135797746,-1.32681370241897,0.0124066249081782,0.861620463442001
742,-0.846737721501165,0.588949700226865,-0.193392763088288,-1.7265694648274,-0.725228784349982
743,0.986476437783277,0.407810352538986,-1.15975528425517,0.0466805118101042,-1.33191160661352
744,1.85831806886294,0.196259169513054,0.130259673368481,-0.395006692728064,-1.29791194816554
745,-1.57252132380978,0.634497854806449,1.47547734872404,0.73658118842066,-1.48863507775591
746,-0.231375206562391,-0.5130900908433,0.380295775879102,-0.124390176981564,-0.640821925864717
747,0.473007101187154,1.46780353266929,-0.956487366550874,0.596675868329628,-0.9352207026999
748,0.723154102294665,0.375879042972914,-1.04813770249776,-1.49401010098311,-0.780309477612788
749,-0.0240002375542185,-0.705392952914044,1.10487328711105,-1.24111804779619,1.38096427005704
750,-0.821001295913316,0.503427779998633,1.4737009140472,-1.55812017265554,-0.608491388907408
751,0.31117300742083,-0.441855018992192,0.43728913115526,-0.80942240865082,0.5324619632605
752,1.69016513637339,0.202354686309294,-0.598061682701033,-1.17298900480983,1.52518594342211
753,1.24281017662205,0.436657189573754,0.751689846980431,-0.24606351751219,-1.6966417650925
754,0.131675949350164,-1.00185317153376,0.868602780910817,0.157266280892717,-1.50777712658185
755,-1.06521149022762,-0.702779229978279,0.0370826674685025,1.61633539051007,0.445384768609953
756,-0.63481636004903,-0.206968043806257,-1.42982660042403,-0.371387511554703,-0.743651340340535
757,0.362469517717078,-0.369493281944709,-0.124868715175099,-1.88373362886487,-1.44461949408229
758,-1.18131696343751,-1.70623451789023,-0.393047195891346,-0.371551909035879,0.196289677727234
759,0.858640184081009,-0.575879768126327,0.433271121248743,0.790359392003905,-0.0296030505042176
760,1.59541998028555,-0.14377846448843,0.528398898237397,0.515379516115273,-1.65414187379116
761,-0.23506268476569,-0.0561898443994262,0.873619088575054,0.839856421794305,-0.410724597950333
762,2.23286337740011,0.933536076933106,-0.7877605543517,-0.00240066787744385,-0.634112316318669
763,0.290973051829221,-1.00443038344609,-0.17940004544917,0.0155292719137446,-0.386483953852447
764,-1.47549625609266,0.577829932323451,1.51221866594142,0.756758667202641,-1.49220777011435
765,-2.03052586540244,0.417925610885634,-0.457793037256998,-1.54455011618432,0.915769943016881
766,-0.893432599391334,-0.732617009090434,-1.55521618533161,1.48896168014438,0.321374392294855
767,0.223349234542138,0.909785673279605,0.398201924995041,0.638674340768708,-0.928754144742911
768,-1.43598585614662,-0.486226811918254,-0.103321651897899,1.53922859659321,0.459037557265393
769,0.192649209105044,-1.43743836788285,0.513407601393774,1.87792199043359,0.399067364105986
770,0.422880510114792,-1.00783110490435,-1.55444968041187,0.797645240933971,0.638815086600351
771,0.854820559492532,-0.170525436606329,1.04245683582058,-0.000629159369081131,-0.790710816782592
772,-2.13770691664912,-1.14765071055783,-0.755211608462626,-0.570444199886826,0.231506216688928
773,0.727585856556261,-1.25943603461958,-0.0140641179709769,0.106327926432656,-0.402561069465395
774,0.126265449228589,-0.726522507574223,1.80495341455558,0.553006255333868,0.412130881558889
775,-2.24364736867736,-1.15626616455913,0.862018852449276,-0.429378628919084,0.353092266046519
776,-1.26880859771641,0.733140381239407,0.228360763875668,-0.729365038530199,1.26550546164825
777,-1.81936593223338,-0.839994746546626,-1.13235579492161,-1.46930042085475,0.585694603824019
778,0.438221392732951,-1.0872814620094,0.108707427021754,0.963932660379189,0.7559352705099
779,-2.1150888490174,2.27756168647033,-1.68380759862252,2.75985308868023,1.14318679249759
780,-1.65282113750365,0.197325484076823,-0.314764338089355,-1.46600207378304,0.901861962050125
781,-0.0747150481854461,-0.609138953859442,1.72884640031958,0.51121004928548,0.419531458587071
782,0.830998959892697,0.00503323293132727,-0.720938172467011,0.979406072162063,-1.69209701306455
783,-1.13865158195854,0.384950959801734,-0.660751033346751,-1.09916254025166,-0.658996008096196
784,0.00740249856952138,0.410857598310723,1.8712893378191,-1.26592404617081,1.70210787835382
785,0.416025329093801,-0.121435961069763,-1.19189794601403,0.356250351324987,0.286502601201818
786,0.744911761505747,-1.26955530649155,-0.00750316846787383,0.109931047643723,-0.403199050243686
787,-2.07633165184624,0.634955375941129,-1.97569759908219,-0.671167196315551,-0.690571339586677
788,2.4386128104476,-0.0490536165396199,-0.525972678371556,0.46858900189328,0.955720352629212
789,-0.281380562416388,3.81626501905657,-1.77097491477316,1.4396515394373,0.587861127654468
790,0.776098390414821,-1.28776999586108,0.00430654063771103,0.116416665823646,-0.404347415644611
791,-0.524723416398968,-0.547989755166042,-1.03730945813761,-0.142336623362013,-1.60129202169461
792,-1.51443000512243,-1.01809393149319,-1.016883083667,-1.40588548753995,0.574466142126087
793,1.40167560647959,0.925410560332035,-0.604820473184558,0.789803165242867,-0.969416472416328
794,-1.84762970651303,0.501380987231207,-1.88909306564123,-0.623605996329455,-0.698992685860125
795,1.09866598410354,-0.520135272825136,-0.933396535591778,0.498213327041062,0.261366158537131
796,1.77299229875906,-0.616326756510681,0.281823597696496,0.0154505406967199,0.302638797857643
797,1.32621453173181,-0.281743797445345,-1.31236175066984,0.677222261267279,1.34924639630538
798,0.72096125620475,-0.299535146016326,-1.07642523475942,0.419665284639782,0.275274139503887
799,-1.49863345584948,-1.59139485505358,1.1441396810827,-0.274444416843164,0.325659092579981
800,0.830485058567859,0.491751618106571,0.806883263011151,-1.81774097272059,-1.13955300139846
801,0.452763384380312,-0.162863508890329,-1.72700864314981,0.37565801963377,-0.959694120932293
802,-1.29689650978887,0.106082396934088,-0.255542020256277,-1.26375898963361,-1.74942816897761
803,-0.465558381929726,-0.377008507758682,-0.71968317809891,-1.49604224903367,1.27953841329347
804,-0.381678503087506,1.28312533850058,0.718113478429046,0.501084296736898,0.338368346919164
805,-1.97098571790438,0.681496865841695,1.53591952435724,-0.83221376981888,-0.932056698684503
806,0.677394544921039,1.34126394330003,1.14661893037998,-1.19280069501085,-0.756132097673297
807,1.32621453173181,-0.281743797445345,-1.31236175066984,0.677222261267279,1.34924639630538
808,-1.80335327574576,-0.278830429512711,1.78327331143056,-0.369150966712505,0.659179527975618
809,1.53975199846188,0.455959516725858,-1.41537464867489,0.293428124804397,-0.256025407477156
810,-0.871891363332884,-1.46386193036333,0.883780395778946,-1.10916508025408,0.668491421861482
811,0.54739644508161,-1.15419560715116,-0.0822979928032475,0.0688554658375492,-0.395926069371163
812,0.696430647390759,-1.42696558726997,0.185470187128006,-1.38608086213225,0.140492117106234
813,0.109838066408216,0.0788590118681917,0.971680021391718,-1.64148654182998,-0.221372822145352
814,-0.292025442462264,-0.29509112961989,-0.0863509632808765,0.43114521099331,-2.32833587528923
815,-1.07535001242076,0.543912028196955,-2.09434037511892,-1.4280604415674,-0.361519395116274
816,-0.926122143869871,-0.110470021125937,-0.115137700889875,-1.18665219571675,-1.76308095763305
817,-0.314088411389523,1.35297736500606,-1.90605223130234,-1.57802901516485,0.354143356970745
818,0.340949280983975,-0.293490616044052,-0.311789959986331,0.694467181558515,-1.255384387733
819,1.35857555767117,-1.32716660627683,1.41709304325409,0.532334195232011,0.788148582778672
820,-1.95058714319468,-1.25693884677503,-0.684353353829115,-0.531530490807293,0.22461602428338
821,-0.0264186215415506,-1.77193815569524,0.992610717325799,0.552590405231016,0.0954531387101495
822,-0.923684390710248,-0.113294632133217,1.40735987466754,0.334657109943154,0.450792516723358
823,-0.97587821277337,-1.21740205711163,0.63307068455576,0.355139362864495,0.130414485360527
824,-1.40160838813236,-1.64806277753657,1.18088099830008,-0.254266938061184,0.322086400221549
825,0.739826037409234,1.31196674584105,-0.85544874420309,0.652163934980074,-0.945045606685591
826,0.2445467633582,-0.997285426281234,-0.746003300199845,0.0176419584094012,-1.62961836825076
827,0.417880993811861,-0.216130709915072,-0.315217690969738,-0.386280470604477,-1.98856585374353
828,1.74126334348951,0.727072831641545,-0.476225862923741,0.860424340979797,-0.981920895670843
829,-1.59107042977684,0.921358838057933,0.106327103117954,-0.796383093056063,1.27737190412447
830,-0.631838265457496,0.470602910294604,-2.13772408204406,0.15010263182092,-0.919756524211242
831,1.04668826925508,-0.489777457209245,-0.953079384101086,0.487403963407858,0.263280100872005
832,-0.609535601115971,0.201360602420843,-0.260598580604622,-1.16809187063441,-0.260986711442306
833,-0.76641471357191,0.956924781824928,1.04641370022115,1.92364858343455,0.899529673276381
834,0.861865805630779,1.05041218454892,0.691323995435754,-0.205365251559996,0.658488560493484
835,0.170363491052278,-0.292980806203379,1.02714530694766,0.924169458133293,-0.425653348162356
836,0.719688921304768,0.377902897347307,-1.04944989239838,-1.49473072522532,-0.78018188145713
837,1.03427676713687,1.3185511847575,1.07043047593933,0.367346772322129,-1.31117932287681
838,1.48483995023712,0.876838055346609,-0.573327915569664,0.807098147055993,-0.972478780152128
839,2.14756902703981,-0.0647940911105496,-0.424852615819116,-1.07786660483764,1.50834325087521
840,0.294845217503614,-0.141121147275745,-0.129461030747219,0.505914226968309,-0.836194129239829
841,1.12988403275619,-0.724094204214592,-0.710242812281624,-0.981224225163995,0.802122614306909
842,0.986932104438068,-0.0860402139163467,-0.661889626939085,1.01183416306167,-1.69783884006918
843,-0.248908935270464,-1.10905392272749,-1.31114886381618,1.62299778919611,0.29764150734241
844,0.150156186843078,1.26039293957726,0.0841242939704959,-1.82753558995433,-0.0182425708477289
845,-0.434638204479959,-0.892508665377929,2.09024430797112,1.40141877934684,0.0668742253198812
846,1.45466064006727,3.86327347331143,1.0659514182265,1.01466042041564,-0.183920267000455
847,0.173494079544572,-0.165510396882191,-1.0724072248529,-1.18011651601494,0.837339153268604
848,-0.480722860532869,0.494269195122443,-0.909300609544922,-1.92739758548265,-0.317312044215621
849,-2.15831331511741,0.184701898302754,-0.219822420468448,0.879863608490326,0.0126589461498803
850,-1.98848802686888,-0.100211208062412,0.0558188988665296,-0.570748974026188,0.548311555693327
851,-0.755264080161482,0.555494636194899,0.390268960370454,-1.71931403617428,0.516246880024772
852,-2.10980078125885,0.156367937061255,-0.201451761859759,0.889952347881316,0.0108725999706638
853,-0.743255419795469,-1.84685086665128,1.21885306521342,1.36857483834437,-0.244061690524234
854,-0.881556897763072,-0.810043511821095,0.106628732201394,1.65452847534739,0.438622172360063
855,-0.334788309898825,-1.77755935839421,1.08716983037514,-0.997468322710971,0.648714017734443
856,2.38286415298096,-0.972525126403806,0.512769020205718,0.14228040732631,0.280181874461779
857,-1.36394706389828,-1.17647460919956,0.697449429890823,-1.2114937226484,0.686610075964962
858,-0.491809101873086,0.311161614431321,1.59835895460615,-1.48966086964525,-0.620613023694948
859,0.725890132490842,0.437714728252823,-1.22587361800465,1.08923507913578,-0.591967544353107
860,0.553328814046133,0.660792149338081,-1.32377902183274,-0.0433975184665931,-1.31596208715623
861,0.50474109922877,-0.19322132450622,-1.7073257946405,0.386467383266973,-0.961608063267168
862,-0.263138576283446,0.36333146774132,1.47361947384254,0.0438235007258238,-1.1709391911391
863,-0.281142361182103,-0.0222701762023599,-1.21200819303714,-0.177916906253231,1.58442860024589
864,0.178160955417613,0.683977974638208,-0.00828677111642048,0.22064420104992,-1.60195504612691
865,0.22732745911109,-0.290562961343392,-0.176044121299302,-1.9118379743112,-1.43964324401161
866,1.66587744970054,0.402265908949965,-0.818591026209945,0.307889795879653,0.984174295341015
867,-0.414213130781749,-0.589413285908784,-0.214091288530909,0.786659096794649,0.787323924801845
868,-0.880085776756583,-0.253994041412761,-0.0221459902509648,-1.30530286776941,0.873408019338321
869,0.882879188783564,0.583392666233078,0.204561632242905,-1.1660087291248,0.42775325180081
870,1.10236827163345,-0.0429361419774672,2.07459733221064,0.44771638475366,1.11988267199509
871,-1.07961753525562,-0.0222211852855437,1.34831132913961,0.302229019043543,0.456534343727982
872,0.414646393491444,-0.140601110772008,-1.74144273205664,0.367731152969421,-0.958290563220052
873,0.276928182206354,0.443716615296477,0.472794056950384,-0.326964320260604,0.0841553455853593
874,0.0867749003835254,0.0636980232174592,0.709131106221255,-1.54420234531638,0.485241014199802
875,-0.609181157517393,-0.201969874724761,-0.871096485077075,-0.377823943503641,0.500248650991728
876,-1.18438963319773,0.222081922854539,1.83378663179812,-0.668632066836398,-0.96102102601894
877,-0.927149571700145,-0.111270777758825,1.40604768476692,0.33393648570094,0.450920112879016
878,1.0429173266369,-1.44360678268932,0.105345162985496,0.171904732474091,-0.414172319630301
879,-0.923187810493568,-0.500990744130796,-0.976867282504413,-1.71113158160155,-1.0447136426232
880,1.85992758513478,0.28893006398397,-0.745108391775193,0.348244753443613,0.977028910624149
881,0.266748204643512,-1.17600764484527,0.022758639451054,-1.47543826816673,0.156314040407864
882,-2.15961706976097,1.04788418368631,-0.404191092311977,0.451390769010203,-1.58470189598184
883,-0.995226602741905,0.18925705315051,-1.77763836429314,1.03959073764006,-1.27228616132277
884,-1.56905614281988,0.632474000432056,1.47678953862466,0.737301812662874,-1.48876267391157
885,-1.02711995605939,1.29230133681268,1.47284045735173,0.920359406655,-0.512283869465918
886,0.316971477830122,-1.20219080092558,0.274124794704603,-0.547212358483265,1.30230595712865
887,-1.04959632460619,-0.715049307011431,-0.189351879673255,0.701801341428659,-0.703031475068335
888,-1.09335718505802,-0.378482070547725,-0.259936494847974,-0.840506425064191,1.35423759248158
889,-0.637314967767228,-1.83823541264997,-0.398377395698483,1.22750926737663,-0.365647739881824
890,-0.400276742936975,1.97068265373618,0.738527871286982,-1.41691483433927,-0.716449693263562
891,0.16561331182553,4.61614730058553,0.577816775195645,0.746588202312191,-0.136454497095563
