id,Embarked,ExtraCol1,ExtraCol2,ExtraCol3,ExtraCol4,ExtraCol5,ExtraCol6,ExtraCol7,ExtraCol8,ExtraCol9,ExtraCol10,ExtraCol11,ExtraCol12,ExtraCol13,ExtraCol14,ExtraCol15,ExtraCol16,ExtraCol17,ExtraCol18,ExtraCol19
1,S,8,,,27,,high,57,C,low,90,Z,high,303,X,high,475,Y,medium,286
2,C,77,,,,,low,62,D,,97,X,high,388,Z,high,412,,,451
3,S,,,medium,26,D,unknown,65,D,high,51,Z,low,262,X,high,49,X,low,337
4,S,43,D,high,,C,high,19,,,59,Y,low,72,Z,medium,343,Y,medium,2
5,S,,D,low,17,A,,57,C,low,19,X,medium,,Y,high,332,,low,244
6,Q,85,C,,18,C,medium,26,C,,41,X,low,,Z,high,442,Z,low,422
7,S,8,B,,92,D,medium,27,,,62,X,high,58,X,low,482,X,high,436
8,S,,,medium,55,A,low,94,D,low,42,,low,63,Y,high,372,X,medium,
9,S,,A,,4,B,,,A,,,,medium,173,X,low,,Z,high,238
10,C,,B,unknown,,D,,,C,,13,Y,low,227,Z,high,176,Z,high,53
11,S,52,,high,,B,unknown,,B,,15,Y,high,,Y,low,449,X,high,106
12,S,97,C,high,,D,,24,A,high,33,X,low,79,X,high,471,,low,423
13,S,73,B,low,54,C,high,78,,,,Z,medium,466,Z,high,495,X,high,170
14,S,76,,,64,C,medium,,A,,81,Y,high,75,Z,high,477,Y,high,381
15,S,71,C,,,C,medium,71,,,86,Z,medium,100,Z,high,320,Y,medium,18
16,S,,,unknown,81,C,,,,unknown,,X,low,483,Z,medium,478,Y,low,245
17,Q,51,D,high,,,medium,,,,,Z,low,188,X,high,391,X,low,475
18,S,12,C,unknown,96,D,unknown,72,A,,,Z,medium,286,Y,low,120,X,medium,
19,S,83,C,,,B,low,33,D,unknown,53,Y,low,217,Z,,15,Y,low,15
20,C,45,D,low,32,,low,96,A,medium,70,Z,medium,129,Y,low,490,Y,low,144
21,S,50,,low,72,C,unknown,86,B,,72,Y,medium,253,Y,low,213,X,medium,31
22,S,37,D,high,89,C,unknown,59,B,,96,Z,medium,388,Z,,436,Y,medium,306
23,Q,,B,,,B,unknown,,C,,57,Z,high,5,Y,medium,144,Y,high,95
24,S,92,A,medium,98,B,medium,59,B,high,34,X,high,437,X,low,180,Y,high,123
25,S,78,,,19,C,medium,69,,,,Z,low,92,X,,412,Z,low,293
26,S,64,A,high,41,,low,,D,low,,Z,high,458,Z,high,262,Z,low,162
27,C,,A,medium,31,B,medium,14,D,low,80,X,high,481,X,medium,338,X,low,325
28,S,,,low,42,D,high,56,A,high,,Z,low,466,Y,low,160,Z,low,465
29,Q,,,high,,B,medium,80,D,,,Y,medium,325,Y,high,307,X,medium,465
30,S,44,A,high,73,C,medium,31,A,unknown,31,Z,,452,,high,243,Y,high,364
31,C,45,D,,,A,,45,,unknown,5,,medium,429,X,low,465,Z,high,484
32,C,22,,,25,,,,D,high,,,medium,319,X,low,246,Z,high,368
33,Q,9,B,medium,,D,high,70,A,,12,Y,high,445,Z,high,44,X,medium,33
34,S,55,C,high,,,high,86,A,high,8,Y,medium,171,X,high,368,X,medium,477
35,C,88,B,,65,D,high,,,medium,70,Y,high,417,X,high,476,X,high,283
36,S,,C,,69,,unknown,,,high,43,X,medium,462,Z,,,X,low,2
37,C,85,D,medium,66,B,low,4,D,low,,Z,medium,,X,low,50,X,,310
38,S,82,A,,60,D,medium,,C,unknown,,,low,61,Y,,499,,medium,122
39,S,,A,,,B,high,94,C,unknown,,X,low,107,X,medium,173,X,medium,267
40,C,63,D,unknown,,,,8,D,medium,61,Y,medium,,Z,high,416,Y,medium,328
41,S,16,C,low,90,A,unknown,,,medium,53,X,low,266,X,high,315,Z,,13
42,S,,C,unknown,38,B,,83,,medium,58,Y,high,216,Y,low,,Y,low,219
43,C,70,B,medium,51,B,low,,D,,70,Y,low,413,Y,low,170,X,high,27
44,C,35,,,18,,medium,17,,,38,X,low,141,Z,low,303,Y,high,
45,Q,6,C,low,35,A,medium,2,A,medium,,Z,high,82,X,low,341,Y,high,105
46,S,97,C,low,,D,unknown,,A,high,,Z,low,307,Y,,77,Z,high,390
47,Q,44,A,unknown,64,A,medium,59,B,,14,Z,low,69,,low,387,,medium,206
48,Q,89,C,,21,,,84,A,medium,21,Y,low,452,X,high,71,X,low,23
49,C,67,C,,54,C,,88,,low,8,Y,high,40,X,medium,414,Z,low,373
50,S,77,A,,,A,medium,45,,high,,Z,high,245,Z,low,63,,high,271
51,S,75,B,unknown,12,,high,42,B,,43,Z,low,474,Y,,89,X,low,70
52,S,19,,medium,6,D,high,93,B,unknown,,Z,medium,276,Y,medium,,Y,medium,281
53,C,36,,unknown,,D,,,,low,92,X,medium,404,,low,91,X,low,124
54,S,46,,unknown,65,A,medium,20,,,,Z,high,211,,low,38,Y,low,317
55,C,49,,unknown,31,C,low,,,medium,55,Y,medium,377,Z,medium,26,X,low,473
56,S,4,C,high,82,,low,71,B,high,,Z,medium,353,Z,low,143,X,low,
57,S,54,B,,84,,,23,D,low,,Z,medium,256,Y,medium,245,Y,low,372
58,C,15,D,high,53,C,high,97,A,low,76,X,low,50,X,medium,22,X,medium,11
59,S,74,,low,,C,,29,B,,90,X,medium,485,Y,low,68,X,high,203
60,S,68,D,,,C,unknown,,,,96,X,medium,,X,low,305,Y,low,444
61,C,92,,high,82,,,49,C,,38,Y,high,178,Z,,159,Y,high,37
62,,74,B,unknown,89,,low,69,,,48,Z,medium,320,X,medium,,Z,medium,464
63,S,36,,,,,high,90,D,unknown,,X,high,384,Z,low,420,X,high,46
64,S,,C,high,51,C,,39,,,5,X,medium,267,Y,low,15,Y,medium,240
65,C,,A,,,A,high,,D,medium,11,Y,high,200,Y,low,474,X,high,90
66,C,32,B,,,A,medium,75,,,4,Y,high,203,,high,341,X,high,10
67,S,,B,,13,C,unknown,,A,,73,X,low,487,X,high,411,X,high,
68,S,,A,unknown,67,,high,,,,22,Y,medium,166,,medium,239,Z,medium,290
69,S,7,,medium,92,A,,75,A,low,,Z,high,427,Z,medium,0,Z,high,361
70,S,,C,,75,,medium,70,,high,37,X,medium,25,X,low,442,Y,high,157
71,S,79,D,,48,D,unknown,,C,low,79,,high,329,X,low,284,Y,low,246
72,S,18,A,,52,C,high,,B,,11,X,medium,340,X,high,18,Z,high,91
73,S,,B,,25,D,high,1,,medium,32,X,,337,Z,low,,Y,low,364
74,C,12,A,high,,D,medium,,,unknown,,Y,medium,210,Y,high,103,Y,medium,
75,S,68,,unknown,24,D,,,C,low,,X,medium,345,X,low,187,Y,low,430
76,S,47,,unknown,34,A,unknown,,A,,56,Y,low,222,,low,221,Y,high,89
77,S,,,low,26,,medium,,A,,16,X,low,296,X,high,213,Y,high,332
78,S,22,,low,33,,low,30,,,66,Z,low,446,Z,high,434,Y,high,165
79,S,,A,,36,A,medium,89,C,high,96,Y,high,336,Z,,471,X,low,
80,S,66,C,,8,,,70,,low,4,X,medium,368,Y,low,339,Z,low,140
81,S,94,C,unknown,,,,56,,medium,8,X,medium,484,Z,medium,316,Z,medium,474
82,S,43,D,low,44,,low,88,B,high,95,Y,medium,109,X,low,,Y,low,418
83,Q,16,D,low,94,,low,9,C,unknown,,Y,medium,293,Y,low,133,Z,medium,233
84,S,83,D,unknown,,A,medium,64,,unknown,91,,high,328,,medium,279,X,low,247
85,S,62,C,unknown,66,B,medium,15,D,,70,X,medium,,Z,low,321,Y,,176
86,S,70,,low,,,low,23,A,medium,,Y,medium,66,Y,low,,Z,medium,213
87,S,9,B,medium,,B,medium,18,D,,,Y,medium,380,Z,medium,,Z,medium,232
88,S,31,A,,49,,,54,,,51,X,medium,97,Y,high,,Z,high,72
89,S,,B,,44,A,low,62,C,,36,Y,medium,204,,low,29,Z,high,161
90,S,,B,,65,,medium,75,A,medium,83,X,low,357,Z,medium,161,Y,low,437
91,S,43,A,,,B,,,C,unknown,4,Z,high,131,Z,high,407,,medium,489
92,S,,A,low,31,B,,93,,medium,,Z,medium,62,,high,,Y,high,27
93,S,,C,medium,,D,,37,C,,55,X,medium,337,Y,medium,108,,high,366
94,S,38,B,high,18,,,,B,high,97,X,medium,140,Y,low,436,Z,medium,119
95,S,89,,high,,,high,3,C,,99,X,medium,413,X,high,76,Y,low,326
96,S,28,B,,,,,12,C,medium,59,Z,high,449,Y,low,79,X,medium,310
97,C,23,D,unknown,95,A,unknown,,B,high,42,Z,low,174,Z,,449,Z,high,439
98,C,68,C,unknown,,,,41,D,unknown,27,X,low,369,Z,medium,,X,low,351
99,S,,A,,39,C,,,C,unknown,99,Y,high,,Y,low,0,Y,,411
100,S,13,A,,,B,unknown,12,,unknown,,X,high,464,Y,low,216,X,medium,400
101,S,83,C,high,80,B,,26,,high,12,Z,medium,122,Z,low,370,X,low,323
102,S,,C,,48,B,low,98,D,,50,X,medium,440,X,high,378,X,medium,205
103,S,80,B,medium,96,,unknown,2,B,high,39,X,medium,393,X,high,43,X,,168
104,S,0,C,low,,B,,42,C,,49,Z,high,156,,high,140,X,medium,173
105,S,79,,medium,70,,,19,A,unknown,,,medium,412,X,low,308,X,high,179
106,S,,,,75,C,high,53,B,unknown,26,Y,high,316,Z,high,330,Z,medium,144
107,S,,A,unknown,,A,unknown,97,C,unknown,,Z,medium,334,X,medium,310,Z,high,155
108,S,66,B,unknown,,,low,22,D,high,,X,medium,189,X,high,168,X,medium,284
109,S,,,,58,C,low,37,C,,32,X,high,117,Y,medium,431,Y,high,135
110,Q,,D,low,,,unknown,44,,medium,0,Y,,348,Y,low,39,,low,174
111,S,,D,low,11,,high,79,B,,67,Y,low,26,Z,low,411,Z,medium,354
112,C,78,,medium,13,A,low,,C,unknown,85,,low,174,Z,low,469,Z,low,164
113,S,55,A,,,C,unknown,,,unknown,,Z,high,70,Y,high,342,Y,low,53
114,S,45,,unknown,65,B,,48,A,medium,16,Z,medium,0,X,medium,214,X,,8
115,C,,A,,28,C,medium,,A,,76,X,low,3,X,high,190,,low,382
116,S,,,,73,A,medium,0,C,,14,Z,high,46,Z,,,Z,low,474
117,Q,3,,,69,,high,80,D,low,62,X,high,469,Y,low,,X,high,341
118,S,13,,medium,,,low,24,,,70,Y,medium,385,Z,low,111,Y,medium,30
119,C,24,A,,91,B,medium,,D,,15,Y,medium,494,Y,,317,Y,high,281
120,S,11,,high,88,,,97,,medium,11,Y,high,42,Z,low,,Z,high,135
121,S,43,C,low,,C,low,63,C,unknown,7,X,low,498,Y,high,248,Z,high,
122,S,,,medium,76,,unknown,,D,,70,Y,low,299,Z,medium,237,Y,medium,460
123,C,65,D,high,,,low,60,,high,61,X,medium,397,Y,medium,38,Y,high,412
124,S,47,D,medium,40,A,unknown,21,,low,11,Z,medium,428,X,low,,Y,medium,367
125,S,85,C,,,D,low,69,C,unknown,50,X,low,131,X,medium,477,Z,,250
126,C,56,,,60,A,medium,61,C,,79,Y,low,370,X,medium,122,X,high,289
127,Q,7,B,unknown,41,C,low,,,,23,X,high,323,Y,low,157,Z,low,457
128,S,76,D,low,99,,,7,B,,60,X,medium,206,Z,low,315,Z,low,330
129,C,57,,low,17,D,high,64,D,high,29,Y,high,245,Y,medium,1,X,low,289
130,S,63,,high,9,,low,,,unknown,,Z,medium,104,Z,,51,X,high,48
131,C,56,A,medium,2,A,high,77,A,,,Y,medium,92,X,high,450,Y,medium,
132,S,55,A,high,81,D,,12,B,,35,Z,medium,461,Y,medium,86,Z,low,404
133,S,9,,low,40,C,medium,53,,high,49,Z,medium,365,,low,288,Y,high,182
134,S,55,,,43,,low,81,B,unknown,20,Y,high,283,X,high,441,X,low,125
135,S,79,B,unknown,64,C,high,89,,medium,39,Z,high,347,Y,medium,366,Y,low,483
136,C,30,D,,,A,,93,,,62,Y,high,202,Y,high,135,Y,medium,478
137,S,,A,medium,57,C,low,,,,38,Y,high,124,Y,low,76,Z,high,210
138,S,3,C,,5,,,,B,low,,Z,low,471,Y,low,358,,high,115
139,S,34,B,high,,B,medium,57,C,,,Y,medium,494,X,low,202,X,high,398
140,C,43,A,low,,,low,46,D,,13,Z,high,107,Z,high,483,,high,312
141,C,,D,,45,B,unknown,23,,medium,,X,medium,400,X,low,322,X,low,450
142,S,21,A,,16,,high,,C,low,46,Y,medium,221,Z,high,5,X,medium,272
143,S,,,unknown,,,unknown,14,A,,60,Y,low,353,Z,high,125,,high,275
144,Q,,,,33,D,medium,,A,unknown,73,X,low,54,X,medium,372,X,high,
145,S,99,D,medium,27,,,,,low,,Z,high,239,X,high,350,X,medium,301
146,S,85,A,unknown,29,A,,,A,,97,X,low,62,Y,high,370,Z,low,181
147,S,3,,,72,A,low,10,,low,42,X,medium,407,Z,high,116,Y,high,102
148,S,23,C,,10,B,medium,26,B,,88,X,medium,199,Y,high,124,Z,medium,390
149,S,,D,unknown,30,D,unknown,,D,high,41,Z,high,131,Y,medium,104,Y,medium,172
150,S,,A,low,46,B,medium,,,low,40,X,high,349,Z,low,347,X,high,106
151,S,85,D,,54,,unknown,44,B,high,60,X,medium,477,Y,low,5,Z,medium,480
152,S,28,C,medium,88,B,medium,4,C,,19,Z,low,169,Z,medium,407,Y,medium,481
153,S,91,D,unknown,,,medium,1,A,high,60,X,,358,Z,medium,140,Z,low,247
154,S,29,,low,,,,,D,unknown,,X,high,344,X,medium,244,X,low,147
155,S,43,D,unknown,53,,,44,C,,,X,medium,244,Y,low,123,Z,medium,80
156,C,66,C,low,2,A,,7,C,unknown,7,Y,medium,402,X,medium,212,Z,high,313
157,Q,12,,low,61,D,low,83,,low,69,X,high,63,,medium,382,,high,305
158,S,55,,high,15,D,medium,,D,low,3,Z,medium,438,X,high,99,Z,medium,309
159,S,50,,high,7,A,high,34,D,medium,10,X,,202,X,high,284,Z,high,
160,S,78,B,unknown,67,C,,45,A,medium,28,Y,medium,22,X,medium,28,Z,low,235
161,S,99,C,,,D,unknown,,C,low,,X,high,,Z,high,88,X,,341
162,S,,,low,,,,93,,medium,0,X,medium,386,Y,low,342,Z,medium,327
163,S,40,C,,10,B,high,78,B,unknown,,X,,408,Y,high,284,Z,low,397
164,S,40,D,,74,D,,19,,high,78,Z,medium,73,,high,305,Y,low,371
165,S,41,,,76,C,medium,73,,high,45,Z,high,375,Z,low,112,Y,high,17
166,S,81,A,,,,,17,B,low,19,X,high,349,Y,,103,X,medium,309
167,S,32,,unknown,83,A,high,45,C,low,42,X,high,451,Y,medium,,Y,low,487
168,S,16,B,unknown,43,C,low,,,medium,69,Z,high,185,Y,low,64,Z,high,279
169,S,,C,high,18,,unknown,3,A,,73,Y,high,463,Y,medium,,Z,low,264
170,S,2,,,,,,,A,unknown,,X,medium,353,,high,133,X,medium,303
171,S,10,B,high,21,A,medium,22,,,16,X,medium,,X,high,359,X,high,279
172,Q,9,B,high,20,B,medium,,A,,95,Y,medium,106,X,,78,X,low,200
173,S,,B,high,32,D,unknown,49,D,medium,,Y,high,451,X,medium,325,Y,high,496
174,S,,D,high,,,medium,2,C,high,98,Y,medium,322,Y,medium,101,X,,35
175,C,69,B,medium,,B,medium,,,low,,X,low,59,Z,high,140,Z,high,407
176,S,46,,high,,,low,,B,,11,Y,low,62,Y,medium,206,Z,high,79
177,S,71,B,unknown,62,B,medium,95,B,,,X,,413,X,medium,,X,high,103
178,C,16,A,unknown,33,C,low,,,,32,Y,medium,84,Y,high,62,Z,low,303
179,S,90,B,high,,B,,19,,unknown,,X,high,109,Z,medium,376,Z,low,318
180,S,50,A,low,51,,unknown,60,,,71,X,high,307,Y,low,172,Z,low,463
181,S,93,A,,,C,,36,,high,,Z,high,431,X,low,283,Z,low,147
182,C,,,medium,43,D,unknown,60,A,,58,Y,high,168,X,,323,Y,,12
183,S,49,A,low,29,B,unknown,,C,unknown,,Y,low,332,Y,medium,311,Z,low,127
184,S,69,,,,,,29,C,low,61,X,high,351,Z,medium,313,X,medium,272
185,S,49,D,high,,A,high,65,C,unknown,39,X,high,300,X,low,487,Z,medium,178
186,S,44,C,unknown,,D,high,26,B,unknown,,Z,high,342,Z,high,315,Y,medium,126
187,Q,,B,,,,medium,90,A,,71,Z,,,Z,low,174,Z,medium,457
188,S,38,A,,47,A,,94,B,unknown,29,Y,low,310,X,low,,Z,low,280
189,Q,,D,,,A,medium,,B,high,19,X,high,1,,high,400,Y,low,336
190,S,,D,high,,A,low,72,,,70,Y,low,365,X,low,210,X,high,374
191,S,68,C,,90,B,high,,D,low,,X,high,396,Y,high,,X,medium,204
192,S,63,A,unknown,67,D,low,,B,low,44,X,high,396,X,high,407,Z,medium,367
193,S,60,,unknown,,A,,73,,low,,X,high,14,Z,high,117,Z,medium,481
194,S,36,,unknown,96,D,,93,C,low,18,Y,medium,455,X,high,111,Y,,362
195,C,95,A,medium,71,,high,22,D,unknown,81,Y,high,217,Y,medium,26,Z,high,148
196,C,8,D,,5,C,medium,,B,low,98,Y,high,40,Z,medium,,Z,medium,389
197,Q,,A,,72,B,medium,,,,,Z,high,267,X,medium,308,Y,,
198,S,,,unknown,,D,low,33,A,,14,X,medium,285,X,medium,251,Z,high,36
199,Q,33,D,,,,medium,23,C,,,X,medium,201,Z,high,148,Z,low,222
200,S,96,D,,48,B,high,,A,unknown,86,Z,high,374,X,medium,105,Y,high,
201,S,,A,low,51,A,,33,A,unknown,8,X,low,271,,medium,347,X,medium,234
202,S,90,,,31,D,medium,72,,,,X,low,108,X,high,42,Z,low,130
203,S,49,C,low,,B,,37,,unknown,,Z,medium,310,X,low,350,Y,high,136
204,C,,C,unknown,61,B,high,37,A,,3,,medium,131,Y,medium,452,Y,high,460
205,S,45,,high,,C,high,94,,low,,,high,59,Y,high,227,Z,low,145
206,S,26,D,medium,89,C,low,,D,,7,Z,high,133,Y,high,247,Z,high,391
207,S,76,D,high,77,C,high,92,C,medium,17,Y,low,452,Z,low,,X,low,
208,C,,,high,60,B,low,71,,high,48,X,,286,X,low,47,Z,,53
209,Q,26,,high,,A,medium,,D,unknown,,Z,high,158,Y,low,313,X,high,31
210,C,77,C,high,33,,high,,B,,,X,medium,183,,high,182,Y,high,121
211,S,26,A,,76,A,,93,D,low,,Z,low,429,Z,low,234,Z,high,420
212,S,,,medium,31,,high,94,,medium,20,Y,medium,333,Y,low,11,X,medium,227
213,S,78,A,,26,,unknown,4,,,87,Z,high,386,Z,medium,438,X,low,347
214,S,44,D,,86,C,,35,A,unknown,,Z,medium,305,X,high,166,Z,medium,481
215,Q,,,,,D,unknown,41,,,,Z,medium,496,Y,low,37,Y,medium,24
216,C,27,A,low,,A,,,A,,72,X,medium,328,X,low,,Z,low,54
217,S,,A,unknown,86,D,medium,77,A,low,48,Z,high,200,X,low,489,Y,medium,460
218,S,,A,low,,D,unknown,69,,,41,X,medium,126,Z,low,259,,low,283
219,C,44,C,low,,C,medium,21,D,unknown,75,X,high,23,Z,low,16,Y,,308
220,S,90,B,,52,C,low,,,low,,Y,high,383,X,low,495,Z,low,170
221,S,12,D,low,,,,,,,82,X,medium,466,Y,medium,104,Y,low,413
222,S,45,B,medium,,A,,44,D,,68,Y,medium,332,Z,low,,,low,323
223,S,,,medium,,,,,A,low,76,X,high,243,X,medium,354,Y,high,128
224,S,20,C,,,,,,,low,42,Y,low,65,Z,medium,165,Y,high,324
225,S,,C,,79,,high,92,,medium,38,Y,low,321,X,medium,42,Y,medium,1
226,S,30,,high,59,A,low,90,D,high,57,Y,low,,Y,medium,341,Y,medium,120
227,S,80,,low,,A,high,1,,high,64,,,311,Z,medium,131,Z,low,101
228,S,57,C,high,40,A,high,,C,high,92,Z,high,150,Z,high,430,X,high,392
229,S,54,,high,38,C,unknown,,A,,85,X,high,432,X,low,76,Y,high,367
230,S,17,,high,42,C,,82,C,medium,5,Z,low,468,X,medium,453,,high,45
231,S,46,,high,99,,,80,C,medium,15,Y,low,117,X,medium,361,Z,medium,453
232,S,85,C,,,A,low,,D,medium,94,Y,low,163,Y,medium,119,Y,low,
233,S,,D,,15,A,high,6,,,,Y,low,,X,low,289,Y,,217
234,S,75,C,,4,A,unknown,,A,low,,X,,9,Z,low,469,X,medium,105
235,S,,,high,51,,low,,A,,5,Z,medium,258,X,high,32,Y,,210
236,S,,,unknown,80,,medium,,D,unknown,,X,high,70,Y,high,409,X,low,294
237,S,,B,high,,B,,8,A,,40,Z,low,216,Z,medium,230,X,low,315
238,S,43,A,low,56,,,,D,,,X,high,16,Y,low,474,Z,high,173
239,S,30,A,medium,79,B,,43,B,medium,77,Z,high,70,Y,medium,104,Y,low,50
240,S,62,,high,51,D,medium,76,,high,89,Y,low,201,X,low,359,Z,high,304
241,C,14,,low,90,,medium,31,D,high,,Y,low,,Z,low,483,X,high,352
242,Q,58,,unknown,63,,unknown,,C,,,Z,medium,398,,low,171,Z,low,133
243,S,9,B,unknown,73,B,,,C,low,54,X,high,289,Z,low,53,Y,medium,319
244,S,64,C,unknown,78,A,low,,D,,54,Y,high,225,X,low,196,X,low,284
245,C,,D,low,62,D,unknown,29,D,high,3,Z,high,236,Y,low,299,Y,high,250
246,Q,8,D,high,5,,medium,25,C,low,,X,low,419,Z,medium,315,Z,medium,4
247,S,,B,high,42,,unknown,,B,high,,X,high,422,Z,high,240,Z,low,153
248,S,41,B,high,14,A,,28,D,,,Y,high,23,,low,466,,high,187
249,S,78,,unknown,51,B,,68,C,,,X,,342,Z,low,289,Z,high,416
250,S,4,A,,,,low,,,high,44,Z,low,234,X,low,320,X,high,413
251,S,17,C,high,,C,unknown,,,,,Z,low,391,Z,medium,478,X,medium,436
252,S,49,B,high,,A,high,,C,,,X,low,393,Y,high,469,Z,high,231
253,S,18,,,2,C,medium,,B,low,70,X,high,354,,low,170,Y,medium,163
254,S,,C,unknown,,D,unknown,58,D,medium,63,Z,low,337,Y,low,143,Y,medium,249
255,S,,B,,50,D,unknown,,,high,10,Y,high,105,Y,low,374,Z,medium,395
256,C,14,,unknown,7,,,25,,medium,29,Z,low,426,Z,medium,262,Z,low,
257,C,,C,low,,,,98,C,unknown,84,Z,high,350,Z,medium,223,Z,medium,300
258,S,10,A,,75,C,high,20,C,unknown,,Y,high,136,Z,medium,349,,high,217
259,C,,,high,70,A,medium,13,C,unknown,,X,medium,116,X,low,330,Z,low,348
260,S,58,A,low,17,A,,82,D,low,52,Y,medium,250,Y,high,456,X,medium,433
261,Q,79,B,medium,,D,,89,B,,11,Y,low,171,Z,medium,182,,low,333
262,S,17,D,,63,,,9,D,low,12,Y,low,338,,high,,Y,medium,201
263,S,29,A,high,39,,,59,,high,98,X,high,203,Y,high,113,Y,high,419
264,S,92,,low,0,,,,A,medium,3,X,high,84,Z,low,468,X,high,471
265,Q,98,C,medium,,,,22,C,,2,,high,197,Y,low,41,Z,low,398
266,S,58,D,,79,C,medium,,A,,1,Y,medium,407,X,high,375,X,high,438
267,S,44,,high,3,C,low,68,D,low,62,Y,low,415,Z,high,50,Y,low,132
268,S,34,C,medium,,D,unknown,57,,high,,X,low,155,Y,medium,440,X,low,210
269,S,61,D,high,38,D,high,51,,high,,Z,high,397,Y,low,479,Z,high,124
270,S,,,high,,A,high,88,C,high,79,Z,low,46,X,low,408,X,low,182
271,S,29,A,,47,,low,,B,medium,71,Z,low,492,X,high,394,Z,low,366
272,S,,D,,42,A,low,62,B,,,Z,low,382,Y,high,239,Z,low,338
273,S,15,A,unknown,,B,low,31,D,,7,Y,medium,20,Z,,122,Y,medium,1
274,C,95,C,low,5,B,,97,,,48,X,high,352,X,,492,X,medium,377
275,Q,41,B,,3,D,unknown,25,D,unknown,8,Y,medium,247,Z,low,264,X,high,96
276,S,48,C,low,9,,medium,,B,medium,11,Y,high,441,Z,low,408,Y,high,92
277,S,,,low,69,,high,63,,low,46,Z,medium,119,,medium,357,Y,high,271
278,S,78,,,78,,,,C,unknown,,X,high,446,Z,medium,350,Y,medium,120
279,Q,,C,,,B,unknown,75,A,medium,99,X,,435,Z,,176,X,low,481
280,S,,,high,7,,medium,24,A,low,,X,medium,139,Z,low,213,,high,73
281,Q,,B,medium,41,,medium,26,,low,27,X,low,216,,high,,X,medium,75
282,S,,,,98,,,34,,medium,32,Y,high,320,Z,medium,,Y,low,380
283,S,67,D,medium,,D,low,68,A,low,,X,medium,120,Z,,359,X,medium,143
284,S,49,A,low,,A,unknown,39,C,,,X,low,499,X,high,99,Y,medium,357
285,S,44,B,medium,53,C,,56,A,high,51,Y,low,,Y,medium,113,Y,medium,340
286,C,,C,high,,B,medium,55,D,,76,Z,medium,121,,medium,24,Z,medium,94
287,S,,,high,,,high,19,D,,84,Y,medium,250,Y,low,,Y,high,289
288,S,57,D,medium,47,C,high,23,,low,5,X,low,236,X,high,334,X,low,268
289,S,,B,,,,,30,A,unknown,28,X,medium,25,Z,high,105,X,high,47
290,Q,47,D,high,,,high,,B,,25,Z,,455,,low,355,Z,low,382
291,S,,,,,D,unknown,,,,55,Y,high,120,Z,high,1,Z,low,428
292,C,26,C,medium,5,,,,,high,,Y,low,51,X,high,433,X,high,473
293,C,95,C,,0,,,,C,,,Z,,259,X,medium,345,Z,low,43
294,S,33,A,unknown,41,A,,67,C,,91,Y,high,464,Y,high,341,Y,high,89
295,S,,A,,,D,,,C,unknown,33,Y,low,1,X,medium,353,,high,412
296,C,,,,,,unknown,68,,high,,Z,low,244,Y,,179,Y,,152
297,C,84,C,,7,B,medium,,A,medium,43,X,,455,Y,low,497,Z,medium,312
298,S,,,high,67,D,,,,unknown,,Y,high,446,X,low,,X,high,174
299,S,28,A,high,45,,high,89,,medium,88,Y,high,85,Z,medium,90,Z,high,108
300,C,2,,,23,,,20,D,,,X,medium,,X,low,461,X,medium,312
301,Q,36,D,unknown,20,D,medium,16,C,low,33,,high,417,Z,high,369,Z,low,102
302,Q,82,,unknown,66,D,unknown,39,B,low,,Z,medium,335,X,low,155,X,medium,68
303,S,0,B,unknown,52,B,unknown,83,C,unknown,38,X,high,328,Y,high,473,X,low,265
304,Q,89,,unknown,,B,medium,96,C,,,Y,high,386,Z,medium,124,X,low,96
305,S,,D,unknown,28,,medium,,,,30,Y,high,226,X,high,322,Z,high,96
306,S,14,B,,52,A,,,B,,10,X,medium,33,Z,high,335,Y,medium,390
307,C,,B,low,86,C,,23,C,,,X,medium,319,X,high,481,Z,high,264
308,C,55,C,,31,,medium,59,A,,65,,low,313,Z,medium,285,X,high,271
309,C,31,A,low,39,D,,18,A,high,93,Z,high,425,Z,high,497,Z,low,71
310,C,,D,low,16,,low,53,A,,0,Y,low,461,X,low,142,Z,high,80
311,C,66,D,unknown,,C,,,,medium,63,Y,medium,168,Y,medium,400,Y,high,195
312,C,67,,unknown,3,C,medium,7,A,low,56,Y,medium,478,Z,low,122,Z,low,
313,S,,C,high,24,C,unknown,96,B,unknown,62,Z,,4,X,low,499,X,medium,225
314,S,28,C,high,,A,unknown,89,,unknown,98,Z,high,484,X,medium,381,X,high,67
315,S,24,,,1,B,unknown,,B,medium,39,X,high,,X,low,312,X,low,449
316,S,,D,,98,,,62,A,,,Y,high,322,,medium,33,X,,181
317,S,,,unknown,40,B,,,D,low,1,Y,,341,Z,medium,,Z,medium,408
318,S,,,medium,,D,high,57,B,,,X,medium,316,Y,,72,Y,high,200
319,S,93,C,high,53,,unknown,,A,,17,,medium,495,Y,medium,458,Y,low,236
320,C,,,,,B,low,53,,,,X,high,276,Z,high,189,Z,high,56
321,S,,D,low,,,high,,,low,,Z,medium,65,X,medium,415,Z,high,338
322,S,,D,,88,A,low,39,,,27,X,medium,303,Z,low,453,Y,low,29
323,Q,,C,,,B,,84,,low,11,Y,low,145,X,medium,55,Y,low,373
324,S,91,B,,,B,medium,25,,high,,Z,medium,306,X,medium,379,X,medium,440
325,S,,B,medium,70,D,high,96,B,high,65,Y,medium,190,,high,151,Z,medium,180
326,C,23,B,high,30,,unknown,75,,,28,X,low,21,Y,medium,54,Z,low,443
327,S,23,C,unknown,99,A,low,89,B,low,13,X,high,318,Y,low,130,Y,low,349
328,S,3,,high,25,,high,50,,medium,57,Y,high,44,X,low,274,Y,medium,1
329,S,,C,medium,29,,low,22,A,low,,Z,high,163,Y,low,,Z,high,101
330,C,55,D,medium,71,A,low,3,D,high,,Y,low,309,Z,medium,345,Y,medium,320
331,Q,54,,high,78,C,,53,,low,38,X,low,440,X,,116,Y,high,350
332,S,,C,medium,12,C,high,39,D,high,,Z,low,157,X,high,147,Z,,46
333,S,30,,high,55,,low,11,C,unknown,24,Y,high,149,X,low,152,,medium,342
334,S,82,C,,,B,medium,,D,high,28,X,high,150,Y,medium,368,Z,high,405
335,S,,,,61,,,97,,,14,Y,medium,287,Z,low,259,X,medium,45
336,S,80,,unknown,55,,medium,,D,,,X,low,96,X,high,11,,high,439
337,S,96,,medium,,B,unknown,,C,,14,Z,medium,,Z,medium,38,Y,high,266
338,C,31,,medium,,,,,D,,68,Z,high,400,Z,medium,37,X,high,308
339,S,20,,high,65,,,,,,,X,medium,,Y,medium,480,Z,low,25
340,S,95,,,67,D,,62,,unknown,,Y,low,482,Z,low,252,Y,low,306
341,S,63,,unknown,,C,high,41,C,unknown,,X,,265,,low,245,Z,high,227
342,S,29,,low,,,medium,,A,medium,63,Y,high,313,Z,high,380,,high,185
343,S,62,B,unknown,72,B,,18,,medium,75,X,high,308,Y,low,95,Y,medium,390
344,S,51,C,,77,,medium,66,A,low,56,Z,medium,472,X,high,15,Y,low,
345,S,,A,,12,B,low,98,A,,,X,high,332,Z,low,,Y,high,29
346,S,25,C,high,88,,low,85,,high,25,Z,low,441,Y,low,,,medium,249
347,S,99,,unknown,,,medium,4,,,,X,high,142,X,high,399,X,low,371
348,S,,,low,,C,unknown,11,A,medium,,X,low,108,Z,high,409,Y,medium,66
349,S,,,high,48,,low,62,B,low,,Z,medium,321,Y,high,317,,low,492
350,S,16,B,low,48,,,92,B,low,49,Z,medium,76,Z,high,454,,low,336
351,S,,A,low,91,,medium,84,C,,90,X,high,55,Z,medium,232,Y,low,467
352,S,,B,unknown,96,A,high,90,,low,27,X,low,105,X,low,120,Z,high,235
353,C,29,C,high,80,A,low,14,C,,51,Z,low,135,Z,medium,165,X,low,61
354,S,43,A,medium,65,B,low,51,B,,,Z,high,48,,medium,70,Z,medium,88
355,C,96,C,high,10,B,low,72,D,,63,Y,medium,364,Z,high,450,Y,low,250
356,S,99,A,medium,91,C,medium,62,B,,,X,high,291,X,,302,,,294
357,S,15,D,medium,13,A,,77,B,high,41,X,medium,100,Z,low,386,Z,high,367
358,S,89,C,medium,16,B,unknown,21,A,medium,0,X,medium,141,Z,medium,140,X,high,397
359,Q,,B,medium,6,D,,45,D,,,Z,high,464,Z,high,359,X,low,381
360,Q,,C,unknown,94,D,,44,,low,,X,high,,Y,high,165,Y,medium,294
361,S,84,A,medium,,D,,93,B,high,,Y,,61,Z,medium,223,Z,low,9
362,C,,A,medium,,,,20,B,unknown,,Z,high,306,,medium,325,X,medium,264
363,C,22,D,high,8,A,medium,32,D,high,14,X,low,161,X,medium,490,Y,low,409
364,S,89,D,unknown,41,,medium,,,medium,,,low,179,Z,medium,279,X,medium,423
365,Q,,,medium,72,A,high,15,A,high,79,Z,high,299,Y,medium,355,X,medium,417
366,S,,B,unknown,99,,,,A,unknown,45,X,medium,492,X,low,297,Z,high,5
367,C,46,A,medium,,,medium,84,C,low,5,X,low,291,Y,medium,211,X,medium,217
368,C,31,,high,60,D,medium,,A,high,6,X,low,476,X,medium,466,Y,high,
369,Q,,B,unknown,83,C,high,70,,low,67,X,medium,410,Y,,,,low,
370,C,77,,,90,B,high,59,A,,,X,medium,389,Y,high,155,X,high,204
371,C,33,C,low,27,B,low,,D,unknown,,Z,high,395,Z,high,447,Z,high,48
372,S,66,A,high,,D,,30,D,medium,40,X,high,395,Z,low,225,Y,high,96
373,S,41,D,,51,D,high,99,,,49,X,high,127,Y,medium,369,,high,2
374,C,,C,medium,93,C,high,,,medium,16,Z,medium,488,Z,medium,258,Z,low,489
375,S,,,unknown,11,D,,71,B,low,,X,high,459,X,,383,Y,,429
376,C,9,,,9,B,high,,,,76,X,high,300,Z,medium,435,Z,low,201
377,S,,C,high,,B,high,,C,,42,X,high,355,X,,211,X,high,2
378,C,74,,high,67,D,medium,,,low,49,Z,medium,440,Z,high,350,X,medium,167
379,C,37,A,low,17,B,high,84,C,low,,Z,low,76,Z,,253,X,medium,217
380,S,,,medium,89,D,medium,63,A,unknown,,,low,32,X,high,399,Y,medium,84
381,C,0,B,high,10,B,medium,28,B,,98,Z,high,497,X,high,95,Z,medium,330
382,C,,D,low,,B,low,96,,unknown,81,X,high,277,Z,high,364,Z,medium,498
383,S,94,B,medium,,A,medium,70,,high,,Y,high,361,Z,high,297,Y,high,421
384,S,,,,,C,low,42,,,,Y,,251,Z,medium,225,X,low,428
385,S,3,A,unknown,,B,,13,,medium,72,X,medium,258,X,medium,,Y,high,415
386,S,12,B,low,84,B,medium,97,B,,33,Z,low,18,Y,medium,350,Y,medium,34
387,S,6,B,unknown,10,C,high,,C,unknown,51,Y,low,144,Y,high,173,Y,medium,275
388,S,83,A,medium,,A,unknown,,,low,14,Z,high,43,Z,medium,16,Z,high,282
389,Q,89,B,high,61,,low,83,,,,X,low,216,Z,high,474,Y,,50
390,C,15,,high,2,D,unknown,60,D,high,,Z,medium,10,Z,high,223,Z,low,73
391,S,74,A,,74,C,medium,,,unknown,72,X,high,401,Y,,82,Y,low,282
392,S,17,,unknown,,C,,23,A,unknown,60,X,medium,147,X,medium,112,X,high,357
393,S,36,C,low,75,,,7,A,low,,Y,high,370,Z,medium,414,X,medium,104
394,C,59,D,low,,C,unknown,,,,50,X,medium,26,X,high,165,Z,medium,242
395,S,,C,unknown,19,B,low,,C,,,X,high,16,X,low,140,Y,high,37
396,S,87,A,high,,,,,,low,,Z,low,,X,low,243,X,low,55
397,S,4,,unknown,6,A,,16,A,,1,Y,medium,394,Y,low,14,X,low,290
398,S,19,B,medium,53,C,,57,C,,,Y,low,406,X,,280,X,medium,278
399,S,,B,,,C,high,12,A,low,,X,,272,,high,20,Z,high,375
400,S,31,A,low,,,medium,,A,,36,Z,high,306,X,high,417,X,low,455
401,S,99,D,medium,20,,medium,79,A,high,87,Z,medium,344,Z,medium,214,X,high,94
402,S,77,,low,76,D,,,C,unknown,64,Z,medium,336,Y,low,109,Y,high,170
403,S,,C,unknown,69,,,94,B,low,60,Y,medium,370,X,medium,227,Y,low,427
404,S,97,,,,C,,31,B,,,Y,low,15,Z,high,87,X,low,25
405,S,,D,unknown,,D,unknown,94,C,low,50,X,low,214,Y,low,160,X,high,414
406,S,,A,low,6,,,78,A,high,70,X,,419,X,medium,65,,low,472
407,S,43,,low,44,A,unknown,33,,unknown,,X,low,219,Y,medium,334,X,high,49
408,S,14,B,,,B,unknown,,,unknown,60,Y,medium,73,,,488,Z,high,
409,S,,,,11,D,medium,10,C,medium,17,Z,low,332,Z,medium,242,Y,low,342
410,S,1,B,medium,55,B,high,,,medium,67,Z,high,151,Y,medium,49,X,,237
411,S,17,A,medium,,D,,20,C,,7,X,low,255,,high,37,,medium,493
412,Q,22,,,,,,26,,unknown,31,X,medium,258,X,high,416,Z,medium,272
413,Q,27,B,,,,high,41,A,,91,X,high,348,Z,medium,174,Y,high,327
414,S,13,A,low,8,B,medium,,C,low,,X,medium,464,Z,high,148,Z,medium,118
415,S,1,,,67,C,high,80,A,unknown,90,Y,medium,346,Y,high,50,Z,,
416,S,67,A,low,33,,medium,69,B,,35,Z,,499,Y,medium,331,X,low,88
417,S,96,,low,,,high,15,,unknown,68,X,medium,9,Y,high,31,X,low,73
418,S,12,B,,19,C,medium,16,,low,70,Z,low,,X,medium,452,Z,low,56
419,S,,,medium,97,,medium,,C,,,Y,medium,208,Z,medium,104,X,medium,446
420,S,50,C,,25,D,,94,D,medium,,Y,medium,364,Z,low,34,Z,low,34
421,C,92,A,medium,68,D,,,C,high,96,Z,high,42,Z,high,,X,high,258
422,Q,69,,medium,,B,,,B,medium,11,Z,medium,263,X,low,177,Z,high,254
423,S,,D,medium,18,,low,14,A,medium,,,high,14,Z,high,348,Z,high,27
424,S,,A,high,30,,low,23,C,medium,44,Y,low,332,,high,19,,high,421
425,S,41,B,,1,B,,,D,unknown,67,X,medium,108,Z,high,430,Z,low,250
426,S,,A,low,,C,,20,B,,55,Z,medium,72,Z,low,154,,high,63
427,S,86,,medium,33,,low,61,,,,Z,high,39,Z,medium,378,Z,medium,64
428,S,80,,low,49,A,unknown,92,,low,9,Z,medium,134,Z,high,467,Z,high,350
429,Q,2,A,medium,15,B,,,C,high,51,Y,high,,X,medium,267,Y,high,309
430,S,71,A,,82,,high,60,C,high,83,X,low,492,X,medium,167,,medium,206
431,S,8,B,medium,21,B,low,,A,high,,,high,40,X,medium,156,,low,
432,S,73,C,low,,,unknown,,A,low,27,Y,high,489,Y,low,343,X,high,17
433,S,82,B,high,87,C,high,0,,unknown,86,Y,medium,293,Z,medium,2,Y,medium,15
434,S,13,,low,71,,,11,B,unknown,35,X,low,161,,high,73,Y,medium,267
435,S,43,,low,60,B,,,,unknown,56,Z,medium,471,Y,low,323,Y,medium,181
436,S,12,D,,,A,medium,,B,unknown,,Y,high,120,Z,low,12,Y,high,126
437,S,56,A,unknown,,D,,32,,medium,52,X,medium,90,X,,144,Y,medium,189
438,S,92,C,unknown,96,D,unknown,52,C,,,Y,low,114,,medium,,X,low,302
439,S,,D,high,,D,,57,A,medium,,Z,medium,72,Y,low,125,Z,high,146
440,S,39,A,high,40,A,high,66,,,47,Y,high,242,X,medium,465,X,medium,174
441,S,97,D,high,25,C,high,,,medium,,,low,70,Y,high,487,Y,low,141
442,S,,,high,,,unknown,37,,high,65,Z,medium,111,Z,low,16,Z,medium,333
443,S,,B,high,97,D,medium,88,A,unknown,41,Y,medium,185,Z,low,87,Y,high,27
444,S,48,,unknown,69,,low,5,A,high,52,Y,high,,,low,453,Z,,459
445,S,50,C,,3,C,,,C,unknown,,X,medium,429,Z,,16,Y,low,277
446,S,66,,low,46,A,high,95,,unknown,86,Z,medium,37,Y,high,243,X,medium,122
447,S,,,medium,,C,,17,A,low,12,Z,medium,315,X,,474,Z,high,379
448,S,,C,unknown,,D,medium,99,,unknown,87,Y,medium,51,Z,low,294,X,medium,469
449,C,52,D,medium,77,A,high,28,A,unknown,,X,medium,495,Y,low,153,Z,medium,29
450,S,28,B,low,70,,,36,A,,,Y,low,138,Y,high,3,X,low,102
451,S,,,unknown,6,,,,C,,2,Z,low,428,X,low,196,Z,low,71
452,S,,B,high,55,A,unknown,94,A,,,X,high,388,,medium,270,X,high,35
453,C,,D,,,,,,A,unknown,5,Y,medium,162,Z,medium,40,,high,
454,C,2,D,medium,48,,high,16,D,,,Y,medium,161,Z,low,264,Y,medium,96
455,S,59,,low,,B,,48,A,low,,Y,,158,X,medium,202,X,high,191
456,C,,C,medium,,D,medium,15,C,low,76,Y,high,235,Z,low,162,X,high,407
457,S,,D,medium,86,D,high,78,D,low,70,Z,high,221,Y,medium,486,,medium,
458,S,63,B,unknown,46,B,low,,D,,84,X,medium,328,X,low,446,Z,medium,338
459,S,84,,,53,A,,49,D,unknown,0,Y,low,232,Y,high,347,Y,low,48
460,Q,10,,low,62,,high,39,B,high,78,Z,high,,Y,high,295,X,low,485
461,S,72,A,,65,A,high,3,D,low,31,Z,low,233,Y,low,236,X,,41
462,S,,,unknown,63,D,medium,5,,,,Y,low,153,X,medium,35,X,,354
463,S,,A,medium,78,C,high,51,,medium,76,Z,,163,Y,medium,153,X,high,319
464,S,,,medium,98,C,low,39,A,,68,X,medium,365,Z,low,5,Z,low,206
465,S,0,,high,82,A,high,12,C,,41,Y,medium,70,Z,high,183,Y,low,419
466,S,96,B,high,13,,unknown,13,D,medium,61,Z,low,143,Z,medium,236,Y,low,446
467,S,16,B,medium,,C,unknown,,,,46,Y,low,155,Y,low,305,X,high,35
468,S,59,B,unknown,,,unknown,,D,,62,Y,low,322,Z,medium,177,Y,high,479
469,Q,18,B,high,50,B,,60,,medium,45,Y,medium,64,X,high,127,Y,low,120
470,C,93,B,low,52,,low,83,D,high,39,Y,low,,Z,medium,,X,high,395
471,S,,C,,71,,high,6,C,,20,Z,medium,337,Y,high,75,Y,high,410
472,S,,D,unknown,,B,low,,B,,38,Y,medium,463,Y,low,62,Y,medium,278
473,S,43,C,medium,26,C,medium,,A,,,X,high,218,Y,high,348,Z,,431
474,C,46,C,high,45,B,high,20,,unknown,87,X,high,491,,low,292,Y,,412
475,S,,D,,,,high,53,,,,Z,medium,303,X,medium,434,X,low,
476,S,78,D,,31,C,high,,B,medium,18,Y,medium,387,Y,medium,369,,low,89
477,S,84,,unknown,2,,unknown,,C,low,50,X,low,121,Z,low,450,Y,,217
478,S,1,C,low,97,,low,,,,,X,medium,457,Y,high,332,,low,450
479,S,,A,high,,B,unknown,66,B,high,,X,medium,129,X,medium,420,Z,low,101
480,S,,A,high,60,,,75,A,,32,X,low,68,Y,medium,84,Z,high,499
481,S,,D,low,,A,medium,0,B,,4,Z,high,39,Z,medium,265,X,high,
482,S,82,,,27,,medium,,A,,5,Y,low,327,Z,low,472,Y,high,332
483,S,25,D,,34,,high,50,A,low,,Y,low,314,X,medium,394,X,low,320
484,S,79,,medium,28,B,high,36,,high,72,X,high,99,Y,low,201,Z,high,97
485,C,,D,,,,medium,,,unknown,86,Z,high,439,Z,high,463,X,low,236
486,S,23,C,low,15,B,low,,C,medium,49,Z,medium,138,X,high,156,Z,low,72
487,S,33,D,,,D,low,75,C,unknown,,Z,medium,304,X,high,11,X,high,182
488,C,53,A,,45,,medium,82,C,low,92,Y,high,261,X,low,398,Y,low,479
489,S,76,D,,53,B,,41,,,27,Y,low,296,Y,medium,206,X,medium,27
490,S,,A,,1,,high,93,A,unknown,15,X,medium,370,Y,medium,17,Z,low,435
491,S,93,B,,84,C,unknown,92,C,high,13,Z,,463,X,high,102,Y,low,338
492,S,,A,low,67,,low,66,D,high,35,Z,medium,360,X,medium,35,Y,high,374
493,S,75,B,medium,7,B,medium,58,A,unknown,73,X,high,453,Y,high,,Y,,141
494,C,,,high,84,C,low,,,medium,,Y,medium,434,Z,low,423,X,high,474
495,S,,B,unknown,3,C,,60,C,,,X,high,179,X,high,464,Y,low,126
496,C,41,,unknown,,A,,,D,,34,Y,medium,279,Y,medium,,Z,high,251
497,C,,C,high,46,D,low,97,B,low,,X,high,99,Z,high,401,Y,high,18
498,S,37,C,low,,C,,19,D,high,68,Z,low,,,low,281,X,high,443
499,S,92,D,,95,A,high,66,A,medium,66,Z,low,483,Y,low,147,Z,low,352
500,S,,,low,,C,unknown,73,,unknown,43,Z,low,443,X,medium,334,Y,low,81
501,S,11,B,low,,C,,,D,unknown,,X,high,371,Z,medium,476,X,medium,331
502,Q,65,D,high,57,D,medium,34,B,medium,,X,medium,424,Z,low,230,X,low,91
503,Q,96,,,,,high,86,C,high,65,Z,low,397,Z,medium,14,X,low,222
504,S,86,,low,72,B,high,48,A,,81,X,low,114,Z,medium,421,X,high,256
505,S,27,B,low,88,A,high,38,C,medium,,Y,medium,131,Y,low,94,,high,465
506,C,,A,high,,C,low,15,C,unknown,85,Z,low,265,Y,medium,91,X,high,166
507,S,,,medium,,,,32,,medium,,Y,,,Z,high,308,X,high,6
508,S,,,high,51,B,,97,A,,,X,high,368,,low,399,X,low,216
509,S,26,A,medium,,,unknown,,,high,95,Z,high,368,X,high,396,X,high,463
510,S,23,C,high,,C,unknown,,,unknown,56,Z,low,488,X,medium,433,X,,399
511,Q,99,A,,,B,high,,D,high,27,X,medium,394,Y,low,441,Y,medium,29
512,S,74,C,,70,,high,,A,unknown,60,Y,medium,,X,high,64,X,low,26
513,S,84,,medium,51,B,,66,C,medium,62,Y,medium,170,Y,high,150,Z,low,378
514,C,81,,high,,,unknown,37,D,medium,,Y,medium,163,Y,high,360,Y,high,360
515,S,95,B,high,42,B,medium,84,C,medium,20,Z,low,316,,high,,X,low,278
516,S,10,,high,49,D,medium,42,B,low,,Z,low,171,Y,low,357,Y,high,44
517,S,,,,,C,high,85,A,,54,X,medium,489,X,low,227,X,high,140
518,Q,,A,low,55,C,,74,B,medium,14,Z,low,144,Z,,225,Z,medium,423
519,S,47,C,,79,,,77,A,unknown,77,Z,low,,Y,high,13,Y,low,69
520,S,59,C,high,2,C,high,92,A,unknown,,X,medium,408,X,low,304,Z,medium,100
521,S,35,A,high,75,A,high,79,B,,93,X,high,183,Y,low,431,Y,medium,226
522,S,,C,,50,,medium,,,medium,67,Y,medium,22,X,high,,X,medium,367
523,C,19,A,,,B,high,52,A,high,33,Z,low,166,Y,,168,X,,414
524,C,,A,high,47,C,,,,unknown,37,Z,high,179,Z,medium,338,Y,medium,295
525,C,,D,,47,C,medium,6,,low,69,Y,high,306,X,low,99,Z,high,246
526,Q,,D,,12,B,,59,,unknown,8,X,,355,Z,low,316,Y,low,192
527,S,,B,high,,B,,,,unknown,71,X,low,274,Y,medium,204,Z,medium,21
528,S,14,D,medium,70,C,unknown,,D,unknown,55,Z,high,203,Z,high,463,Y,low,133
529,S,91,D,high,,,high,10,C,low,22,Y,medium,251,Z,low,355,X,medium,107
530,S,92,,,9,A,unknown,50,A,unknown,89,Y,low,72,Z,low,36,Y,low,28
531,S,59,A,unknown,21,B,,57,A,high,62,Z,low,90,X,medium,435,X,high,372
532,C,16,,,87,,unknown,10,C,high,16,X,low,305,Z,,362,Z,medium,176
533,C,15,C,,,D,high,63,,low,65,X,medium,432,Y,,107,X,,254
534,C,,,low,50,,unknown,16,,medium,41,Z,medium,261,Z,medium,141,Y,low,100
535,S,57,,,,D,unknown,14,D,medium,76,X,,30,Z,high,86,Y,medium,295
536,S,15,B,unknown,,C,unknown,40,D,unknown,49,Z,low,490,Y,medium,155,Y,high,67
537,S,45,A,,85,B,,,C,,99,Z,medium,162,,high,471,Y,high,338
538,C,11,D,,89,,high,91,C,,92,X,medium,374,,high,451,Z,low,369
539,S,,,low,28,D,unknown,,D,,4,Y,high,,X,medium,275,Z,medium,155
540,C,2,,unknown,58,A,medium,,A,low,,Z,high,493,Z,low,181,X,low,106
541,S,70,D,,,A,low,73,C,unknown,,Y,low,58,Y,medium,,Z,medium,390
542,S,,,,,B,unknown,,,unknown,,X,,93,X,medium,478,Z,low,111
543,S,19,,high,0,A,high,98,A,medium,14,X,medium,322,X,,99,,low,89
544,S,17,A,medium,97,D,,74,A,high,53,X,medium,380,Z,medium,378,,high,170
545,C,83,,high,35,D,high,,B,unknown,15,X,,,Z,medium,497,Z,,483
546,S,5,,,,C,low,94,B,high,,X,medium,275,Z,low,427,X,high,231
547,S,42,B,low,61,,medium,10,D,high,45,X,low,79,,medium,359,Z,high,131
548,C,,C,,78,A,medium,45,B,low,99,Z,medium,356,X,,449,Z,medium,256
549,S,51,B,,,C,,,C,,87,Y,high,334,Y,high,108,X,low,174
550,S,68,D,unknown,,B,unknown,0,,,,X,low,233,X,high,,Z,high,332
551,C,80,D,low,89,B,high,45,D,high,,X,high,318,X,high,,Z,low,219
552,S,,,unknown,93,B,low,68,C,unknown,,X,low,106,X,,6,,,294
553,Q,82,D,high,15,,medium,79,D,,66,X,high,405,Y,low,99,Z,high,218
554,C,,C,,90,C,low,41,C,high,13,Z,medium,22,X,high,,X,medium,
555,S,,B,unknown,90,A,unknown,86,A,,,X,medium,419,X,low,123,Z,low,223
556,S,50,C,low,,C,medium,67,C,,99,Y,low,419,X,low,316,Z,medium,196
557,C,,D,low,21,D,,4,B,low,,Y,high,343,Z,low,55,X,high,481
558,C,,,unknown,,A,medium,27,B,high,1,X,medium,407,Y,medium,348,Y,medium,132
559,S,79,,low,99,D,low,93,C,medium,,X,medium,456,Y,low,114,Y,,402
560,S,85,,,,C,unknown,0,B,unknown,,X,medium,81,Y,medium,261,X,medium,354
561,Q,53,A,,,B,high,10,A,unknown,,X,medium,272,Y,low,58,Z,medium,263
562,S,4,,unknown,19,C,medium,34,,unknown,63,Z,medium,322,Y,low,485,Y,low,158
563,S,49,C,,8,,,99,C,unknown,35,Z,,471,Z,medium,188,X,low,241
564,S,18,,high,25,D,high,,,medium,35,Y,low,368,Z,medium,302,Y,high,
565,S,88,D,low,6,A,low,,,,,Z,low,297,X,medium,243,X,medium,90
566,S,23,D,,19,A,,39,C,high,85,Z,high,278,,medium,297,X,high,293
567,S,22,,,7,C,,93,C,,49,Z,high,71,X,medium,227,,medium,
568,S,24,,low,76,B,low,21,D,medium,31,X,medium,158,X,low,36,Z,,316
569,C,64,,high,58,A,high,57,B,high,,Z,medium,216,Y,medium,414,X,medium,72
570,S,,D,low,51,B,unknown,46,,,1,,low,440,Y,high,321,X,medium,254
571,S,94,,medium,80,C,,,,unknown,48,Y,low,430,Z,low,126,Z,high,91
572,S,41,C,,41,,high,75,,low,55,Z,high,321,Z,low,42,Y,high,464
573,S,,D,high,40,D,,83,,medium,67,Y,medium,52,,high,443,X,high,175
574,Q,4,D,,20,B,unknown,11,D,,80,X,low,,Y,medium,166,Z,high,210
575,S,0,A,low,,A,high,,D,,36,X,high,229,Z,low,454,X,low,428
576,S,37,A,unknown,,,high,,D,high,,X,medium,326,Z,high,382,X,high,213
577,S,92,B,high,58,D,unknown,,,low,,X,,216,Y,low,479,Y,high,96
578,S,52,,,,A,unknown,66,D,medium,76,Y,high,360,Y,medium,329,,medium,446
579,C,89,C,,53,B,,63,,unknown,,,high,108,,medium,90,Y,low,323
580,S,10,,,29,,high,37,D,medium,3,Y,low,72,X,low,17,Y,low,302
581,S,9,B,high,,C,low,,B,medium,,Y,medium,109,Y,high,122,X,high,37
582,C,83,A,high,82,B,unknown,,,low,,X,low,461,Z,medium,219,,high,224
583,S,10,A,,,,unknown,82,B,,,Y,high,,X,low,311,Z,low,229
584,C,5,A,medium,25,,medium,89,A,low,50,Z,high,142,Z,high,447,Y,medium,131
585,C,40,,unknown,71,,high,29,C,medium,46,X,medium,171,X,medium,70,X,medium,282
586,S,92,C,,,A,,,A,high,37,,low,418,X,high,317,Z,low,122
587,S,68,B,,,,,32,A,,41,Z,high,179,Z,high,42,X,medium,235
588,C,9,B,medium,31,C,,3,,,1,Y,medium,446,Y,low,240,Z,high,400
589,S,83,B,unknown,35,A,unknown,16,,medium,10,,low,494,Y,high,36,Z,low,367
590,S,84,C,medium,,B,unknown,30,A,low,75,X,medium,325,,low,186,,high,139
591,S,80,D,low,1,A,low,98,D,medium,36,Z,medium,171,Y,,303,X,high,
592,C,90,,high,,D,unknown,20,D,,,Y,low,299,Y,medium,369,Y,medium,2
593,S,23,C,unknown,12,,,50,D,medium,39,,high,334,Z,medium,402,Z,low,172
594,Q,,,low,,D,low,,B,medium,99,Y,high,54,Y,low,,Y,low,9
595,S,,C,medium,55,,,35,A,medium,,Z,low,416,X,low,129,X,low,64
596,S,80,A,medium,,,high,91,,,18,,high,218,X,high,456,Z,medium,489
597,S,57,,low,34,B,unknown,9,C,high,58,,medium,422,Y,high,466,X,medium,427
598,S,77,A,high,77,,low,87,A,high,,Y,,305,Y,high,483,Z,low,279
599,C,,B,medium,,,,74,D,unknown,14,Z,high,430,,medium,395,Z,medium,387
600,C,64,,low,1,A,,,B,high,,Z,medium,40,X,high,388,Y,high,244
601,S,,,medium,,D,medium,76,,high,,Y,high,21,X,low,38,X,low,300
602,S,77,,unknown,2,,,42,A,high,73,X,high,55,X,high,,Z,high,458
603,S,73,,unknown,52,D,unknown,97,B,high,56,Z,high,437,Z,low,203,Z,low,39
604,S,,A,high,87,A,unknown,3,,low,65,Y,medium,496,Y,medium,129,Y,medium,
605,C,82,A,medium,,D,medium,2,,medium,26,Y,,499,Z,medium,34,X,low,59
606,S,,,unknown,,,,,C,,28,Z,high,166,Y,high,106,X,low,397
607,S,,C,low,,B,high,93,D,low,63,Y,high,132,X,low,457,X,high,411
608,S,,,high,78,A,low,6,C,unknown,35,Y,low,174,Y,medium,454,Y,medium,360
609,C,,D,,,,high,77,,,,X,medium,408,Z,low,371,Y,medium,304
610,S,85,D,high,28,,unknown,93,C,,15,Z,medium,125,Y,low,50,Y,medium,238
611,S,83,A,low,0,,,,,low,30,Y,medium,273,X,medium,343,Y,low,11
612,S,,,high,44,B,low,86,,unknown,10,Z,medium,323,X,high,63,Y,high,387
613,Q,78,B,high,61,,low,75,D,low,8,X,high,180,Z,low,341,X,medium,446
614,Q,38,A,unknown,,C,high,,C,,,Z,medium,236,X,,16,Y,low,482
615,S,68,,low,93,A,low,85,B,low,48,Y,high,332,Z,medium,142,Z,high,170
616,S,63,,,,,unknown,69,B,unknown,14,X,high,395,Z,high,61,Z,low,100
617,S,,,unknown,78,B,low,1,,low,9,X,low,94,X,low,466,Z,high,326
618,S,26,B,,2,,low,,,unknown,87,X,medium,256,Y,low,284,Z,low,8
619,S,6,B,high,85,,medium,,A,high,51,X,medium,77,Y,high,461,X,low,30
620,S,13,A,low,75,A,unknown,,,low,71,Y,high,7,Z,low,10,X,low,410
621,C,43,B,high,,C,,,,,72,Z,medium,322,Z,,369,Y,medium,478
622,S,47,A,,58,D,medium,,B,unknown,10,Z,medium,241,X,high,239,Y,medium,201
623,C,,D,,,D,high,29,,low,,Z,high,129,X,high,234,Z,low,253
624,S,41,,low,90,,,19,D,unknown,,Y,low,27,Z,low,436,Z,low,
625,S,60,D,high,55,A,unknown,8,D,,44,Y,medium,472,Y,high,23,Z,low,69
626,S,23,,,,,low,63,,,86,X,,413,X,,472,X,medium,111
627,Q,33,D,medium,61,D,unknown,95,D,medium,,X,high,,Y,low,14,Z,high,149
628,S,36,C,,68,C,unknown,,D,,,Y,low,56,X,medium,181,Z,low,
629,S,50,B,unknown,,C,,,D,medium,10,Z,high,7,X,low,69,Z,high,
630,Q,36,C,high,81,B,,,,unknown,61,X,low,108,Z,low,261,Y,medium,360
631,S,73,B,,20,C,medium,17,B,,88,X,low,50,X,low,297,X,low,97
632,S,32,A,,89,A,unknown,21,,,57,X,high,229,Z,low,321,X,low,476
633,C,43,B,low,55,,unknown,28,D,unknown,80,X,medium,322,X,medium,399,Z,high,441
634,S,37,,high,32,,high,68,,medium,53,X,medium,97,X,high,375,Z,high,237
635,S,,,high,,,,29,D,low,41,X,medium,198,Z,medium,474,,high,112
636,S,68,A,unknown,1,A,,82,,unknown,,X,high,269,X,low,224,Y,medium,488
637,S,23,,unknown,74,A,high,36,C,,15,Y,low,158,Y,medium,87,Y,high,404
638,S,29,C,,37,,,10,A,,,Z,low,230,Y,high,77,X,high,
639,S,79,,,84,D,unknown,9,B,,,X,medium,295,,high,137,Y,high,133
640,S,94,,medium,23,C,high,40,C,unknown,,X,high,476,Y,high,301,X,medium,
641,S,67,A,,92,,high,40,A,unknown,,Z,medium,155,,medium,27,Z,medium,185
642,C,91,,high,94,B,low,,A,high,99,X,high,44,X,medium,477,Z,high,337
643,S,85,D,unknown,10,C,,47,C,,23,Z,high,434,X,low,494,X,high,416
644,S,48,C,,64,D,,16,A,medium,72,Y,high,288,X,medium,82,Z,medium,244
645,C,,,,93,B,,21,,high,87,Z,medium,236,Y,medium,390,Z,low,24
646,C,32,B,,32,C,high,56,B,unknown,83,X,medium,360,Y,low,,Y,medium,281
647,S,,A,unknown,,C,medium,33,,low,,,low,490,X,low,240,Y,medium,429
648,C,,A,high,,D,unknown,67,,,17,Y,low,63,X,high,367,X,high,111
649,S,96,A,low,47,D,,92,,high,46,X,,430,Z,low,287,Z,low,479
650,S,84,D,low,2,C,low,35,C,high,77,X,high,318,X,,161,X,low,181
651,S,,C,unknown,84,C,,55,C,unknown,61,Z,high,292,Y,medium,281,Z,high,342
652,S,65,B,unknown,,D,medium,,B,,,X,medium,432,Z,low,67,Y,high,350
653,S,20,D,unknown,,,low,21,,low,21,Y,medium,152,Z,high,127,Z,low,91
654,Q,,A,low,25,,,51,D,low,65,Z,high,393,Z,high,486,Y,low,
655,Q,,A,high,1,C,high,30,D,unknown,42,X,low,285,Y,high,92,Z,medium,474
656,S,53,B,unknown,,C,,62,D,,,X,low,467,Y,low,299,Y,high,350
657,S,76,D,high,2,A,low,74,,high,93,Y,high,233,Z,,,Y,high,315
658,Q,63,C,high,79,C,unknown,14,C,medium,0,X,medium,360,Z,low,232,Y,medium,151
659,S,,D,,51,,unknown,18,A,medium,23,Z,low,248,X,low,123,,low,54
660,C,28,,low,,,high,2,D,unknown,91,X,low,196,Z,,284,Y,medium,135
661,S,,,medium,81,C,low,1,A,,,X,,187,Z,high,278,,low,273
662,C,73,A,,89,,,,,,30,X,low,460,Z,low,308,Y,medium,346
663,S,3,A,low,12,D,high,70,D,unknown,,X,medium,418,X,high,154,Y,low,159
664,S,,C,low,,C,high,,,unknown,,X,high,112,Y,low,289,Y,low,107
665,S,,,,12,B,,40,D,high,,Y,high,432,X,high,364,Y,high,124
666,S,69,D,unknown,68,D,unknown,,B,low,30,Y,high,291,X,medium,359,X,high,480
667,S,50,D,high,56,B,unknown,72,,high,53,Y,high,,Y,low,283,Z,,
668,S,86,C,high,8,B,high,80,A,high,,X,low,382,X,high,149,Y,medium,495
669,S,91,B,,23,,,73,,high,,X,low,81,X,high,266,Z,medium,3
670,S,,A,low,53,D,high,,,low,79,X,low,436,X,high,268,Y,low,229
671,S,,C,medium,,C,low,52,B,,62,X,high,227,,medium,475,Y,medium,228
672,S,61,C,,34,,,52,A,unknown,,Z,medium,458,X,high,188,Y,medium,200
673,S,,D,unknown,,D,,64,A,medium,98,X,high,241,Z,high,,Z,high,195
674,S,9,C,,99,A,low,79,B,medium,,X,,42,Z,high,,X,medium,39
675,S,62,A,,76,,high,,,low,89,Y,high,383,Z,medium,317,,high,16
676,S,,,medium,,C,high,67,C,unknown,,X,medium,363,Z,low,213,X,medium,389
677,S,58,,medium,,D,,83,A,low,92,Y,high,151,Y,medium,0,Z,low,220
678,S,,A,unknown,,B,high,,,medium,78,Y,low,102,Y,medium,352,Y,medium,81
679,S,52,D,medium,51,D,unknown,41,C,medium,21,,high,431,,low,368,Z,high,
680,C,93,A,unknown,44,A,unknown,,B,,20,X,medium,389,Y,low,465,,low,466
681,Q,72,,,83,D,medium,2,,,54,,low,148,Y,,251,X,high,233
682,C,13,D,,,A,,,D,unknown,50,Z,low,350,Y,,257,Y,medium,495
683,S,95,,,,,,80,B,unknown,23,Y,,120,X,,104,X,high,80
684,S,95,A,medium,,,high,17,,high,26,X,low,90,Z,high,229,Y,high,61
685,S,16,D,,6,D,low,,B,low,89,Y,high,,,high,0,X,medium,281
686,C,80,A,,69,D,,90,,unknown,,Y,low,416,Z,low,250,X,,341
687,S,,C,,65,,high,49,,medium,,Z,medium,459,X,low,,X,low,490
688,S,59,D,unknown,58,D,medium,48,B,,,Z,medium,230,Z,high,392,Y,high,232
689,S,44,C,low,5,B,high,42,A,medium,15,Y,medium,71,X,high,331,Z,high,100
690,S,78,A,low,49,C,low,37,,,,X,medium,271,X,medium,402,Y,low,270
691,S,99,D,high,89,A,medium,38,A,,,,high,340,,high,332,X,,153
692,C,79,A,medium,23,A,high,55,C,,64,X,high,485,X,low,389,X,medium,89
693,S,,C,,69,A,high,,A,,,Z,high,56,X,medium,218,Z,low,44
694,C,94,,low,85,C,unknown,,A,,23,Y,,328,Z,medium,301,,low,361
695,S,9,,,,,unknown,86,D,medium,18,Y,high,256,X,low,319,Y,low,321
696,S,25,,medium,51,D,,11,A,unknown,,,,294,Z,high,286,Y,low,83
697,S,72,A,medium,,,low,30,B,,7,Y,high,46,X,medium,285,Y,low,279
698,Q,59,D,high,69,C,,75,C,unknown,,Y,low,8,Y,low,390,Z,low,442
699,C,5,A,,,,low,54,B,medium,86,X,low,303,Y,low,119,Z,medium,409
700,S,9,,medium,,B,,33,B,medium,30,Y,high,99,Z,,158,,medium,226
701,C,52,,low,,A,low,31,,low,,X,high,306,Z,,259,Y,low,28
702,S,61,C,high,71,,,11,,,,X,low,13,Z,high,322,Z,low,317
703,C,16,C,low,24,C,low,,D,low,25,X,high,400,Z,low,257,Y,medium,258
704,Q,17,C,medium,75,,high,,C,medium,6,Y,low,166,X,medium,99,,high,460
705,S,,C,,54,C,,41,D,unknown,,Z,low,,X,medium,411,Z,high,276
706,S,56,D,low,93,D,high,,C,high,2,X,high,172,Y,medium,272,X,high,368
707,S,,,medium,65,C,high,27,,high,42,X,low,209,X,,216,Y,low,264
708,S,,D,,,A,low,,,unknown,3,Y,low,265,Y,high,439,Y,high,270
709,S,47,D,unknown,97,B,,,C,unknown,,X,high,322,Y,high,218,,low,158
710,C,,D,unknown,99,D,unknown,40,C,unknown,,X,medium,344,X,medium,80,Y,low,201
711,C,,,low,74,A,high,25,D,,32,Y,medium,495,X,high,492,X,low,147
712,S,,D,high,59,A,medium,63,,,,Y,high,89,Z,low,191,Y,low,231
713,S,72,A,high,11,D,unknown,54,B,,,X,low,435,Y,low,447,Y,medium,475
714,S,76,D,medium,,,,57,A,,,X,high,300,Z,low,258,Y,low,170
715,S,,C,medium,47,D,,,,high,,X,low,154,,low,121,Y,high,231
716,S,79,,,78,,low,72,,medium,36,Z,medium,458,Y,high,188,Z,high,473
717,C,51,C,medium,58,C,,,D,,,Y,low,353,Z,low,455,Z,medium,75
718,S,,B,low,43,C,,83,C,low,25,,low,92,X,,472,Z,low,126
719,Q,,,,,A,low,42,A,,,X,low,87,X,medium,68,X,high,246
720,S,59,D,medium,,,,40,C,medium,73,Z,medium,329,Z,high,493,Z,low,204
721,S,13,A,,,,,38,B,low,75,,high,364,Z,low,426,Z,high,170
722,S,93,B,low,,D,medium,42,,unknown,51,Z,low,22,X,high,323,Z,high,389
723,S,84,,low,,,low,66,B,medium,75,Z,medium,314,Y,medium,91,Z,low,249
724,S,,,unknown,87,D,low,49,C,medium,59,Y,high,265,Y,low,293,Z,low,182
725,S,78,D,low,11,D,unknown,12,A,medium,,Z,high,,Z,low,212,Z,high,
726,S,11,A,high,40,A,unknown,56,C,medium,35,Z,high,370,Y,high,62,Z,high,443
727,S,,C,high,51,,,,D,unknown,51,Z,low,454,X,high,491,Y,medium,491
728,Q,8,D,high,,C,low,10,,high,,X,medium,17,Z,high,301,Y,low,121
729,S,48,D,unknown,16,C,,,A,low,76,X,medium,382,Z,medium,48,Y,medium,20
730,S,65,A,,,D,,31,A,low,,Z,medium,166,Y,high,170,Z,medium,15
731,S,72,,,59,,medium,,,,5,Z,low,276,Z,low,419,Y,low,222
732,C,41,,low,,,medium,17,D,,49,Y,low,438,X,low,221,,high,314
733,S,,,,16,B,high,,D,,7,X,high,434,X,high,247,Z,medium,25
734,S,,B,high,42,D,,,,unknown,19,Y,low,112,Z,low,71,X,low,254
735,S,20,,unknown,72,D,,13,B,medium,37,Y,high,120,Y,medium,,Z,,199
736,S,,,medium,73,,unknown,,A,,0,Y,low,361,X,medium,488,Y,medium,466
737,S,,B,,19,C,unknown,31,B,low,22,Y,medium,,Z,low,476,Z,medium,301
738,C,,,unknown,,,medium,58,B,medium,54,,medium,306,X,high,47,X,,211
739,S,,,high,89,,,56,C,medium,37,Y,high,27,X,low,274,X,low,293
740,S,89,A,unknown,22,A,,,D,,89,Z,high,81,Y,high,340,Z,low,67
741,S,81,A,,2,C,medium,58,D,,9,X,low,374,Y,low,440,Z,low,237
742,S,76,C,medium,95,,unknown,56,,low,,Z,high,370,Z,,279,Y,low,164
743,C,,B,,52,A,,8,A,high,59,Z,low,448,Y,low,434,Y,medium,90
744,S,27,,high,77,,,,,medium,64,Y,high,266,X,medium,,Y,medium,196
745,S,79,D,low,32,,,11,B,medium,67,Y,high,213,Z,low,7,Y,high,319
746,S,36,A,unknown,,A,,43,B,low,5,Y,low,56,Y,low,232,,,291
747,S,53,B,low,,D,medium,36,C,low,79,Y,medium,390,,medium,132,Y,medium,481
748,S,31,C,medium,,A,,,C,medium,33,Z,high,474,,high,377,Y,low,137
749,S,31,D,,47,C,unknown,,D,medium,65,,high,22,Y,high,168,X,low,349
750,Q,,C,high,,,unknown,,C,,,Y,medium,245,Y,high,203,Y,low,275
751,S,,B,high,,B,low,41,,unknown,39,,low,177,X,high,267,Z,low,436
752,S,14,,unknown,,A,unknown,6,A,,70,Y,medium,372,Y,high,480,Z,low,454
753,S,,D,,91,,,0,,medium,93,Y,high,381,Y,high,35,Y,high,353
754,S,93,B,,,A,,54,D,,87,Y,medium,108,Z,medium,276,Y,medium,211
755,S,55,D,,,,medium,,D,high,,Y,low,476,Z,high,194,X,high,266
756,S,43,D,unknown,51,D,medium,54,B,medium,53,Y,low,68,Z,high,18,Y,low,325
757,S,73,,medium,,D,,72,,,52,Z,low,390,Y,medium,407,Y,low,402
758,S,38,A,,82,,unknown,75,A,,96,Z,medium,,Y,low,456,X,low,114
759,S,,D,unknown,72,D,,87,A,medium,20,Z,,81,Y,low,86,X,medium,436
760,S,,A,,14,,,,C,,95,Y,medium,336,X,medium,379,Y,medium,400
761,S,17,B,low,58,D,medium,88,C,low,64,Z,high,135,X,medium,350,Z,medium,44
762,S,55,,unknown,53,,low,79,C,unknown,,Z,medium,137,Z,medium,352,Y,high,134
763,C,,C,high,,,low,43,,,,X,medium,43,X,high,230,Z,medium,117
764,S,93,B,high,,B,medium,50,B,medium,81,Z,medium,373,Z,,160,,high,289
765,S,36,C,unknown,,B,,61,A,high,,Z,medium,403,Z,medium,35,Z,low,104
766,S,78,,medium,,,,,,,,Y,high,252,Z,high,17,Z,medium,150
767,C,61,D,,51,B,unknown,67,C,,,Z,low,387,X,high,88,Y,medium,94
768,Q,47,,high,,,unknown,58,B,medium,72,X,medium,174,Y,medium,263,Z,medium,33
769,Q,,A,low,,A,high,52,C,unknown,91,Z,low,282,Z,medium,70,X,high,229
770,S,37,B,low,4,B,,,B,low,,Y,low,393,Y,low,343,X,medium,159
771,S,65,A,,35,,unknown,68,C,unknown,,Z,low,215,Y,medium,309,Y,medium,252
772,S,98,D,,,D,medium,93,B,high,4,Y,medium,308,Z,low,172,X,,106
773,S,0,,high,,A,medium,97,B,low,63,Y,high,72,Z,medium,43,Z,medium,143
774,C,,B,medium,,C,low,82,A,low,,Y,high,253,X,medium,258,Z,medium,446
775,S,,,low,,D,high,29,C,high,96,Y,low,425,,low,411,X,low,402
776,S,,,high,44,D,low,,D,,,Z,high,386,Y,high,196,Z,low,133
777,Q,42,B,unknown,75,D,high,29,C,low,91,Z,low,150,Y,low,,X,low,80
778,S,11,,medium,33,A,,,,high,,X,low,272,Z,medium,143,X,medium,487
779,Q,,A,low,15,B,low,,,unknown,0,Y,medium,309,X,medium,40,Z,high,
780,S,85,B,,84,D,high,88,A,high,,X,high,469,X,,324,Z,low,246
781,C,87,B,,77,D,medium,68,D,high,63,X,medium,414,Z,medium,444,Z,high,349
782,S,63,D,,,C,medium,68,A,low,,Z,low,409,Y,low,441,Y,high,110
783,S,12,D,medium,,D,high,95,C,high,17,Z,medium,376,Z,low,479,Y,low,214
784,S,,D,medium,77,C,,68,D,high,91,Z,low,179,X,high,53,X,,195
785,S,,,low,74,A,unknown,14,D,low,,Y,,188,Y,low,21,Z,high,360
786,S,58,,medium,,D,medium,,B,medium,41,Y,low,232,Y,medium,284,Z,medium,91
787,S,,B,unknown,,A,medium,35,D,,29,Z,medium,213,Z,low,475,Y,,244
788,Q,68,B,medium,59,B,unknown,63,,unknown,,X,low,478,X,medium,498,Z,high,416
789,S,,,high,,A,low,63,A,low,,,high,437,X,medium,139,Y,medium,
790,C,,D,low,77,C,,29,,high,11,,low,447,Y,medium,187,Z,medium,59
791,Q,,A,low,46,A,unknown,,D,high,,Y,low,303,Y,high,332,Y,high,410
792,S,45,B,high,90,,medium,8,D,high,98,Y,high,95,Z,low,456,X,low,436
793,S,,C,low,,D,low,29,D,high,23,X,high,71,Z,medium,87,Y,medium,215
794,C,,C,medium,,,medium,82,B,unknown,77,Y,,137,X,low,487,Y,low,22
795,S,43,B,medium,91,,unknown,65,B,,2,Z,low,325,X,medium,408,X,medium,270
796,S,29,C,low,47,D,unknown,94,,high,89,X,low,182,Y,low,34,Z,high,149
797,S,96,,high,,B,unknown,,A,high,65,Y,high,327,Z,low,420,X,medium,293
798,S,,A,unknown,,C,,85,,high,22,X,high,439,Y,high,320,Z,high,69
799,C,31,,low,87,,,17,C,unknown,88,X,high,167,Z,,489,Z,low,402
800,S,,C,unknown,75,A,medium,,C,low,,Y,high,463,X,low,104,Y,,342
801,S,1,,high,16,A,,5,B,unknown,99,Y,low,255,Z,low,496,,high,322
802,S,,,,49,A,unknown,9,D,high,59,Y,high,401,X,low,23,Y,low,256
803,S,51,,low,37,D,,23,C,unknown,44,X,medium,,Z,low,,Z,low,110
804,C,91,C,unknown,64,D,unknown,28,A,medium,5,Y,high,137,Z,high,223,X,high,469
805,S,,C,low,,,,1,,,26,X,medium,465,X,medium,328,,,132
806,S,,,,71,,,,D,,5,Y,high,443,X,medium,83,Y,low,183
807,S,,D,high,74,,unknown,52,A,,85,Z,,285,Y,medium,136,X,high,463
808,S,11,D,medium,,D,low,65,C,unknown,,Y,high,16,Z,medium,194,Z,low,20
809,S,,A,low,15,,,65,A,,11,Z,medium,29,X,medium,,Y,medium,62
810,S,99,D,,62,,,96,,low,,Y,low,211,X,medium,87,X,low,380
811,S,4,A,low,,,,,,high,97,Z,medium,449,Z,high,74,X,medium,183
812,S,87,,high,94,,low,34,B,high,97,Z,medium,188,Z,low,477,X,low,289
813,S,68,,unknown,77,B,,,,high,71,Z,low,442,X,medium,468,Y,low,290
814,S,28,B,medium,95,,unknown,55,A,low,7,Y,high,267,Z,low,314,Y,high,413
815,S,,,,53,B,medium,52,C,,50,X,low,67,Z,medium,341,Y,low,310
816,S,83,B,low,93,,medium,79,D,medium,94,Y,medium,280,,high,68,Y,low,213
817,S,4,C,,1,,medium,56,B,high,9,Z,,182,X,high,25,Y,low,274
818,C,10,A,low,28,,,23,D,unknown,79,Y,high,112,Z,medium,188,Y,high,369
819,S,66,C,low,0,B,high,,B,high,1,Z,medium,337,X,,492,X,medium,189
820,S,99,B,high,67,,high,96,A,,,Z,high,102,X,high,238,X,low,85
821,S,,C,,51,A,,,C,unknown,,Z,high,452,X,medium,403,Z,medium,243
822,S,66,D,,28,,medium,59,D,,,,low,401,Y,high,184,Z,medium,499
823,S,13,,,30,C,unknown,17,B,unknown,41,X,high,391,,,154,X,medium,56
824,S,65,,,,,unknown,0,D,,,Y,medium,38,,low,406,X,low,86
825,S,62,B,high,18,B,high,,C,unknown,84,Y,,480,X,high,235,Y,high,497
826,Q,9,,,51,A,,2,,,32,Z,low,246,X,,365,Y,high,414
827,S,68,B,unknown,61,,medium,45,,,64,,medium,366,X,high,363,Y,high,58
828,C,89,A,,23,,high,88,B,,46,X,high,95,Z,low,363,Y,high,106
829,Q,,C,,22,C,medium,,A,low,43,X,high,384,X,medium,,X,low,345
830,,2,B,medium,,,,,,,79,Y,high,,X,,404,Y,medium,391
831,C,,A,,,,,85,,low,22,X,high,353,X,low,231,Z,high,366
832,S,,A,high,25,D,low,,C,medium,,Y,medium,138,X,high,151,Y,,430
833,C,45,,unknown,37,,,65,C,unknown,48,X,high,466,Z,low,256,Z,high,
834,S,14,D,unknown,54,C,,78,A,,,Z,low,354,X,low,162,Z,medium,438
835,S,85,,medium,18,B,low,,,low,,Y,high,226,Y,low,21,Z,high,298
836,C,77,A,,56,D,unknown,42,B,medium,34,Z,low,228,Y,high,180,Y,low,237
837,S,80,B,low,13,,,39,C,,66,Y,medium,0,X,low,250,Y,high,318
838,S,19,D,unknown,14,B,unknown,,B,,47,X,high,149,Y,medium,260,,high,214
839,S,1,C,low,23,C,medium,40,D,,,X,,394,X,low,170,X,low,303
840,C,91,A,,28,,unknown,,A,high,52,Z,high,415,Y,medium,362,Y,high,416
841,S,28,,medium,2,D,,18,A,,,Y,high,499,X,medium,142,X,low,479
842,S,65,B,unknown,96,B,,17,B,low,,Z,medium,42,Y,low,323,Y,high,289
843,C,90,D,,,D,low,71,A,unknown,44,Z,low,125,Y,low,134,X,high,2
844,C,3,A,medium,,,,76,A,,43,Y,high,383,Y,medium,493,Y,low,310
845,S,0,D,,,,medium,67,C,medium,27,Y,medium,180,X,,324,Z,medium,125
846,S,0,C,low,80,B,,,D,,,X,high,124,Z,medium,278,Y,medium,
847,S,15,,,83,D,low,0,C,,,X,medium,140,X,medium,214,Z,,440
848,C,5,,low,10,C,unknown,,,medium,,X,high,459,X,low,377,Y,low,223
849,S,81,,,37,,high,46,,,69,X,medium,428,X,low,212,Z,high,395
850,C,60,D,medium,,D,unknown,,B,,41,Y,low,2,Z,medium,401,X,low,184
851,S,,A,,57,,high,92,A,unknown,70,Z,low,420,X,high,79,Z,low,303
852,S,,B,medium,0,D,low,86,D,medium,71,Y,high,278,Y,low,410,Z,high,332
853,C,96,A,,,D,medium,77,,low,52,Y,high,422,Z,medium,480,Z,medium,446
854,S,23,A,low,,,medium,2,B,,,Z,low,311,X,high,121,X,high,98
855,S,,A,,,,low,,,unknown,,Z,high,344,X,medium,111,Z,,280
856,S,84,,,38,,unknown,43,C,high,15,,,288,,low,477,Z,high,202
857,S,24,A,,,B,unknown,,A,,,X,medium,367,Z,high,203,X,,231
858,S,,,,30,A,,,A,unknown,95,Y,high,407,Z,medium,347,Y,low,424
859,C,66,A,,29,B,high,29,C,,40,X,low,254,Y,medium,95,Y,high,67
860,C,80,A,unknown,34,A,high,11,,high,31,X,medium,56,Z,high,213,,high,273
861,S,96,D,high,30,C,high,32,C,medium,79,Y,,46,Z,,351,Y,high,193
862,S,92,A,,,C,low,79,B,high,60,Y,medium,207,X,high,447,Y,high,448
863,S,,,medium,4,C,high,,A,unknown,,,low,236,X,medium,218,X,low,108
864,S,77,A,high,27,C,unknown,,,low,9,X,,431,X,high,37,Y,high,116
865,S,84,A,,31,B,,59,B,,80,Z,medium,16,Z,high,206,Y,low,45
866,S,69,C,high,,C,high,9,,unknown,,Y,low,444,,high,321,Z,high,219
867,C,81,D,,87,D,,,,,,Y,medium,27,Z,low,437,X,medium,5
868,S,,C,,67,A,high,15,,,,,medium,249,Y,low,416,Z,low,250
869,S,,C,high,,B,,26,,,,X,high,211,Z,high,379,,,111
870,S,4,A,high,,D,medium,97,,medium,,Y,medium,278,,medium,82,Z,high,200
871,S,45,D,medium,,,,50,A,low,,X,medium,21,Z,high,,X,medium,302
872,S,,A,low,90,D,unknown,19,,low,63,X,medium,381,Z,high,288,Y,high,342
873,S,11,C,low,45,,low,50,A,low,84,Z,medium,67,X,medium,234,Y,low,30
874,S,12,B,,68,B,medium,7,B,,61,Z,low,389,Z,,461,Z,low,74
875,C,69,D,medium,38,A,,31,A,unknown,77,Y,high,283,Z,low,479,Z,low,158
876,C,50,B,,49,D,,,D,,34,X,medium,444,X,high,105,Y,low,259
877,S,,,,48,,medium,,A,unknown,28,X,medium,489,Z,low,478,X,medium,441
878,S,74,,,,A,high,89,,,26,Y,low,421,Y,low,423,Z,medium,69
879,S,54,C,medium,,A,low,,A,medium,11,,high,226,X,low,352,Y,low,33
880,C,63,D,high,73,C,medium,65,A,medium,27,Y,medium,207,Z,high,190,X,medium,314
881,S,8,C,,2,D,unknown,70,C,high,24,Y,low,,,medium,380,Z,low,489
882,S,85,,high,13,D,high,55,D,,75,X,low,324,Y,high,293,,medium,415
883,S,,B,low,84,D,unknown,3,A,,,X,medium,395,Z,medium,449,Y,high,282
884,S,,C,medium,56,,low,91,A,unknown,,X,high,241,X,medium,355,,medium,9
885,S,81,B,,,D,medium,,B,medium,73,Y,low,231,X,low,482,Y,,
886,Q,73,,high,60,D,unknown,65,D,,,X,low,58,,medium,209,X,low,228
887,S,5,B,,,,,55,A,low,,X,medium,84,Z,medium,41,Z,high,223
888,S,19,A,low,89,B,,65,A,unknown,,Y,medium,,Y,high,245,Z,low,246
889,S,1,A,,66,D,medium,35,B,high,21,Y,high,494,Y,high,498,Z,high,280
890,C,27,B,,,D,unknown,84,B,unknown,78,Z,high,300,Z,high,327,,,360
891,Q,,D,unknown,,A,medium,22,A,high,3,Y,medium,172,Z,high,351,Y,medium,96
