id,SibSp,Parch,Ticket,Fare,Cabin,Embarked,ExtraCol1,ExtraCol2,ExtraCol3,ExtraCol4,ExtraCol5,ExtraCol6,ExtraCol7,ExtraCol8,ExtraCol9,ExtraCol10
1,1,0,A/5 21171,7.25,,S,8,,,27,,high,57,C,low,90
2,1,0,PC 17599,71.2833,C85,C,77,,,,,low,62,D,,97
3,0,0,STON/O2. 3101282,7.925,,S,,,medium,26,D,unknown,65,D,high,51
4,1,0,113803,53.1,C123,S,43,D,high,,C,high,19,,,59
5,0,0,373450,8.05,,S,,D,low,17,A,,57,C,low,19
6,0,0,330877,8.4583,,Q,85,C,,18,C,medium,26,C,,41
7,0,0,17463,51.8625,E46,S,8,B,,92,D,medium,27,,,62
8,3,1,349909,21.075,,S,,,medium,55,A,low,94,D,low,42
9,0,2,347742,11.1333,,S,,A,,4,B,,,A,,
10,1,0,237736,30.0708,,C,,B,unknown,,D,,,C,,13
11,1,1,PP 9549,16.7,G6,S,52,,high,,B,unknown,,B,,15
12,0,0,113783,26.55,C103,S,97,C,high,,D,,24,A,high,33
13,0,0,A/5. 2151,8.05,,S,73,B,low,54,C,high,78,,,
14,1,5,347082,31.275,,S,76,,,64,C,medium,,A,,81
15,0,0,350406,7.8542,,S,71,C,,,C,medium,71,,,86
16,0,0,248706,16,,S,,,unknown,81,C,,,,unknown,
17,4,1,382652,29.125,,Q,51,D,high,,,medium,,,,
18,0,0,244373,13,,S,12,C,unknown,96,D,unknown,72,A,,
19,1,0,345763,18,,S,83,C,,,B,low,33,D,unknown,53
20,0,0,2649,7.225,,C,45,D,low,32,,low,96,A,medium,70
21,0,0,239865,26,,S,50,,low,72,C,unknown,86,B,,72
22,0,0,248698,13,D56,S,37,D,high,89,C,unknown,59,B,,96
23,0,0,330923,8.0292,,Q,,B,,,B,unknown,,C,,57
24,0,0,113788,35.5,A6,S,92,A,medium,98,B,medium,59,B,high,34
25,3,1,349909,21.075,,S,78,,,19,C,medium,69,,,
26,1,5,347077,31.3875,,S,64,A,high,41,,low,,D,low,
27,0,0,2631,7.225,,C,,A,medium,31,B,medium,14,D,low,80
28,3,2,19950,263,C23 C25 C27,S,,,low,42,D,high,56,A,high,
29,0,0,330959,7.8792,,Q,,,high,,B,medium,80,D,,
30,0,0,349216,7.8958,,S,44,A,high,73,C,medium,31,A,unknown,31
31,0,0,PC 17601,27.7208,,C,45,D,,,A,,45,,unknown,5
32,1,0,PC 17569,146.5208,B78,C,22,,,25,,,,D,high,
33,0,0,335677,7.75,,Q,9,B,medium,,D,high,70,A,,12
34,0,0,C.A. 24579,10.5,,S,55,C,high,,,high,86,A,high,8
35,1,0,PC 17604,82.1708,,C,88,B,,65,D,high,,,medium,70
36,1,0,113789,52,,S,,C,,69,,unknown,,,high,43
37,0,0,2677,7.2292,,C,85,D,medium,66,B,low,4,D,low,
38,0,0,A./5. 2152,8.05,,S,82,A,,60,D,medium,,C,unknown,
39,2,0,345764,18,,S,,A,,,B,high,94,C,unknown,
40,1,0,2651,11.2417,,C,63,D,unknown,,,,8,D,medium,61
41,1,0,7546,9.475,,S,16,C,low,90,A,unknown,,,medium,53
42,1,0,11668,21,,S,,C,unknown,38,B,,83,,medium,58
43,0,0,349253,7.8958,,C,70,B,medium,51,B,low,,D,,70
44,1,2,SC/Paris 2123,41.5792,,C,35,,,18,,medium,17,,,38
45,0,0,330958,7.8792,,Q,6,C,low,35,A,medium,2,A,medium,
46,0,0,S.C./A.4. 23567,8.05,,S,97,C,low,,D,unknown,,A,high,
47,1,0,370371,15.5,,Q,44,A,unknown,64,A,medium,59,B,,14
48,0,0,14311,7.75,,Q,89,C,,21,,,84,A,medium,21
49,2,0,2662,21.6792,,C,67,C,,54,C,,88,,low,8
50,1,0,349237,17.8,,S,77,A,,,A,medium,45,,high,
51,4,1,3101295,39.6875,,S,75,B,unknown,12,,high,42,B,,43
52,0,0,A/4. 39886,7.8,,S,19,,medium,6,D,high,93,B,unknown,
53,1,0,PC 17572,76.7292,D33,C,36,,unknown,,D,,,,low,92
54,1,0,2926,26,,S,46,,unknown,65,A,medium,20,,,
55,0,1,113509,61.9792,B30,C,49,,unknown,31,C,low,,,medium,55
56,0,0,19947,35.5,C52,S,4,C,high,82,,low,71,B,high,
57,0,0,C.A. 31026,10.5,,S,54,B,,84,,,23,D,low,
58,0,0,2697,7.2292,,C,15,D,high,53,C,high,97,A,low,76
59,1,2,C.A. 34651,27.75,,S,74,,low,,C,,29,B,,90
60,5,2,CA 2144,46.9,,S,68,D,,,C,unknown,,,,96
61,0,0,2669,7.2292,,C,92,,high,82,,,49,C,,38
62,0,0,113572,80,B28,,74,B,unknown,89,,low,69,,,48
63,1,0,36973,83.475,C83,S,36,,,,,high,90,D,unknown,
64,3,2,347088,27.9,,S,,C,high,51,C,,39,,,5
65,0,0,PC 17605,27.7208,,C,,A,,,A,high,,D,medium,11
66,1,1,2661,15.2458,,C,32,B,,,A,medium,75,,,4
67,0,0,C.A. 29395,10.5,F33,S,,B,,13,C,unknown,,A,,73
68,0,0,S.P. 3464,8.1583,,S,,A,unknown,67,,high,,,,22
69,4,2,3101281,7.925,,S,7,,medium,92,A,,75,A,low,
70,2,0,315151,8.6625,,S,,C,,75,,medium,70,,high,37
71,0,0,C.A. 33111,10.5,,S,79,D,,48,D,unknown,,C,low,79
72,5,2,CA 2144,46.9,,S,18,A,,52,C,high,,B,,11
73,0,0,S.O.C. 14879,73.5,,S,,B,,25,D,high,1,,medium,32
74,1,0,2680,14.4542,,C,12,A,high,,D,medium,,,unknown,
75,0,0,1601,56.4958,,S,68,,unknown,24,D,,,C,low,
76,0,0,348123,7.65,F G73,S,47,,unknown,34,A,unknown,,A,,56
77,0,0,349208,7.8958,,S,,,low,26,,medium,,A,,16
78,0,0,374746,8.05,,S,22,,low,33,,low,30,,,66
79,0,2,248738,29,,S,,A,,36,A,medium,89,C,high,96
80,0,0,364516,12.475,,S,66,C,,8,,,70,,low,4
81,0,0,345767,9,,S,94,C,unknown,,,,56,,medium,8
82,0,0,345779,9.5,,S,43,D,low,44,,low,88,B,high,95
83,0,0,330932,7.7875,,Q,16,D,low,94,,low,9,C,unknown,
84,0,0,113059,47.1,,S,83,D,unknown,,A,medium,64,,unknown,91
85,0,0,SO/C 14885,10.5,,S,62,C,unknown,66,B,medium,15,D,,70
86,3,0,3101278,15.85,,S,70,,low,,,low,23,A,medium,
87,1,3,W./C. 6608,34.375,,S,9,B,medium,,B,medium,18,D,,
88,0,0,SOTON/OQ 392086,8.05,,S,31,A,,49,,,54,,,51
89,3,2,19950,263,C23 C25 C27,S,,B,,44,A,low,62,C,,36
90,0,0,343275,8.05,,S,,B,,65,,medium,75,A,medium,83
91,0,0,343276,8.05,,S,43,A,,,B,,,C,unknown,4
92,0,0,347466,7.8542,,S,,A,low,31,B,,93,,medium,
93,1,0,W.E.P. 5734,61.175,E31,S,,C,medium,,D,,37,C,,55
94,1,2,C.A. 2315,20.575,,S,38,B,high,18,,,,B,high,97
95,0,0,364500,7.25,,S,89,,high,,,high,3,C,,99
96,0,0,374910,8.05,,S,28,B,,,,,12,C,medium,59
97,0,0,PC 17754,34.6542,A5,C,23,D,unknown,95,A,unknown,,B,high,42
98,0,1,PC 17759,63.3583,D10 D12,C,68,C,unknown,,,,41,D,unknown,27
99,0,1,231919,23,,S,,A,,39,C,,,C,unknown,99
100,1,0,244367,26,,S,13,A,,,B,unknown,12,,unknown,
101,0,0,349245,7.8958,,S,83,C,high,80,B,,26,,high,12
102,0,0,349215,7.8958,,S,,C,,48,B,low,98,D,,50
103,0,1,35281,77.2875,D26,S,80,B,medium,96,,unknown,2,B,high,39
104,0,0,7540,8.6542,,S,0,C,low,,B,,42,C,,49
105,2,0,3101276,7.925,,S,79,,medium,70,,,19,A,unknown,
106,0,0,349207,7.8958,,S,,,,75,C,high,53,B,unknown,26
107,0,0,343120,7.65,,S,,A,unknown,,A,unknown,97,C,unknown,
108,0,0,312991,7.775,,S,66,B,unknown,,,low,22,D,high,
109,0,0,349249,7.8958,,S,,,,58,C,low,37,C,,32
110,1,0,371110,24.15,,Q,,D,low,,,unknown,44,,medium,0
111,0,0,110465,52,C110,S,,D,low,11,,high,79,B,,67
112,1,0,2665,14.4542,,C,78,,medium,13,A,low,,C,unknown,85
113,0,0,324669,8.05,,S,55,A,,,C,unknown,,,unknown,
114,1,0,4136,9.825,,S,45,,unknown,65,B,,48,A,medium,16
115,0,0,2627,14.4583,,C,,A,,28,C,medium,,A,,76
116,0,0,STON/O 2. 3101294,7.925,,S,,,,73,A,medium,0,C,,14
117,0,0,370369,7.75,,Q,3,,,69,,high,80,D,low,62
118,1,0,11668,21,,S,13,,medium,,,low,24,,,70
119,0,1,PC 17558,247.5208,B58 B60,C,24,A,,91,B,medium,,D,,15
120,4,2,347082,31.275,,S,11,,high,88,,,97,,medium,11
121,2,0,S.O.C. 14879,73.5,,S,43,C,low,,C,low,63,C,unknown,7
122,0,0,A4. 54510,8.05,,S,,,medium,76,,unknown,,D,,70
123,1,0,237736,30.0708,,C,65,D,high,,,low,60,,high,61
124,0,0,27267,13,E101,S,47,D,medium,40,A,unknown,21,,low,11
125,0,1,35281,77.2875,D26,S,85,C,,,D,low,69,C,unknown,50
126,1,0,2651,11.2417,,C,56,,,60,A,medium,61,C,,79
127,0,0,370372,7.75,,Q,7,B,unknown,41,C,low,,,,23
128,0,0,C 17369,7.1417,,S,76,D,low,99,,,7,B,,60
129,1,1,2668,22.3583,F E69,C,57,,low,17,D,high,64,D,high,29
130,0,0,347061,6.975,,S,63,,high,9,,low,,,unknown,
131,0,0,349241,7.8958,,C,56,A,medium,2,A,high,77,A,,
132,0,0,SOTON/O.Q. 3101307,7.05,,S,55,A,high,81,D,,12,B,,35
133,1,0,A/5. 3337,14.5,,S,9,,low,40,C,medium,53,,high,49
134,1,0,228414,26,,S,55,,,43,,low,81,B,unknown,20
135,0,0,C.A. 29178,13,,S,79,B,unknown,64,C,high,89,,medium,39
136,0,0,SC/PARIS 2133,15.0458,,C,30,D,,,A,,93,,,62
137,0,2,11752,26.2833,D47,S,,A,medium,57,C,low,,,,38
138,1,0,113803,53.1,C123,S,3,C,,5,,,,B,low,
139,0,0,7534,9.2167,,S,34,B,high,,B,medium,57,C,,
140,0,0,PC 17593,79.2,B86,C,43,A,low,,,low,46,D,,13
141,0,2,2678,15.2458,,C,,D,,45,B,unknown,23,,medium,
142,0,0,347081,7.75,,S,21,A,,16,,high,,C,low,46
143,1,0,STON/O2. 3101279,15.85,,S,,,unknown,,,unknown,14,A,,60
144,0,0,365222,6.75,,Q,,,,33,D,medium,,A,unknown,73
145,0,0,231945,11.5,,S,99,D,medium,27,,,,,low,
146,1,1,C.A. 33112,36.75,,S,85,A,unknown,29,A,,,A,,97
147,0,0,350043,7.7958,,S,3,,,72,A,low,10,,low,42
148,2,2,W./C. 6608,34.375,,S,23,C,,10,B,medium,26,B,,88
149,0,2,230080,26,F2,S,,D,unknown,30,D,unknown,,D,high,41
150,0,0,244310,13,,S,,A,low,46,B,medium,,,low,40
151,0,0,S.O.P. 1166,12.525,,S,85,D,,54,,unknown,44,B,high,60
152,1,0,113776,66.6,C2,S,28,C,medium,88,B,medium,4,C,,19
153,0,0,A.5. 11206,8.05,,S,91,D,unknown,,,medium,1,A,high,60
154,0,2,A/5. 851,14.5,,S,29,,low,,,,,D,unknown,
155,0,0,Fa 265302,7.3125,,S,43,D,unknown,53,,,44,C,,
156,0,1,PC 17597,61.3792,,C,66,C,low,2,A,,7,C,unknown,7
157,0,0,35851,7.7333,,Q,12,,low,61,D,low,83,,low,69
158,0,0,SOTON/OQ 392090,8.05,,S,55,,high,15,D,medium,,D,low,3
159,0,0,315037,8.6625,,S,50,,high,7,A,high,34,D,medium,10
160,8,2,CA. 2343,69.55,,S,78,B,unknown,67,C,,45,A,medium,28
161,0,1,371362,16.1,,S,99,C,,,D,unknown,,C,low,
162,0,0,C.A. 33595,15.75,,S,,,low,,,,93,,medium,0
163,0,0,347068,7.775,,S,40,C,,10,B,high,78,B,unknown,
164,0,0,315093,8.6625,,S,40,D,,74,D,,19,,high,78
165,4,1,3101295,39.6875,,S,41,,,76,C,medium,73,,high,45
166,0,2,363291,20.525,,S,81,A,,,,,17,B,low,19
167,0,1,113505,55,E33,S,32,,unknown,83,A,high,45,C,low,42
168,1,4,347088,27.9,,S,16,B,unknown,43,C,low,,,medium,69
169,0,0,PC 17318,25.925,,S,,C,high,18,,unknown,3,A,,73
170,0,0,1601,56.4958,,S,2,,,,,,,A,unknown,
171,0,0,111240,33.5,B19,S,10,B,high,21,A,medium,22,,,16
172,4,1,382652,29.125,,Q,9,B,high,20,B,medium,,A,,95
173,1,1,347742,11.1333,,S,,B,high,32,D,unknown,49,D,medium,
174,0,0,STON/O 2. 3101280,7.925,,S,,D,high,,,medium,2,C,high,98
175,0,0,17764,30.6958,A7,C,69,B,medium,,B,medium,,,low,
176,1,1,350404,7.8542,,S,46,,high,,,low,,B,,11
177,3,1,4133,25.4667,,S,71,B,unknown,62,B,medium,95,B,,
178,0,0,PC 17595,28.7125,C49,C,16,A,unknown,33,C,low,,,,32
179,0,0,250653,13,,S,90,B,high,,B,,19,,unknown,
180,0,0,LINE,0,,S,50,A,low,51,,unknown,60,,,71
181,8,2,CA. 2343,69.55,,S,93,A,,,C,,36,,high,
182,0,0,SC/PARIS 2131,15.05,,C,,,medium,43,D,unknown,60,A,,58
183,4,2,347077,31.3875,,S,49,A,low,29,B,unknown,,C,unknown,
184,2,1,230136,39,F4,S,69,,,,,,29,C,low,61
185,0,2,315153,22.025,,S,49,D,high,,A,high,65,C,unknown,39
186,0,0,113767,50,A32,S,44,C,unknown,,D,high,26,B,unknown,
187,1,0,370365,15.5,,Q,,B,,,,medium,90,A,,71
188,0,0,111428,26.55,,S,38,A,,47,A,,94,B,unknown,29
189,1,1,364849,15.5,,Q,,D,,,A,medium,,B,high,19
190,0,0,349247,7.8958,,S,,D,high,,A,low,72,,,70
191,0,0,234604,13,,S,68,C,,90,B,high,,D,low,
192,0,0,28424,13,,S,63,A,unknown,67,D,low,,B,low,44
193,1,0,350046,7.8542,,S,60,,unknown,,A,,73,,low,
194,1,1,230080,26,F2,S,36,,unknown,96,D,,93,C,low,18
195,0,0,PC 17610,27.7208,B4,C,95,A,medium,71,,high,22,D,unknown,81
196,0,0,PC 17569,146.5208,B80,C,8,D,,5,C,medium,,B,low,98
197,0,0,368703,7.75,,Q,,A,,72,B,medium,,,,
198,0,1,4579,8.4042,,S,,,unknown,,D,low,33,A,,14
199,0,0,370370,7.75,,Q,33,D,,,,medium,23,C,,
200,0,0,248747,13,,S,96,D,,48,B,high,,A,unknown,86
201,0,0,345770,9.5,,S,,A,low,51,A,,33,A,unknown,8
202,8,2,CA. 2343,69.55,,S,90,,,31,D,medium,72,,,
203,0,0,3101264,6.4958,,S,49,C,low,,B,,37,,unknown,
204,0,0,2628,7.225,,C,,C,unknown,61,B,high,37,A,,3
205,0,0,A/5 3540,8.05,,S,45,,high,,C,high,94,,low,
206,0,1,347054,10.4625,G6,S,26,D,medium,89,C,low,,D,,7
207,1,0,3101278,15.85,,S,76,D,high,77,C,high,92,C,medium,17
208,0,0,2699,18.7875,,C,,,high,60,B,low,71,,high,48
209,0,0,367231,7.75,,Q,26,,high,,A,medium,,D,unknown,
210,0,0,112277,31,A31,C,77,C,high,33,,high,,B,,
211,0,0,SOTON/O.Q. 3101311,7.05,,S,26,A,,76,A,,93,D,low,
212,0,0,F.C.C. 13528,21,,S,,,medium,31,,high,94,,medium,20
213,0,0,A/5 21174,7.25,,S,78,A,,26,,unknown,4,,,87
214,0,0,250646,13,,S,44,D,,86,C,,35,A,unknown,
215,1,0,367229,7.75,,Q,,,,,D,unknown,41,,,
216,1,0,35273,113.275,D36,C,27,A,low,,A,,,A,,72
217,0,0,STON/O2. 3101283,7.925,,S,,A,unknown,86,D,medium,77,A,low,48
218,1,0,243847,27,,S,,A,low,,D,unknown,69,,,41
219,0,0,11813,76.2917,D15,C,44,C,low,,C,medium,21,D,unknown,75
220,0,0,W/C 14208,10.5,,S,90,B,,52,C,low,,,low,
221,0,0,SOTON/OQ 392089,8.05,,S,12,D,low,,,,,,,82
222,0,0,220367,13,,S,45,B,medium,,A,,44,D,,68
223,0,0,21440,8.05,,S,,,medium,,,,,A,low,76
224,0,0,349234,7.8958,,S,20,C,,,,,,,low,42
225,1,0,19943,90,C93,S,,C,,79,,high,92,,medium,38
226,0,0,PP 4348,9.35,,S,30,,high,59,A,low,90,D,high,57
227,0,0,SW/PP 751,10.5,,S,80,,low,,A,high,1,,high,64
228,0,0,A/5 21173,7.25,,S,57,C,high,40,A,high,,C,high,92
229,0,0,236171,13,,S,54,,high,38,C,unknown,,A,,85
230,3,1,4133,25.4667,,S,17,,high,42,C,,82,C,medium,5
231,1,0,36973,83.475,C83,S,46,,high,99,,,80,C,medium,15
232,0,0,347067,7.775,,S,85,C,,,A,low,,D,medium,94
233,0,0,237442,13.5,,S,,D,,15,A,high,6,,,
234,4,2,347077,31.3875,,S,75,C,,4,A,unknown,,A,low,
235,0,0,C.A. 29566,10.5,,S,,,high,51,,low,,A,,5
236,0,0,W./C. 6609,7.55,,S,,,unknown,80,,medium,,D,unknown,
237,1,0,26707,26,,S,,B,high,,B,,8,A,,40
238,0,2,C.A. 31921,26.25,,S,43,A,low,56,,,,D,,
239,0,0,28665,10.5,,S,30,A,medium,79,B,,43,B,medium,77
240,0,0,SCO/W 1585,12.275,,S,62,,high,51,D,medium,76,,high,89
241,1,0,2665,14.4542,,C,14,,low,90,,medium,31,D,high,
242,1,0,367230,15.5,,Q,58,,unknown,63,,unknown,,C,,
243,0,0,W./C. 14263,10.5,,S,9,B,unknown,73,B,,,C,low,54
244,0,0,STON/O 2. 3101275,7.125,,S,64,C,unknown,78,A,low,,D,,54
245,0,0,2694,7.225,,C,,D,low,62,D,unknown,29,D,high,3
246,2,0,19928,90,C78,Q,8,D,high,5,,medium,25,C,low,
247,0,0,347071,7.775,,S,,B,high,42,,unknown,,B,high,
248,0,2,250649,14.5,,S,41,B,high,14,A,,28,D,,
249,1,1,11751,52.5542,D35,S,78,,unknown,51,B,,68,C,,
250,1,0,244252,26,,S,4,A,,,,low,,,high,44
251,0,0,362316,7.25,,S,17,C,high,,C,unknown,,,,
252,1,1,347054,10.4625,G6,S,49,B,high,,A,high,,C,,
253,0,0,113514,26.55,C87,S,18,,,2,C,medium,,B,low,70
254,1,0,A/5. 3336,16.1,,S,,C,unknown,,D,unknown,58,D,medium,63
255,0,2,370129,20.2125,,S,,B,,50,D,unknown,,,high,10
256,0,2,2650,15.2458,,C,14,,unknown,7,,,25,,medium,29
257,0,0,PC 17585,79.2,,C,,C,low,,,,98,C,unknown,84
258,0,0,110152,86.5,B77,S,10,A,,75,C,high,20,C,unknown,
259,0,0,PC 17755,512.3292,,C,,,high,70,A,medium,13,C,unknown,
260,0,1,230433,26,,S,58,A,low,17,A,,82,D,low,52
261,0,0,384461,7.75,,Q,79,B,medium,,D,,89,B,,11
262,4,2,347077,31.3875,,S,17,D,,63,,,9,D,low,12
263,1,1,110413,79.65,E67,S,29,A,high,39,,,59,,high,98
264,0,0,112059,0,B94,S,92,,low,0,,,,A,medium,3
265,0,0,382649,7.75,,Q,98,C,medium,,,,22,C,,2
266,0,0,C.A. 17248,10.5,,S,58,D,,79,C,medium,,A,,1
267,4,1,3101295,39.6875,,S,44,,high,3,C,low,68,D,low,62
268,1,0,347083,7.775,,S,34,C,medium,,D,unknown,57,,high,
269,0,1,PC 17582,153.4625,C125,S,61,D,high,38,D,high,51,,high,
270,0,0,PC 17760,135.6333,C99,S,,,high,,A,high,88,C,high,79
271,0,0,113798,31,,S,29,A,,47,,low,,B,medium,71
272,0,0,LINE,0,,S,,D,,42,A,low,62,B,,
273,0,1,250644,19.5,,S,15,A,unknown,,B,low,31,D,,7
274,0,1,PC 17596,29.7,C118,C,95,C,low,5,B,,97,,,48
275,0,0,370375,7.75,,Q,41,B,,3,D,unknown,25,D,unknown,8
276,1,0,13502,77.9583,D7,S,48,C,low,9,,medium,,B,medium,11
277,0,0,347073,7.75,,S,,,low,69,,high,63,,low,46
278,0,0,239853,0,,S,78,,,78,,,,C,unknown,
279,4,1,382652,29.125,,Q,,C,,,B,unknown,75,A,medium,99
280,1,1,C.A. 2673,20.25,,S,,,high,7,,medium,24,A,low,
281,0,0,336439,7.75,,Q,,B,medium,41,,medium,26,,low,27
282,0,0,347464,7.8542,,S,,,,98,,,34,,medium,32
283,0,0,345778,9.5,,S,67,D,medium,,D,low,68,A,low,
284,0,0,A/5. 10482,8.05,,S,49,A,low,,A,unknown,39,C,,
285,0,0,113056,26,A19,S,44,B,medium,53,C,,56,A,high,51
286,0,0,349239,8.6625,,C,,C,high,,B,medium,55,D,,76
287,0,0,345774,9.5,,S,,,high,,,high,19,D,,84
288,0,0,349206,7.8958,,S,57,D,medium,47,C,high,23,,low,5
289,0,0,237798,13,,S,,B,,,,,30,A,unknown,28
290,0,0,370373,7.75,,Q,47,D,high,,,high,,B,,25
291,0,0,19877,78.85,,S,,,,,D,unknown,,,,55
292,1,0,11967,91.0792,B49,C,26,C,medium,5,,,,,high,
293,0,0,SC/Paris 2163,12.875,D,C,95,C,,0,,,,C,,
294,0,0,349236,8.85,,S,33,A,unknown,41,A,,67,C,,91
295,0,0,349233,7.8958,,S,,A,,,D,,,C,unknown,33
296,0,0,PC 17612,27.7208,,C,,,,,,unknown,68,,high,
297,0,0,2693,7.2292,,C,84,C,,7,B,medium,,A,medium,43
298,1,2,113781,151.55,C22 C26,S,,,high,67,D,,,,unknown,
299,0,0,19988,30.5,C106,S,28,A,high,45,,high,89,,medium,88
300,0,1,PC 17558,247.5208,B58 B60,C,2,,,23,,,20,D,,
301,0,0,9234,7.75,,Q,36,D,unknown,20,D,medium,16,C,low,33
302,2,0,367226,23.25,,Q,82,,unknown,66,D,unknown,39,B,low,
303,0,0,LINE,0,,S,0,B,unknown,52,B,unknown,83,C,unknown,38
304,0,0,226593,12.35,E101,Q,89,,unknown,,B,medium,96,C,,
305,0,0,A/5 2466,8.05,,S,,D,unknown,28,,medium,,,,30
306,1,2,113781,151.55,C22 C26,S,14,B,,52,A,,,B,,10
307,0,0,17421,110.8833,,C,,B,low,86,C,,23,C,,
308,1,0,PC 17758,108.9,C65,C,55,C,,31,,medium,59,A,,65
309,1,0,P/PP 3381,24,,C,31,A,low,39,D,,18,A,high,93
310,0,0,PC 17485,56.9292,E36,C,,D,low,16,,low,53,A,,0
311,0,0,11767,83.1583,C54,C,66,D,unknown,,C,,,,medium,63
312,2,2,PC 17608,262.375,B57 B59 B63 B66,C,67,,unknown,3,C,medium,7,A,low,56
313,1,1,250651,26,,S,,C,high,24,C,unknown,96,B,unknown,62
314,0,0,349243,7.8958,,S,28,C,high,,A,unknown,89,,unknown,98
315,1,1,F.C.C. 13529,26.25,,S,24,,,1,B,unknown,,B,medium,39
316,0,0,347470,7.8542,,S,,D,,98,,,62,A,,
317,1,0,244367,26,,S,,,unknown,40,B,,,D,low,1
318,0,0,29011,14,,S,,,medium,,D,high,57,B,,
319,0,2,36928,164.8667,C7,S,93,C,high,53,,unknown,,A,,17
320,1,1,16966,134.5,E34,C,,,,,B,low,53,,,
321,0,0,A/5 21172,7.25,,S,,D,low,,,high,,,low,
322,0,0,349219,7.8958,,S,,D,,88,A,low,39,,,27
323,0,0,234818,12.35,,Q,,C,,,B,,84,,low,11
324,1,1,248738,29,,S,91,B,,,B,medium,25,,high,
325,8,2,CA. 2343,69.55,,S,,B,medium,70,D,high,96,B,high,65
326,0,0,PC 17760,135.6333,C32,C,23,B,high,30,,unknown,75,,,28
327,0,0,345364,6.2375,,S,23,C,unknown,99,A,low,89,B,low,13
328,0,0,28551,13,D,S,3,,high,25,,high,50,,medium,57
329,1,1,363291,20.525,,S,,C,medium,29,,low,22,A,low,
330,0,1,111361,57.9792,B18,C,55,D,medium,71,A,low,3,D,high,
331,2,0,367226,23.25,,Q,54,,high,78,C,,53,,low,38
332,0,0,113043,28.5,C124,S,,C,medium,12,C,high,39,D,high,
333,0,1,PC 17582,153.4625,C91,S,30,,high,55,,low,11,C,unknown,24
334,2,0,345764,18,,S,82,C,,,B,medium,,D,high,28
335,1,0,PC 17611,133.65,,S,,,,61,,,97,,,14
336,0,0,349225,7.8958,,S,80,,unknown,55,,medium,,D,,
337,1,0,113776,66.6,C2,S,96,,medium,,B,unknown,,C,,14
338,0,0,16966,134.5,E40,C,31,,medium,,,,,D,,68
339,0,0,7598,8.05,,S,20,,high,65,,,,,,
340,0,0,113784,35.5,T,S,95,,,67,D,,62,,unknown,
341,1,1,230080,26,F2,S,63,,unknown,,C,high,41,C,unknown,
342,3,2,19950,263,C23 C25 C27,S,29,,low,,,medium,,A,medium,63
343,0,0,248740,13,,S,62,B,unknown,72,B,,18,,medium,75
344,0,0,244361,13,,S,51,C,,77,,medium,66,A,low,56
345,0,0,229236,13,,S,,A,,12,B,low,98,A,,
346,0,0,248733,13,F33,S,25,C,high,88,,low,85,,high,25
347,0,0,31418,13,,S,99,,unknown,,,medium,4,,,
348,1,0,386525,16.1,,S,,,low,,C,unknown,11,A,medium,
349,1,1,C.A. 37671,15.9,,S,,,high,48,,low,62,B,low,
350,0,0,315088,8.6625,,S,16,B,low,48,,,92,B,low,49
351,0,0,7267,9.225,,S,,A,low,91,,medium,84,C,,90
352,0,0,113510,35,C128,S,,B,unknown,96,A,high,90,,low,27
353,1,1,2695,7.2292,,C,29,C,high,80,A,low,14,C,,51
354,1,0,349237,17.8,,S,43,A,medium,65,B,low,51,B,,
355,0,0,2647,7.225,,C,96,C,high,10,B,low,72,D,,63
356,0,0,345783,9.5,,S,99,A,medium,91,C,medium,62,B,,
357,0,1,113505,55,E33,S,15,D,medium,13,A,,77,B,high,41
358,0,0,237671,13,,S,89,C,medium,16,B,unknown,21,A,medium,0
359,0,0,330931,7.8792,,Q,,B,medium,6,D,,45,D,,
360,0,0,330980,7.8792,,Q,,C,unknown,94,D,,44,,low,
361,1,4,347088,27.9,,S,84,A,medium,,D,,93,B,high,
362,1,0,SC/PARIS 2167,27.7208,,C,,A,medium,,,,20,B,unknown,
363,0,1,2691,14.4542,,C,22,D,high,8,A,medium,32,D,high,14
364,0,0,SOTON/O.Q. 3101310,7.05,,S,89,D,unknown,41,,medium,,,medium,
365,1,0,370365,15.5,,Q,,,medium,72,A,high,15,A,high,79
366,0,0,C 7076,7.25,,S,,B,unknown,99,,,,A,unknown,45
367,1,0,110813,75.25,D37,C,46,A,medium,,,medium,84,C,low,5
368,0,0,2626,7.2292,,C,31,,high,60,D,medium,,A,high,6
369,0,0,14313,7.75,,Q,,B,unknown,83,C,high,70,,low,67
370,0,0,PC 17477,69.3,B35,C,77,,,90,B,high,59,A,,
371,1,0,11765,55.4417,E50,C,33,C,low,27,B,low,,D,unknown,
372,1,0,3101267,6.4958,,S,66,A,high,,D,,30,D,medium,40
373,0,0,323951,8.05,,S,41,D,,51,D,high,99,,,49
374,0,0,PC 17760,135.6333,,C,,C,medium,93,C,high,,,medium,16
375,3,1,349909,21.075,,S,,,unknown,11,D,,71,B,low,
376,1,0,PC 17604,82.1708,,C,9,,,9,B,high,,,,76
377,0,0,C 7077,7.25,,S,,C,high,,B,high,,C,,42
378,0,2,113503,211.5,C82,C,74,,high,67,D,medium,,,low,49
379,0,0,2648,4.0125,,C,37,A,low,17,B,high,84,C,low,
380,0,0,347069,7.775,,S,,,medium,89,D,medium,63,A,unknown,
381,0,0,PC 17757,227.525,,C,0,B,high,10,B,medium,28,B,,98
382,0,2,2653,15.7417,,C,,D,low,,B,low,96,,unknown,81
383,0,0,STON/O 2. 3101293,7.925,,S,94,B,medium,,A,medium,70,,high,
384,1,0,113789,52,,S,,,,,C,low,42,,,
385,0,0,349227,7.8958,,S,3,A,unknown,,B,,13,,medium,72
386,0,0,S.O.C. 14879,73.5,,S,12,B,low,84,B,medium,97,B,,33
387,5,2,CA 2144,46.9,,S,6,B,unknown,10,C,high,,C,unknown,51
388,0,0,27849,13,,S,83,A,medium,,A,unknown,,,low,14
389,0,0,367655,7.7292,,Q,89,B,high,61,,low,83,,,
390,0,0,SC 1748,12,,C,15,,high,2,D,unknown,60,D,high,
391,1,2,113760,120,B96 B98,S,74,A,,74,C,medium,,,unknown,72
392,0,0,350034,7.7958,,S,17,,unknown,,C,,23,A,unknown,60
393,2,0,3101277,7.925,,S,36,C,low,75,,,7,A,low,
394,1,0,35273,113.275,D36,C,59,D,low,,C,unknown,,,,50
395,0,2,PP 9549,16.7,G6,S,,C,unknown,19,B,low,,C,,
396,0,0,350052,7.7958,,S,87,A,high,,,,,,low,
397,0,0,350407,7.8542,,S,4,,unknown,6,A,,16,A,,1
398,0,0,28403,26,,S,19,B,medium,53,C,,57,C,,
399,0,0,244278,10.5,,S,,B,,,C,high,12,A,low,
400,0,0,240929,12.65,,S,31,A,low,,,medium,,A,,36
401,0,0,STON/O 2. 3101289,7.925,,S,99,D,medium,20,,medium,79,A,high,87
402,0,0,341826,8.05,,S,77,,low,76,D,,,C,unknown,64
403,1,0,4137,9.825,,S,,C,unknown,69,,,94,B,low,60
404,1,0,STON/O2. 3101279,15.85,,S,97,,,,C,,31,B,,
405,0,0,315096,8.6625,,S,,D,unknown,,D,unknown,94,C,low,50
406,1,0,28664,21,,S,,A,low,6,,,78,A,high,70
407,0,0,347064,7.75,,S,43,,low,44,A,unknown,33,,unknown,
408,1,1,29106,18.75,,S,14,B,,,B,unknown,,,unknown,60
409,0,0,312992,7.775,,S,,,,11,D,medium,10,C,medium,17
410,3,1,4133,25.4667,,S,1,B,medium,55,B,high,,,medium,67
411,0,0,349222,7.8958,,S,17,A,medium,,D,,20,C,,7
412,0,0,394140,6.8583,,Q,22,,,,,,26,,unknown,31
413,1,0,19928,90,C78,Q,27,B,,,,high,41,A,,91
414,0,0,239853,0,,S,13,A,low,8,B,medium,,C,low,
415,0,0,STON/O 2. 3101269,7.925,,S,1,,,67,C,high,80,A,unknown,90
416,0,0,343095,8.05,,S,67,A,low,33,,medium,69,B,,35
417,1,1,28220,32.5,,S,96,,low,,,high,15,,unknown,68
418,0,2,250652,13,,S,12,B,,19,C,medium,16,,low,70
419,0,0,28228,13,,S,,,medium,97,,medium,,C,,
420,0,2,345773,24.15,,S,50,C,,25,D,,94,D,medium,
421,0,0,349254,7.8958,,C,92,A,medium,68,D,,,C,high,96
422,0,0,A/5. 13032,7.7333,,Q,69,,medium,,B,,,B,medium,11
423,0,0,315082,7.875,,S,,D,medium,18,,low,14,A,medium,
424,1,1,347080,14.4,,S,,A,high,30,,low,23,C,medium,44
425,1,1,370129,20.2125,,S,41,B,,1,B,,,D,unknown,67
426,0,0,A/4. 34244,7.25,,S,,A,low,,C,,20,B,,55
427,1,0,2003,26,,S,86,,medium,33,,low,61,,,
428,0,0,250655,26,,S,80,,low,49,A,unknown,92,,low,9
429,0,0,364851,7.75,,Q,2,A,medium,15,B,,,C,high,51
430,0,0,SOTON/O.Q. 392078,8.05,E10,S,71,A,,82,,high,60,C,high,83
431,0,0,110564,26.55,C52,S,8,B,medium,21,B,low,,A,high,
432,1,0,376564,16.1,,S,73,C,low,,,unknown,,A,low,27
433,1,0,SC/AH 3085,26,,S,82,B,high,87,C,high,0,,unknown,86
434,0,0,STON/O 2. 3101274,7.125,,S,13,,low,71,,,11,B,unknown,35
435,1,0,13507,55.9,E44,S,43,,low,60,B,,,,unknown,56
436,1,2,113760,120,B96 B98,S,12,D,,,A,medium,,B,unknown,
437,2,2,W./C. 6608,34.375,,S,56,A,unknown,,D,,32,,medium,52
438,2,3,29106,18.75,,S,92,C,unknown,96,D,unknown,52,C,,
439,1,4,19950,263,C23 C25 C27,S,,D,high,,D,,57,A,medium,
440,0,0,C.A. 18723,10.5,,S,39,A,high,40,A,high,66,,,47
441,1,1,F.C.C. 13529,26.25,,S,97,D,high,25,C,high,,,medium,
442,0,0,345769,9.5,,S,,,high,,,unknown,37,,high,65
443,1,0,347076,7.775,,S,,B,high,97,D,medium,88,A,unknown,41
444,0,0,230434,13,,S,48,,unknown,69,,low,5,A,high,52
445,0,0,65306,8.1125,,S,50,C,,3,C,,,C,unknown,
446,0,2,33638,81.8583,A34,S,66,,low,46,A,high,95,,unknown,86
447,0,1,250644,19.5,,S,,,medium,,C,,17,A,low,12
448,0,0,113794,26.55,,S,,C,unknown,,D,medium,99,,unknown,87
449,2,1,2666,19.2583,,C,52,D,medium,77,A,high,28,A,unknown,
450,0,0,113786,30.5,C104,S,28,B,low,70,,,36,A,,
451,1,2,C.A. 34651,27.75,,S,,,unknown,6,,,,C,,2
452,1,0,65303,19.9667,,S,,B,high,55,A,unknown,94,A,,
453,0,0,113051,27.75,C111,C,,D,,,,,,A,unknown,5
454,1,0,17453,89.1042,C92,C,2,D,medium,48,,high,16,D,,
455,0,0,A/5 2817,8.05,,S,59,,low,,B,,48,A,low,
456,0,0,349240,7.8958,,C,,C,medium,,D,medium,15,C,low,76
457,0,0,13509,26.55,E38,S,,D,medium,86,D,high,78,D,low,70
458,1,0,17464,51.8625,D21,S,63,B,unknown,46,B,low,,D,,84
459,0,0,F.C.C. 13531,10.5,,S,84,,,53,A,,49,D,unknown,0
460,0,0,371060,7.75,,Q,10,,low,62,,high,39,B,high,78
461,0,0,19952,26.55,E12,S,72,A,,65,A,high,3,D,low,31
462,0,0,364506,8.05,,S,,,unknown,63,D,medium,5,,,
463,0,0,111320,38.5,E63,S,,A,medium,78,C,high,51,,medium,76
464,0,0,234360,13,,S,,,medium,98,C,low,39,A,,68
465,0,0,A/S 2816,8.05,,S,0,,high,82,A,high,12,C,,41
466,0,0,SOTON/O.Q. 3101306,7.05,,S,96,B,high,13,,unknown,13,D,medium,61
467,0,0,239853,0,,S,16,B,medium,,C,unknown,,,,46
468,0,0,113792,26.55,,S,59,B,unknown,,,unknown,,D,,62
469,0,0,36209,7.725,,Q,18,B,high,50,B,,60,,medium,45
470,2,1,2666,19.2583,,C,93,B,low,52,,low,83,D,high,39
471,0,0,323592,7.25,,S,,C,,71,,high,6,C,,20
472,0,0,315089,8.6625,,S,,D,unknown,,B,low,,B,,38
473,1,2,C.A. 34651,27.75,,S,43,C,medium,26,C,medium,,A,,
474,0,0,SC/AH Basle 541,13.7917,D,C,46,C,high,45,B,high,20,,unknown,87
475,0,0,7553,9.8375,,S,,D,,,,high,53,,,
476,0,0,110465,52,A14,S,78,D,,31,C,high,,B,medium,18
477,1,0,31027,21,,S,84,,unknown,2,,unknown,,C,low,50
478,1,0,3460,7.0458,,S,1,C,low,97,,low,,,,
479,0,0,350060,7.5208,,S,,A,high,,B,unknown,66,B,high,
480,0,1,3101298,12.2875,,S,,A,high,60,,,75,A,,32
481,5,2,CA 2144,46.9,,S,,D,low,,A,medium,0,B,,4
482,0,0,239854,0,,S,82,,,27,,medium,,A,,5
483,0,0,A/5 3594,8.05,,S,25,D,,34,,high,50,A,low,
484,0,0,4134,9.5875,,S,79,,medium,28,B,high,36,,high,72
485,1,0,11967,91.0792,B49,C,,D,,,,medium,,,unknown,86
486,3,1,4133,25.4667,,S,23,C,low,15,B,low,,C,medium,49
487,1,0,19943,90,C93,S,33,D,,,D,low,75,C,unknown,
488,0,0,11771,29.7,B37,C,53,A,,45,,medium,82,C,low,92
489,0,0,A.5. 18509,8.05,,S,76,D,,53,B,,41,,,27
490,1,1,C.A. 37671,15.9,,S,,A,,1,,high,93,A,unknown,15
491,1,0,65304,19.9667,,S,93,B,,84,C,unknown,92,C,high,13
492,0,0,SOTON/OQ 3101317,7.25,,S,,A,low,67,,low,66,D,high,35
493,0,0,113787,30.5,C30,S,75,B,medium,7,B,medium,58,A,unknown,73
494,0,0,PC 17609,49.5042,,C,,,high,84,C,low,,,medium,
495,0,0,A/4 45380,8.05,,S,,B,unknown,3,C,,60,C,,
496,0,0,2627,14.4583,,C,41,,unknown,,A,,,D,,34
497,1,0,36947,78.2667,D20,C,,C,high,46,D,low,97,B,low,
498,0,0,C.A. 6212,15.1,,S,37,C,low,,C,,19,D,high,68
499,1,2,113781,151.55,C22 C26,S,92,D,,95,A,high,66,A,medium,66
500,0,0,350035,7.7958,,S,,,low,,C,unknown,73,,unknown,43
501,0,0,315086,8.6625,,S,11,B,low,,C,,,D,unknown,
502,0,0,364846,7.75,,Q,65,D,high,57,D,medium,34,B,medium,
503,0,0,330909,7.6292,,Q,96,,,,,high,86,C,high,65
504,0,0,4135,9.5875,,S,86,,low,72,B,high,48,A,,81
505,0,0,110152,86.5,B79,S,27,B,low,88,A,high,38,C,medium,
506,1,0,PC 17758,108.9,C65,C,,A,high,,C,low,15,C,unknown,85
507,0,2,26360,26,,S,,,medium,,,,32,,medium,
508,0,0,111427,26.55,,S,,,high,51,B,,97,A,,
509,0,0,C 4001,22.525,,S,26,A,medium,,,unknown,,,high,95
510,0,0,1601,56.4958,,S,23,C,high,,C,unknown,,,unknown,56
511,0,0,382651,7.75,,Q,99,A,,,B,high,,D,high,27
512,0,0,SOTON/OQ 3101316,8.05,,S,74,C,,70,,high,,A,unknown,60
513,0,0,PC 17473,26.2875,E25,S,84,,medium,51,B,,66,C,medium,62
514,1,0,PC 17603,59.4,,C,81,,high,,,unknown,37,D,medium,
515,0,0,349209,7.4958,,S,95,B,high,42,B,medium,84,C,medium,20
516,0,0,36967,34.0208,D46,S,10,,high,49,D,medium,42,B,low,
517,0,0,C.A. 34260,10.5,F33,S,,,,,C,high,85,A,,54
518,0,0,371110,24.15,,Q,,A,low,55,C,,74,B,medium,14
519,1,0,226875,26,,S,47,C,,79,,,77,A,unknown,77
520,0,0,349242,7.8958,,S,59,C,high,2,C,high,92,A,unknown,
521,0,0,12749,93.5,B73,S,35,A,high,75,A,high,79,B,,93
522,0,0,349252,7.8958,,S,,C,,50,,medium,,,medium,67
523,0,0,2624,7.225,,C,19,A,,,B,high,52,A,high,33
524,0,1,111361,57.9792,B18,C,,A,high,47,C,,,,unknown,37
525,0,0,2700,7.2292,,C,,D,,47,C,medium,6,,low,69
526,0,0,367232,7.75,,Q,,D,,12,B,,59,,unknown,8
527,0,0,W./C. 14258,10.5,,S,,B,high,,B,,,,unknown,71
528,0,0,PC 17483,221.7792,C95,S,14,D,medium,70,C,unknown,,D,unknown,55
529,0,0,3101296,7.925,,S,91,D,high,,,high,10,C,low,22
530,2,1,29104,11.5,,S,92,,,9,A,unknown,50,A,unknown,89
531,1,1,26360,26,,S,59,A,unknown,21,B,,57,A,high,62
532,0,0,2641,7.2292,,C,16,,,87,,unknown,10,C,high,16
533,1,1,2690,7.2292,,C,15,C,,,D,high,63,,low,65
534,0,2,2668,22.3583,,C,,,low,50,,unknown,16,,medium,41
535,0,0,315084,8.6625,,S,57,,,,D,unknown,14,D,medium,76
536,0,2,F.C.C. 13529,26.25,,S,15,B,unknown,,C,unknown,40,D,unknown,49
537,0,0,113050,26.55,B38,S,45,A,,85,B,,,C,,99
538,0,0,PC 17761,106.425,,C,11,D,,89,,high,91,C,,92
539,0,0,364498,14.5,,S,,,low,28,D,unknown,,D,,4
540,0,2,13568,49.5,B39,C,2,,unknown,58,A,medium,,A,low,
541,0,2,WE/P 5735,71,B22,S,70,D,,,A,low,73,C,unknown,
542,4,2,347082,31.275,,S,,,,,B,unknown,,,unknown,
543,4,2,347082,31.275,,S,19,,high,0,A,high,98,A,medium,14
544,1,0,2908,26,,S,17,A,medium,97,D,,74,A,high,53
545,1,0,PC 17761,106.425,C86,C,83,,high,35,D,high,,B,unknown,15
546,0,0,693,26,,S,5,,,,C,low,94,B,high,
547,1,0,2908,26,,S,42,B,low,61,,medium,10,D,high,45
548,0,0,SC/PARIS 2146,13.8625,,C,,C,,78,A,medium,45,B,low,99
549,1,1,363291,20.525,,S,51,B,,,C,,,C,,87
550,1,1,C.A. 33112,36.75,,S,68,D,unknown,,B,unknown,0,,,
551,0,2,17421,110.8833,C70,C,80,D,low,89,B,high,45,D,high,
552,0,0,244358,26,,S,,,unknown,93,B,low,68,C,unknown,
553,0,0,330979,7.8292,,Q,82,D,high,15,,medium,79,D,,66
554,0,0,2620,7.225,,C,,C,,90,C,low,41,C,high,13
555,0,0,347085,7.775,,S,,B,unknown,90,A,unknown,86,A,,
556,0,0,113807,26.55,,S,50,C,low,,C,medium,67,C,,99
557,1,0,11755,39.6,A16,C,,D,low,21,D,,4,B,low,
558,0,0,PC 17757,227.525,,C,,,unknown,,A,medium,27,B,high,1
559,1,1,110413,79.65,E67,S,79,,low,99,D,low,93,C,medium,
560,1,0,345572,17.4,,S,85,,,,C,unknown,0,B,unknown,
561,0,0,372622,7.75,,Q,53,A,,,B,high,10,A,unknown,
562,0,0,349251,7.8958,,S,4,,unknown,19,C,medium,34,,unknown,63
563,0,0,218629,13.5,,S,49,C,,8,,,99,C,unknown,35
564,0,0,SOTON/OQ 392082,8.05,,S,18,,high,25,D,high,,,medium,35
565,0,0,SOTON/O.Q. 392087,8.05,,S,88,D,low,6,A,low,,,,
566,2,0,A/4 48871,24.15,,S,23,D,,19,A,,39,C,high,85
567,0,0,349205,7.8958,,S,22,,,7,C,,93,C,,49
568,0,4,349909,21.075,,S,24,,low,76,B,low,21,D,medium,31
569,0,0,2686,7.2292,,C,64,,high,58,A,high,57,B,high,
570,0,0,350417,7.8542,,S,,D,low,51,B,unknown,46,,,1
571,0,0,S.W./PP 752,10.5,,S,94,,medium,80,C,,,,unknown,48
572,2,0,11769,51.4792,C101,S,41,C,,41,,high,75,,low,55
573,0,0,PC 17474,26.3875,E25,S,,D,high,40,D,,83,,medium,67
574,0,0,14312,7.75,,Q,4,D,,20,B,unknown,11,D,,80
575,0,0,A/4. 20589,8.05,,S,0,A,low,,A,high,,D,,36
576,0,0,358585,14.5,,S,37,A,unknown,,,high,,D,high,
577,0,0,243880,13,,S,92,B,high,58,D,unknown,,,low,
578,1,0,13507,55.9,E44,S,52,,,,A,unknown,66,D,medium,76
579,1,0,2689,14.4583,,C,89,C,,53,B,,63,,unknown,
580,0,0,STON/O 2. 3101286,7.925,,S,10,,,29,,high,37,D,medium,3
581,1,1,237789,30,,S,9,B,high,,C,low,,B,medium,
582,1,1,17421,110.8833,C68,C,83,A,high,82,B,unknown,,,low,
583,0,0,28403,26,,S,10,A,,,,unknown,82,B,,
584,0,0,13049,40.125,A10,C,5,A,medium,25,,medium,89,A,low,50
585,0,0,3411,8.7125,,C,40,,unknown,71,,high,29,C,medium,46
586,0,2,110413,79.65,E68,S,92,C,,,A,,,A,high,37
587,0,0,237565,15,,S,68,B,,,,,32,A,,41
588,1,1,13567,79.2,B41,C,9,B,medium,31,C,,3,,,1
589,0,0,14973,8.05,,S,83,B,unknown,35,A,unknown,16,,medium,10
590,0,0,A./5. 3235,8.05,,S,84,C,medium,,B,unknown,30,A,low,75
591,0,0,STON/O 2. 3101273,7.125,,S,80,D,low,1,A,low,98,D,medium,36
592,1,0,36947,78.2667,D20,C,90,,high,,D,unknown,20,D,,
593,0,0,A/5 3902,7.25,,S,23,C,unknown,12,,,50,D,medium,39
594,0,2,364848,7.75,,Q,,,low,,D,low,,B,medium,99
595,1,0,SC/AH 29037,26,,S,,C,medium,55,,,35,A,medium,
596,1,1,345773,24.15,,S,80,A,medium,,,high,91,,,18
597,0,0,248727,33,,S,57,,low,34,B,unknown,9,C,high,58
598,0,0,LINE,0,,S,77,A,high,77,,low,87,A,high,
599,0,0,2664,7.225,,C,,B,medium,,,,74,D,unknown,14
600,1,0,PC 17485,56.9292,A20,C,64,,low,1,A,,,B,high,
601,2,1,243847,27,,S,,,medium,,D,medium,76,,high,
602,0,0,349214,7.8958,,S,77,,unknown,2,,,42,A,high,73
603,0,0,113796,42.4,,S,73,,unknown,52,D,unknown,97,B,high,56
604,0,0,364511,8.05,,S,,A,high,87,A,unknown,3,,low,65
605,0,0,111426,26.55,,C,82,A,medium,,D,medium,2,,medium,26
606,1,0,349910,15.55,,S,,,unknown,,,,,C,,28
607,0,0,349246,7.8958,,S,,C,low,,B,high,93,D,low,63
608,0,0,113804,30.5,,S,,,high,78,A,low,6,C,unknown,35
609,1,2,SC/Paris 2123,41.5792,,C,,D,,,,high,77,,,
610,0,0,PC 17582,153.4625,C125,S,85,D,high,28,,unknown,93,C,,15
611,1,5,347082,31.275,,S,83,A,low,0,,,,,low,30
612,0,0,SOTON/O.Q. 3101305,7.05,,S,,,high,44,B,low,86,,unknown,10
613,1,0,367230,15.5,,Q,78,B,high,61,,low,75,D,low,8
614,0,0,370377,7.75,,Q,38,A,unknown,,C,high,,C,,
615,0,0,364512,8.05,,S,68,,low,93,A,low,85,B,low,48
616,1,2,220845,65,,S,63,,,,,unknown,69,B,unknown,14
617,1,1,347080,14.4,,S,,,unknown,78,B,low,1,,low,9
618,1,0,A/5. 3336,16.1,,S,26,B,,2,,low,,,unknown,87
619,2,1,230136,39,F4,S,6,B,high,85,,medium,,A,high,51
620,0,0,31028,10.5,,S,13,A,low,75,A,unknown,,,low,71
621,1,0,2659,14.4542,,C,43,B,high,,C,,,,,72
622,1,0,11753,52.5542,D19,S,47,A,,58,D,medium,,B,unknown,10
623,1,1,2653,15.7417,,C,,D,,,D,high,29,,low,
624,0,0,350029,7.8542,,S,41,,low,90,,,19,D,unknown,
625,0,0,54636,16.1,,S,60,D,high,55,A,unknown,8,D,,44
626,0,0,36963,32.3208,D50,S,23,,,,,low,63,,,86
627,0,0,219533,12.35,,Q,33,D,medium,61,D,unknown,95,D,medium,
628,0,0,13502,77.9583,D9,S,36,C,,68,C,unknown,,D,,
629,0,0,349224,7.8958,,S,50,B,unknown,,C,,,D,medium,10
630,0,0,334912,7.7333,,Q,36,C,high,81,B,,,,unknown,61
631,0,0,27042,30,A23,S,73,B,,20,C,medium,17,B,,88
632,0,0,347743,7.0542,,S,32,A,,89,A,unknown,21,,,57
633,0,0,13214,30.5,B50,C,43,B,low,55,,unknown,28,D,unknown,80
634,0,0,112052,0,,S,37,,high,32,,high,68,,medium,53
635,3,2,347088,27.9,,S,,,high,,,,29,D,low,41
636,0,0,237668,13,,S,68,A,unknown,1,A,,82,,unknown,
637,0,0,STON/O 2. 3101292,7.925,,S,23,,unknown,74,A,high,36,C,,15
638,1,1,C.A. 31921,26.25,,S,29,C,,37,,,10,A,,
639,0,5,3101295,39.6875,,S,79,,,84,D,unknown,9,B,,
640,1,0,376564,16.1,,S,94,,medium,23,C,high,40,C,unknown,
641,0,0,350050,7.8542,,S,67,A,,92,,high,40,A,unknown,
642,0,0,PC 17477,69.3,B35,C,91,,high,94,B,low,,A,high,99
643,3,2,347088,27.9,,S,85,D,unknown,10,C,,47,C,,23
644,0,0,1601,56.4958,,S,48,C,,64,D,,16,A,medium,72
645,2,1,2666,19.2583,,C,,,,93,B,,21,,high,87
646,1,0,PC 17572,76.7292,D33,C,32,B,,32,C,high,56,B,unknown,83
647,0,0,349231,7.8958,,S,,A,unknown,,C,medium,33,,low,
648,0,0,13213,35.5,A26,C,,A,high,,D,unknown,67,,,17
649,0,0,S.O./P.P. 751,7.55,,S,96,A,low,47,D,,92,,high,46
650,0,0,CA. 2314,7.55,,S,84,D,low,2,C,low,35,C,high,77
651,0,0,349221,7.8958,,S,,C,unknown,84,C,,55,C,unknown,61
652,0,1,231919,23,,S,65,B,unknown,,D,medium,,B,,
653,0,0,8475,8.4333,,S,20,D,unknown,,,low,21,,low,21
654,0,0,330919,7.8292,,Q,,A,low,25,,,51,D,low,65
655,0,0,365226,6.75,,Q,,A,high,1,C,high,30,D,unknown,42
656,2,0,S.O.C. 14879,73.5,,S,53,B,unknown,,C,,62,D,,
657,0,0,349223,7.8958,,S,76,D,high,2,A,low,74,,high,93
658,1,1,364849,15.5,,Q,63,C,high,79,C,unknown,14,C,medium,0
659,0,0,29751,13,,S,,D,,51,,unknown,18,A,medium,23
660,0,2,35273,113.275,D48,C,28,,low,,,high,2,D,unknown,91
661,2,0,PC 17611,133.65,,S,,,medium,81,C,low,1,A,,
662,0,0,2623,7.225,,C,73,A,,89,,,,,,30
663,0,0,5727,25.5875,E58,S,3,A,low,12,D,high,70,D,unknown,
664,0,0,349210,7.4958,,S,,C,low,,C,high,,,unknown,
665,1,0,STON/O 2. 3101285,7.925,,S,,,,12,B,,40,D,high,
666,2,0,S.O.C. 14879,73.5,,S,69,D,unknown,68,D,unknown,,B,low,30
667,0,0,234686,13,,S,50,D,high,56,B,unknown,72,,high,53
668,0,0,312993,7.775,,S,86,C,high,8,B,high,80,A,high,
669,0,0,A/5 3536,8.05,,S,91,B,,23,,,73,,high,
670,1,0,19996,52,C126,S,,A,low,53,D,high,,,low,79
671,1,1,29750,39,,S,,C,medium,,C,low,52,B,,62
672,1,0,F.C. 12750,52,B71,S,61,C,,34,,,52,A,unknown,
673,0,0,C.A. 24580,10.5,,S,,D,unknown,,D,,64,A,medium,98
674,0,0,244270,13,,S,9,C,,99,A,low,79,B,medium,
675,0,0,239856,0,,S,62,A,,76,,high,,,low,89
676,0,0,349912,7.775,,S,,,medium,,C,high,67,C,unknown,
677,0,0,342826,8.05,,S,58,,medium,,D,,83,A,low,92
678,0,0,4138,9.8417,,S,,A,unknown,,B,high,,,medium,78
679,1,6,CA 2144,46.9,,S,52,D,medium,51,D,unknown,41,C,medium,21
680,0,1,PC 17755,512.3292,B51 B53 B55,C,93,A,unknown,44,A,unknown,,B,,20
681,0,0,330935,8.1375,,Q,72,,,83,D,medium,2,,,54
682,0,0,PC 17572,76.7292,D49,C,13,D,,,A,,,D,unknown,50
683,0,0,6563,9.225,,S,95,,,,,,80,B,unknown,23
684,5,2,CA 2144,46.9,,S,95,A,medium,,,high,17,,high,26
685,1,1,29750,39,,S,16,D,,6,D,low,,B,low,89
686,1,2,SC/Paris 2123,41.5792,,C,80,A,,69,D,,90,,unknown,
687,4,1,3101295,39.6875,,S,,C,,65,,high,49,,medium,
688,0,0,349228,10.1708,,S,59,D,unknown,58,D,medium,48,B,,
689,0,0,350036,7.7958,,S,44,C,low,5,B,high,42,A,medium,15
690,0,1,24160,211.3375,B5,S,78,A,low,49,C,low,37,,,
691,1,0,17474,57,B20,S,99,D,high,89,A,medium,38,A,,
692,0,1,349256,13.4167,,C,79,A,medium,23,A,high,55,C,,64
693,0,0,1601,56.4958,,S,,C,,69,A,high,,A,,
694,0,0,2672,7.225,,C,94,,low,85,C,unknown,,A,,23
695,0,0,113800,26.55,,S,9,,,,,unknown,86,D,medium,18
696,0,0,248731,13.5,,S,25,,medium,51,D,,11,A,unknown,
697,0,0,363592,8.05,,S,72,A,medium,,,low,30,B,,7
698,0,0,35852,7.7333,,Q,59,D,high,69,C,,75,C,unknown,
699,1,1,17421,110.8833,C68,C,5,A,,,,low,54,B,medium,86
700,0,0,348121,7.65,F G63,S,9,,medium,,B,,33,B,medium,30
701,1,0,PC 17757,227.525,C62 C64,C,52,,low,,A,low,31,,low,
702,0,0,PC 17475,26.2875,E24,S,61,C,high,71,,,11,,,
703,0,1,2691,14.4542,,C,16,C,low,24,C,low,,D,low,25
704,0,0,36864,7.7417,,Q,17,C,medium,75,,high,,C,medium,6
705,1,0,350025,7.8542,,S,,C,,54,C,,41,D,unknown,
706,0,0,250655,26,,S,56,D,low,93,D,high,,C,high,2
707,0,0,223596,13.5,,S,,,medium,65,C,high,27,,high,42
708,0,0,PC 17476,26.2875,E24,S,,D,,,A,low,,,unknown,3
709,0,0,113781,151.55,,S,47,D,unknown,97,B,,,C,unknown,
710,1,1,2661,15.2458,,C,,D,unknown,99,D,unknown,40,C,unknown,
711,0,0,PC 17482,49.5042,C90,C,,,low,74,A,high,25,D,,32
712,0,0,113028,26.55,C124,S,,D,high,59,A,medium,63,,,
713,1,0,19996,52,C126,S,72,A,high,11,D,unknown,54,B,,
714,0,0,7545,9.4833,,S,76,D,medium,,,,57,A,,
715,0,0,250647,13,,S,,C,medium,47,D,,,,high,
716,0,0,348124,7.65,F G73,S,79,,,78,,low,72,,medium,36
717,0,0,PC 17757,227.525,C45,C,51,C,medium,58,C,,,D,,
718,0,0,34218,10.5,E101,S,,B,low,43,C,,83,C,low,25
719,0,0,36568,15.5,,Q,,,,,A,low,42,A,,
720,0,0,347062,7.775,,S,59,D,medium,,,,40,C,medium,73
721,0,1,248727,33,,S,13,A,,,,,38,B,low,75
722,1,0,350048,7.0542,,S,93,B,low,,D,medium,42,,unknown,51
723,0,0,12233,13,,S,84,,low,,,low,66,B,medium,75
724,0,0,250643,13,,S,,,unknown,87,D,low,49,C,medium,59
725,1,0,113806,53.1,E8,S,78,D,low,11,D,unknown,12,A,medium,
726,0,0,315094,8.6625,,S,11,A,high,40,A,unknown,56,C,medium,35
727,3,0,31027,21,,S,,C,high,51,,,,D,unknown,51
728,0,0,36866,7.7375,,Q,8,D,high,,C,low,10,,high,
729,1,0,236853,26,,S,48,D,unknown,16,C,,,A,low,76
730,1,0,STON/O2. 3101271,7.925,,S,65,A,,,D,,31,A,low,
731,0,0,24160,211.3375,B5,S,72,,,59,,medium,,,,5
732,0,0,2699,18.7875,,C,41,,low,,,medium,17,D,,49
733,0,0,239855,0,,S,,,,16,B,high,,D,,7
734,0,0,28425,13,,S,,B,high,42,D,,,,unknown,19
735,0,0,233639,13,,S,20,,unknown,72,D,,13,B,medium,37
736,0,0,54636,16.1,,S,,,medium,73,,unknown,,A,,0
737,1,3,W./C. 6608,34.375,,S,,B,,19,C,unknown,31,B,low,22
738,0,0,PC 17755,512.3292,B101,C,,,unknown,,,medium,58,B,medium,54
739,0,0,349201,7.8958,,S,,,high,89,,,56,C,medium,37
740,0,0,349218,7.8958,,S,89,A,unknown,22,A,,,D,,89
741,0,0,16988,30,D45,S,81,A,,2,C,medium,58,D,,9
742,1,0,19877,78.85,C46,S,76,C,medium,95,,unknown,56,,low,
743,2,2,PC 17608,262.375,B57 B59 B63 B66,C,,B,,52,A,,8,A,high,59
744,1,0,376566,16.1,,S,27,,high,77,,,,,medium,64
745,0,0,STON/O 2. 3101288,7.925,,S,79,D,low,32,,,11,B,medium,67
746,1,1,WE/P 5735,71,B22,S,36,A,unknown,,A,,43,B,low,5
747,1,1,C.A. 2673,20.25,,S,53,B,low,,D,medium,36,C,low,79
748,0,0,250648,13,,S,31,C,medium,,A,,,C,medium,33
749,1,0,113773,53.1,D30,S,31,D,,47,C,unknown,,D,medium,65
750,0,0,335097,7.75,,Q,,C,high,,,unknown,,C,,
751,1,1,29103,23,,S,,B,high,,B,low,41,,unknown,39
752,0,1,392096,12.475,E121,S,14,,unknown,,A,unknown,6,A,,70
753,0,0,345780,9.5,,S,,D,,91,,,0,,medium,93
754,0,0,349204,7.8958,,S,93,B,,,A,,54,D,,87
755,1,2,220845,65,,S,55,D,,,,medium,,D,high,
756,1,1,250649,14.5,,S,43,D,unknown,51,D,medium,54,B,medium,53
757,0,0,350042,7.7958,,S,73,,medium,,D,,72,,,52
758,0,0,29108,11.5,,S,38,A,,82,,unknown,75,A,,96
759,0,0,363294,8.05,,S,,D,unknown,72,D,,87,A,medium,20
760,0,0,110152,86.5,B77,S,,A,,14,,,,C,,95
761,0,0,358585,14.5,,S,17,B,low,58,D,medium,88,C,low,64
762,0,0,SOTON/O2 3101272,7.125,,S,55,,unknown,53,,low,79,C,unknown,
763,0,0,2663,7.2292,,C,,C,high,,,low,43,,,
764,1,2,113760,120,B96 B98,S,93,B,high,,B,medium,50,B,medium,81
765,0,0,347074,7.775,,S,36,C,unknown,,B,,61,A,high,
766,1,0,13502,77.9583,D11,S,78,,medium,,,,,,,
767,0,0,112379,39.6,,C,61,D,,51,B,unknown,67,C,,
768,0,0,364850,7.75,,Q,47,,high,,,unknown,58,B,medium,72
769,1,0,371110,24.15,,Q,,A,low,,A,high,52,C,unknown,91
770,0,0,8471,8.3625,,S,37,B,low,4,B,,,B,low,
771,0,0,345781,9.5,,S,65,A,,35,,unknown,68,C,unknown,
772,0,0,350047,7.8542,,S,98,D,,,D,medium,93,B,high,4
773,0,0,S.O./P.P. 3,10.5,E77,S,0,,high,,A,medium,97,B,low,63
774,0,0,2674,7.225,,C,,B,medium,,C,low,82,A,low,
775,1,3,29105,23,,S,,,low,,D,high,29,C,high,96
776,0,0,347078,7.75,,S,,,high,44,D,low,,D,,
777,0,0,383121,7.75,F38,Q,42,B,unknown,75,D,high,29,C,low,91
778,0,0,364516,12.475,,S,11,,medium,33,A,,,,high,
779,0,0,36865,7.7375,,Q,,A,low,15,B,low,,,unknown,0
780,0,1,24160,211.3375,B3,S,85,B,,84,D,high,88,A,high,
781,0,0,2687,7.2292,,C,87,B,,77,D,medium,68,D,high,63
782,1,0,17474,57,B20,S,63,D,,,C,medium,68,A,low,
783,0,0,113501,30,D6,S,12,D,medium,,D,high,95,C,high,17
784,1,2,W./C. 6607,23.45,,S,,D,medium,77,C,,68,D,high,91
785,0,0,SOTON/O.Q. 3101312,7.05,,S,,,low,74,A,unknown,14,D,low,
786,0,0,374887,7.25,,S,58,,medium,,D,medium,,B,medium,41
787,0,0,3101265,7.4958,,S,,B,unknown,,A,medium,35,D,,29
788,4,1,382652,29.125,,Q,68,B,medium,59,B,unknown,63,,unknown,
789,1,2,C.A. 2315,20.575,,S,,,high,,A,low,63,A,low,
790,0,0,PC 17593,79.2,B82 B84,C,,D,low,77,C,,29,,high,11
791,0,0,12460,7.75,,Q,,A,low,46,A,unknown,,D,high,
792,0,0,239865,26,,S,45,B,high,90,,medium,8,D,high,98
793,8,2,CA. 2343,69.55,,S,,C,low,,D,low,29,D,high,23
794,0,0,PC 17600,30.6958,,C,,C,medium,,,medium,82,B,unknown,77
795,0,0,349203,7.8958,,S,43,B,medium,91,,unknown,65,B,,2
796,0,0,28213,13,,S,29,C,low,47,D,unknown,94,,high,89
797,0,0,17465,25.9292,D17,S,96,,high,,B,unknown,,A,high,65
798,0,0,349244,8.6833,,S,,A,unknown,,C,,85,,high,22
799,0,0,2685,7.2292,,C,31,,low,87,,,17,C,unknown,88
800,1,1,345773,24.15,,S,,C,unknown,75,A,medium,,C,low,
801,0,0,250647,13,,S,1,,high,16,A,,5,B,unknown,99
802,1,1,C.A. 31921,26.25,,S,,,,49,A,unknown,9,D,high,59
803,1,2,113760,120,B96 B98,S,51,,low,37,D,,23,C,unknown,44
804,0,1,2625,8.5167,,C,91,C,unknown,64,D,unknown,28,A,medium,5
805,0,0,347089,6.975,,S,,C,low,,,,1,,,26
806,0,0,347063,7.775,,S,,,,71,,,,D,,5
807,0,0,112050,0,A36,S,,D,high,74,,unknown,52,A,,85
808,0,0,347087,7.775,,S,11,D,medium,,D,low,65,C,unknown,
809,0,0,248723,13,,S,,A,low,15,,,65,A,,11
810,1,0,113806,53.1,E8,S,99,D,,62,,,96,,low,
811,0,0,3474,7.8875,,S,4,A,low,,,,,,high,97
812,0,0,A/4 48871,24.15,,S,87,,high,94,,low,34,B,high,97
813,0,0,28206,10.5,,S,68,,unknown,77,B,,,,high,71
814,4,2,347082,31.275,,S,28,B,medium,95,,unknown,55,A,low,7
815,0,0,364499,8.05,,S,,,,53,B,medium,52,C,,50
816,0,0,112058,0,B102,S,83,B,low,93,,medium,79,D,medium,94
817,0,0,STON/O2. 3101290,7.925,,S,4,C,,1,,medium,56,B,high,9
818,1,1,S.C./PARIS 2079,37.0042,,C,10,A,low,28,,,23,D,unknown,79
819,0,0,C 7075,6.45,,S,66,C,low,0,B,high,,B,high,1
820,3,2,347088,27.9,,S,99,B,high,67,,high,96,A,,
821,1,1,12749,93.5,B69,S,,C,,51,A,,,C,unknown,
822,0,0,315098,8.6625,,S,66,D,,28,,medium,59,D,,
823,0,0,19972,0,,S,13,,,30,C,unknown,17,B,unknown,41
824,0,1,392096,12.475,E121,S,65,,,,,unknown,0,D,,
825,4,1,3101295,39.6875,,S,62,B,high,18,B,high,,C,unknown,84
826,0,0,368323,6.95,,Q,9,,,51,A,,2,,,32
827,0,0,1601,56.4958,,S,68,B,unknown,61,,medium,45,,,64
828,0,2,S.C./PARIS 2079,37.0042,,C,89,A,,23,,high,88,B,,46
829,0,0,367228,7.75,,Q,,C,,22,C,medium,,A,low,43
830,0,0,113572,80,B28,,2,B,medium,,,,,,,79
831,1,0,2659,14.4542,,C,,A,,,,,85,,low,22
832,1,1,29106,18.75,,S,,A,high,25,D,low,,C,medium,
833,0,0,2671,7.2292,,C,45,,unknown,37,,,65,C,unknown,48
834,0,0,347468,7.8542,,S,14,D,unknown,54,C,,78,A,,
835,0,0,2223,8.3,,S,85,,medium,18,B,low,,,low,
836,1,1,PC 17756,83.1583,E49,C,77,A,,56,D,unknown,42,B,medium,34
837,0,0,315097,8.6625,,S,80,B,low,13,,,39,C,,66
838,0,0,392092,8.05,,S,19,D,unknown,14,B,unknown,,B,,47
839,0,0,1601,56.4958,,S,1,C,low,23,C,medium,40,D,,
840,0,0,11774,29.7,C47,C,91,A,,28,,unknown,,A,high,52
841,0,0,SOTON/O2 3101287,7.925,,S,28,,medium,2,D,,18,A,,
842,0,0,S.O./P.P. 3,10.5,,S,65,B,unknown,96,B,,17,B,low,
843,0,0,113798,31,,C,90,D,,,D,low,71,A,unknown,44
844,0,0,2683,6.4375,,C,3,A,medium,,,,76,A,,43
845,0,0,315090,8.6625,,S,0,D,,,,medium,67,C,medium,27
846,0,0,C.A. 5547,7.55,,S,0,C,low,80,B,,,D,,
847,8,2,CA. 2343,69.55,,S,15,,,83,D,low,0,C,,
848,0,0,349213,7.8958,,C,5,,low,10,C,unknown,,,medium,
849,0,1,248727,33,,S,81,,,37,,high,46,,,69
850,1,0,17453,89.1042,C92,C,60,D,medium,,D,unknown,,B,,41
851,4,2,347082,31.275,,S,,A,,57,,high,92,A,unknown,70
852,0,0,347060,7.775,,S,,B,medium,0,D,low,86,D,medium,71
853,1,1,2678,15.2458,,C,96,A,,,D,medium,77,,low,52
854,0,1,PC 17592,39.4,D28,S,23,A,low,,,medium,2,B,,
855,1,0,244252,26,,S,,A,,,,low,,,unknown,
856,0,1,392091,9.35,,S,84,,,38,,unknown,43,C,high,15
857,1,1,36928,164.8667,,S,24,A,,,B,unknown,,A,,
858,0,0,113055,26.55,E17,S,,,,30,A,,,A,unknown,95
859,0,3,2666,19.2583,,C,66,A,,29,B,high,29,C,,40
860,0,0,2629,7.2292,,C,80,A,unknown,34,A,high,11,,high,31
861,2,0,350026,14.1083,,S,96,D,high,30,C,high,32,C,medium,79
862,1,0,28134,11.5,,S,92,A,,,C,low,79,B,high,60
863,0,0,17466,25.9292,D17,S,,,medium,4,C,high,,A,unknown,
864,8,2,CA. 2343,69.55,,S,77,A,high,27,C,unknown,,,low,9
865,0,0,233866,13,,S,84,A,,31,B,,59,B,,80
866,0,0,236852,13,,S,69,C,high,,C,high,9,,unknown,
867,1,0,SC/PARIS 2149,13.8583,,C,81,D,,87,D,,,,,
868,0,0,PC 17590,50.4958,A24,S,,C,,67,A,high,15,,,
869,0,0,345777,9.5,,S,,C,high,,B,,26,,,
870,1,1,347742,11.1333,,S,4,A,high,,D,medium,97,,medium,
871,0,0,349248,7.8958,,S,45,D,medium,,,,50,A,low,
872,1,1,11751,52.5542,D35,S,,A,low,90,D,unknown,19,,low,63
873,0,0,695,5,B51 B53 B55,S,11,C,low,45,,low,50,A,low,84
874,0,0,345765,9,,S,12,B,,68,B,medium,7,B,,61
875,1,0,P/PP 3381,24,,C,69,D,medium,38,A,,31,A,unknown,77
876,0,0,2667,7.225,,C,50,B,,49,D,,,D,,34
877,0,0,7534,9.8458,,S,,,,48,,medium,,A,unknown,28
878,0,0,349212,7.8958,,S,74,,,,A,high,89,,,26
879,0,0,349217,7.8958,,S,54,C,medium,,A,low,,A,medium,11
880,0,1,11767,83.1583,C50,C,63,D,high,73,C,medium,65,A,medium,27
881,0,1,230433,26,,S,8,C,,2,D,unknown,70,C,high,24
882,0,0,349257,7.8958,,S,85,,high,13,D,high,55,D,,75
883,0,0,7552,10.5167,,S,,B,low,84,D,unknown,3,A,,
884,0,0,C.A./SOTON 34068,10.5,,S,,C,medium,56,,low,91,A,unknown,
885,0,0,SOTON/OQ 392076,7.05,,S,81,B,,,D,medium,,B,medium,73
886,0,5,382652,29.125,,Q,73,,high,60,D,unknown,65,D,,
887,0,0,211536,13,,S,5,B,,,,,55,A,low,
888,0,0,112053,30,B42,S,19,A,low,89,B,,65,A,unknown,
889,1,2,W./C. 6607,23.45,,S,1,A,,66,D,medium,35,B,high,21
890,0,0,111369,30,C148,C,27,B,,,D,unknown,84,B,unknown,78
891,0,0,370376,7.75,,Q,,D,unknown,,A,medium,22,A,high,3
